audit_id,mapping_id,club_id,entity_id,entity_label,article_date,article_url,source_common_name,source_locations,matched_all_names,sample_rank,query_method,retrieved_at,reviewer,is_true_club_match,exclusion_reason,reviewed_at,review_basis,source_gkg_record_id,source_archive_timestamp
b2c54fed-85d3-5da1-908b-d49409cd6ce0,ANA-current,ANA,Q192751,Anaheim Ducks,2026-02-04,https://newstalkkit.com/ixp/432/p/gauthier-ducks-beat-kraken/,newstalkkit.com,"3#Anaheim, California, United States#US#USCA#CA059#33.8353#-117.915#1652663#7;3#Anaheim, California, United States#US#USCA#CA059#33.8353#-117.915#1652663#91;3#Anaheim, California, United States#US#USCA#CA059#33.8353#-117.915#1652663#478;3#Anaheim, California, United States#US#USCA#CA059#33.8353#-117.915#1652663#775;3#Anaheim, California, United States#US#USCA#CA059#33.8353#-117.915#1652663#1272;3#Anaheim, California, United States#US#USCA#CA059#33.8353#-117.915#1652663#1900;3#Los Angeles, California, United States#US#USCA#CA037#34.0522#-118.244#1662328#2172","Cutter Gauthier,48;Anaheim Ducks,92;Seattle Kraken,120;Alex Killorn,274;Ross Johnston,292;Pacific Division,526;Mason Marchment,711;Jordan Eberle,837;Jared McCann,861;Shane Wright,1011;Chandler Stephenson,1120;Jackson LaCombe,1258;Philipp Grubauer,1514;San Jose,2120;Los Angeles,2215;Edmonton Oilers,2331;Duck Cutter Gauthier,2410;Philipp Grubauer,2442",1,gkg_allnames_exact_validity_aware,2026-08-03T20:42:18Z,Codex manual review,true,,2026-08-03,URL path and GKG AllNames context establish an article-context reference to the registered NHL club,,
1907f94f-bf45-5a2e-9a00-991b402af152,ANA-current,ANA,Q192751,Anaheim Ducks,2026-02-01,https://www.floydct.com/online_features/press_releases/national-inventors-hall-of-fame-announces-wi-fi-and-spanx-innovators-among-2026-class/article_1b509a67-1afc-58f5-b083-989cb286e615.html,floydct.com,"2#California, United States#US#USCA##36.17#-119.746#CA#7759;2#California, United States#US#USCA##36.17#-119.746#CA#7827;4#Alexandria, Al Iskandariyah, Egypt#EG#EG06#61590#31.1981#29.9192#-290263#6477;2#Ohio, United States#US#USOH##40.3736#-82.7755#OH#98;2#Ohio, United States#US#USOH##40.3736#-82.7755#OH#4064;2#New York, United States#US#USNY##42.1497#-74.9384#NY#6132;3#North Canton, Ohio, United States#US#USOH#OH151#40.8759#-81.4023#1065163#76;3#Washington, Washington, United States#US#USDC#DC001#38.8951#-77.0364#531871#6704;2#Virginia, United States#US#USVA##37.768#-78.2057#VA#6495;3#Anaheim, California, United States#US#USCA#CA059#33.8353#-117.915#1652663#7580;1#America#US#US##39.828175#-98.5795#US#549;1#America#US#US##39.828175#-98.5795#US#8009;1#American#US#US##39.828175#-98.5795#US#528;1#American#US#US##39.828175#-98.5795#US#1344;1#American#US#US##39.828175#-98.5795#US#6058;1#American#US#US##39.828175#-98.5795#US#8361;1#United States#US#US##39.828175#-98.5795#US#91;1#United States#US#US##39.828175#-98.5795#US#338;1#United States#US#US##39.828175#-98.5795#US#6719;1#United States#US#US##39.828175#-98.5795#US#7595;1#United States#US#US##39.828175#-98.5795#US#8189","Honoree Contributions,22;Society Are Centerpiece,49;National Inventors Hall,285;United States Patent,360;Trademark Office,381;Greatest Celebration,552;Innovation Agency,603;National Inventors Hall,789;Under Secretary,993;Intellectual Property,1031;Michael Morykwas,1514;Vacuum Assisted,1532;Michael Morykwas,1596;Vacuum Assisted Closure,1632;Gebisa Ejeta,2391;Atheros Communications,2919;Henry Samueli,3165;Broadcom Inc,3352;Rubber-to-Metal Adhesive System,3769;Donald Alstadt,3809;Railroad Passenger Car Improvements,4179;Semiconductor Memory Technology,4594;Cable Ties,5020;Maurus Logan,5070;Irving Porush,5412;Charles Thiel,5430;Metered Dose Inhaler,5453;Irving Porush,5511;Charles Thiel,5529;Lightweight Convector Radiator,5851;Reuben Trane,5901;Greatest Celebration,6358;American Innovation,6381;New York Times,6458;Illumination Ceremony,6736;National Inventors Hall,6767;Fame Museum,6782;Inventors Hall,6987;Fame Induction Ceremony,7014;National Inventors Hall,7289;Monica Jones,7485;Chief Executive Officer,7514;National Inventors Hall,7545;Inventors Hall,7849;Fame Induction Ceremony,7876;Young Inventors Fund,7949;Anaheim Ducks,7966;Fossum Family Young Inventors Fund,8004;Parker Lord,8040;Samueli Foundation,8099;Irvine Samueli School,8163;Los Angeles Samueli,8235;National Inventors Hall,8302;National Inventors Hall,8339;United States Patent,8600;Trademark Office,8621;Inventors Hall,9189;Inventors Hall,9267",2,gkg_allnames_exact_validity_aware,2026-08-03T20:42:18Z,Codex manual review,true,,2026-08-03,URL path and GKG AllNames context establish an article-context reference to the registered NHL club,,
4a012e8d-32b6-5ec2-b38c-aa3b37eb4d1e,ANA-current,ANA,Q192751,Anaheim Ducks,2025-05-03,https://www.yardbarker.com/nhl/articles/anaheim_ducks_begin_interviewing_head_coaches/s1_17076_42136048,yardbarker.com,,"Anaheim Ducks,18;Hockey News,91;Anaheim Ducks,108;Anaheim Ducks,494;Mike Sullivan,942;Mike Sullivan,1019;Pittsburgh Penguins,1102",3,gkg_allnames_exact_validity_aware,2026-08-03T20:42:18Z,Codex manual review,true,,2026-08-03,URL path and GKG AllNames context establish an article-context reference to the registered NHL club,,
4d50d832-c0c4-5b1c-ba80-639754874469,ANA-current,ANA,Q192751,Anaheim Ducks,2026-03-07,http://www.cambodiantimes.com/news/278907690/hot-hurricanes-intent-on-dousing-cold-flames,cambodiantimes.com,"4#Ottawa, Ontario, Canada#CA#CA08#12755#45.4167#-75.7#-570760#2538;1#Canada#CA#CA##60#-96#CA#133;1#Canada#CA#CA##60#-96#CA#2546;2#Utah, United States#US#USUT##40.1135#-111.854#UT#2056;2#Colorado, United States#US#USCO##39.0646#-105.327#CO#1765","Perry Nelson-Imagn Images,45;Eastern Conference-leading Carolina Hurricanes,100;Western Canada,141;Calgary Flames,182;Vancouver Canucks,329;Edmonton Oilers,384;Jackson Blake,538;Jalen Chatfield,1098;Shayne Gostisbehere,1325;Rod Brind'Amour,1522;Nazem Kadri,1893;Colorado Avalanche,1919;Victor Olofsson,1947;Anaheim Ducks,2110;MacKenzie Weegar,2201;Utah Mammoth,2221;Olli Maatta,2286;Craig Conroy,2464;Ottawa Senators,2752;Field Level,3299",4,gkg_allnames_exact_validity_aware,2026-08-03T20:42:18Z,Codex manual review,true,,2026-08-03,URL path and GKG AllNames context establish an article-context reference to the registered NHL club,,
70868b62-cfdd-5b8c-9063-5130e0fa50f2,ANA-current,ANA,Q192751,Anaheim Ducks,2024-12-10,https://infotel.ca/newsitem/hkn-ducks-canadiens/cp1870050884,infotel.ca,"3#Washington, Washington, United States#US#USDC#DC001#38.8951#-77.0364#531871#878;4#Montreal, Quebec, Canada#CA#CA10#12713#45.5#-73.5833#-569541#82;4#Montreal, Quebec, Canada#CA#CA10#12713#45.5#-73.5833#-569541#220;4#Montreal, Quebec, Canada#CA#CA10#12713#45.5#-73.5833#-569541#288;4#Montreal, Quebec, Canada#CA#CA10#12713#45.5#-73.5833#-569541#426;4#Montreal, Quebec, Canada#CA#CA10#12713#45.5#-73.5833#-569541#507;4#Montreal, Quebec, Canada#CA#CA10#12713#45.5#-73.5833#-569541#593;4#Montreal, Quebec, Canada#CA#CA10#12713#45.5#-73.5833#-569541#746;4#Montreal, Quebec, Canada#CA#CA10#12713#45.5#-73.5833#-569541#1818;4#Montreal, Quebec, Canada#CA#CA10#12713#45.5#-73.5833#-569541#2493;1#Canadian#CA#CA##60#-96#CA#255;1#Canadian#CA#CA##60#-96#CA#461;1#Canadian#CA#CA##60#-96#CA#2648","Canadien Patrik Laine,126;Anaheim Ducks,160;Lukas Dostal,184;Christinne Muschi,309;Montreal Canadien Patrik Laine,342;Anaheim Ducks,376;Lukas Dostal,400;Montreal Canadiens,646;Anaheim Ducks,685;Kirby Dach,739;Washington Capitals,941;Lukas Dostal,1440;New York Rangers,1602;Urho Vaakanainen,1655;Cam Fowler,1747;Juraj Slafkovsky,2103;Lane Hutson,2388;Chris Chelios,2542;Glen Harmon,2558;Ottawa Senators,2644;Pittsburgh Penguins,2701;Canadian Press,2749",5,gkg_allnames_exact_validity_aware,2026-08-03T20:42:18Z,Codex manual review,true,,2026-08-03,URL path and GKG AllNames context establish an article-context reference to the registered NHL club,,
59009e59-64f2-5672-aab4-d43f95727903,ARI-2023-24,ARI,Q206312,Arizona Coyotes,2024-01-01,https://www.nhl.com/news/world-junior-championship-quarterfinals-preview,nhl.com,"1#Sweden#SW#SW##62#15#SW#1024;1#Sweden#SW#SW##62#15#SW#2422;1#Sweden#SW#SW##62#15#SW#4150;1#Sweden#SW#SW##62#15#SW#4190;1#Sweden#SW#SW##62#15#SW#4876;1#Switzerland#SZ#SZ##47#8#SZ#4166;1#Switzerland#SZ#SZ##47#8#SZ#4806;1#Switzerland#SZ#SZ##47#8#SZ#5047;1#United States#US#US##39.828175#-98.5795#US#342;1#United States#US#US##39.828175#-98.5795#US#2946;4#Quebec, Quebec, Canada#CA#CA10#12750#47.5#-72#-571850#2216;4#Kraken, Vasterbotten, Sweden#SW#SW23#26212#63.4833#19.7333#-2496151#2414;1#Finland#FI#FI##64#26#FI#210;1#Finland#FI#FI##64#26#FI#958;1#Finland#FI#FI##64#26#FI#1247;1#Finland#FI#FI##64#26#FI#1332;1#Finland#FI#FI##64#26#FI#4282;1#Latvia#LG#LG##57#25#LG#2957;1#Latvia#LG#LG##57#25#LG#3949;1#Canada#CA#CA##60#-96#CA#1353;1#Canada#CA#CA##60#-96#CA#1389;1#Canada#CA#CA##60#-96#CA#1859;1#Canada#CA#CA##60#-96#CA#2004;1#Canada#CA#CA##60#-96#CA#2224;1#Canada#CA#CA##60#-96#CA#2610;1#Czechia#EZ#EZ##49.75#15#EZ#1365;1#Czechia#EZ#EZ##49.75#15#EZ#2532;1#Czechia#EZ#EZ##49.75#15#EZ#2729;1#Germany#GM#GM##51.5#10.5#GM#1682","Junior Championship,34;World Juniors,281;United States,363;Ivan Fenes,436;Adam Gajan,475;Chicago Blackhawks,497;Servac Petrovsky,782;Minnesota Wild,800;Noa Vali,1175;Niklas Kokko,1324;Carolina Hurricanes,1347;Kasper Halttunen,1368;San Jose Sharks,1387;Connor Bedard,1665;Macklin Celebrini,1740;Matthew Poitras,2139;Boston Bruins,2156;Montreal Canadiens,2354;Jordan Dumais,2467;Columbus Blue Jackets,2492;Quebec Maritimes Junior Hockey League,2558;Jagger Firkus,2722;Seattle Kraken,2740;Buffalo Sabres,3000;Michael Hrabal,3137;Arizona Coyotes,3156;Columbus Blue Jackets,3532;Isaac Howard,3647;Tampa Bay Lightning,3670;Frank Nazar,3689;Chicago Blackhawks,3711;Jimmy Snuggerud,3849;Louis Blues,3868;Rutger McGroarty,4023;Winnipeg Jets,4040;Cutter Gauthier,4079;Philadelphia Flyers,4102;David Carle,4248;Florida Panthers,4567;Filip Bystedt,4900;San Jose Sharks,4919",1,gkg_allnames_exact_validity_aware,2026-08-03T20:42:18Z,Codex manual review,true,,2026-08-03,URL path and GKG AllNames context establish an article-context reference to the registered NHL club,,
1ac58c47-34e2-5131-9ce4-ac1e64f4a71c,ARI-2023-24,ARI,Q206312,Arizona Coyotes,2024-04-04,https://www.nsnews.com/highlights/i-watched-this-game-quinn-hughes-captains-canucks-past-coyotes-8550721,nsnews.com,"3#Sonoran Desert, Arizona, United States#US#USAZ#AZ013#32.9167#-112.667#42810#8328;1#United Kingdom#UK#UK##54#-4#UK#3383;2#Arizona, United States#US#USAZ##33.7712#-111.388#AZ#11;2#Arizona, United States#US#USAZ##33.7712#-111.388#AZ#777","Arizona Coyotes,20;Nashville Predators,142;Eastern Conference-leading New York Rangers,245;Columbus Blue,415;Rick Tocchet,534;Arturs Silovs,1645;Conor Garland,2870;Pius Suter,3399;United Kingdom,3606;Juwanna Mann,4825;Quinn Hughes,5160;Connor Ingram,5193;Conor Garland,5214;Dakota Joshua,5707;Conor Garland,5748;Elias Pettersson,5810;Brock Boeser,5832;Tyler Myers,6054;Dylan Guenther,6134;Elias Pettersson,6342;Michael Kesselring,7139;Brock Boeser,7859;Teddy Blueger,7943;Sir Mix-A-Lot,8122;Alex Kerfoot,8338;Nikita Zadorov,8368;Quinn Hughes,8564;Sonoran Desert,8872;Conor Garland,8987;Edmonton Oilers,9135;Vegas Golden,9304;Golden Knights,9380",2,gkg_allnames_exact_validity_aware,2026-08-03T20:42:18Z,Codex manual review,true,,2026-08-03,URL path and GKG AllNames context establish an article-context reference to the registered NHL club,,
34c8cace-e039-5a99-a930-622432daecdf,ARI-2023-24,ARI,Q206312,Arizona Coyotes,2024-06-21,https://www.denverpost.com/2024/06/20/avalanche-preseason-schedule-utah-dallas/,denverpost.com,"3#West Valley City, Utah, United States#US#USUT#UT035#40.6916#-112.001#1437843#662;3#Salt Lake City, Utah, United States#US#USUT#UT035#40.7608#-111.891#1454997#397;3#Salt Lake City, Utah, United States#US#USUT#UT035#40.7608#-111.891#1454997#714;2#Utah, United States#US#USUT##40.1135#-111.854#UT#41;2#Utah, United States#US#USUT##40.1135#-111.854#UT#269;2#Utah, United States#US#USUT##40.1135#-111.854#UT#332;2#Utah, United States#US#USUT##40.1135#-111.854#UT#447;2#Utah, United States#US#USUT##40.1135#-111.854#UT#573;2#Utah, United States#US#USUT##40.1135#-111.854#UT#756;2#Utah, United States#US#USUT##40.1135#-111.854#UT#811;2#Utah, United States#US#USUT##40.1135#-111.854#UT#967;2#Colorado, United States#US#USCO##39.0646#-105.327#CO#12;2#Colorado, United States#US#USCO##39.0646#-105.327#CO#145;2#Colorado, United States#US#USCO##39.0646#-105.327#CO#893;2#Arizona, United States#US#USAZ##33.7712#-111.388#AZ#355;3#Dallas, Texas, United States#US#USTX#TX113#32.7831#-96.8067#1380944#282;3#Dallas, Texas, United States#US#USTX#TX113#32.7831#-96.8067#1380944#936","Colorado Avalanche,23;Dallas Stars,299;Vegas Golden,316;Arizona Coyotes,364;Salt Lake,396;Utah Hockey Club,448;Maverik Center,651;West Valley City,671;Salt Lake,706;Utah Grizzlies,749;Delta Center,843;Ball Arena,996",3,gkg_allnames_exact_validity_aware,2026-08-03T20:42:18Z,Codex manual review,true,,2026-08-03,URL path and GKG AllNames context establish an article-context reference to the registered NHL club,,
53abea1e-1c7a-55a0-b30f-343df9a6b86b,ARI-2023-24,ARI,Q206312,Arizona Coyotes,2023-12-14,https://www.nhl.com/news/on-campus-macklin-celebrini-tops-ncaa-players-to-watch-at-2024-wjc,nhl.com,"1#Sweden#SW#SW##62#15#SW#81;1#Sweden#SW#SW##62#15#SW#90;1#Sweden#SW#SW##62#15#SW#4734;1#United States#US#US##39.828175#-98.5795#US#234;1#United States#US#US##39.828175#-98.5795#US#685;1#United States#US#US##39.828175#-98.5795#US#914;1#United States#US#US##39.828175#-98.5795#US#1193;1#United States#US#US##39.828175#-98.5795#US#1247;1#United States#US#US##39.828175#-98.5795#US#1545;1#United States#US#US##39.828175#-98.5795#US#1942;1#United States#US#US##39.828175#-98.5795#US#2115;1#United States#US#US##39.828175#-98.5795#US#2351;1#United States#US#US##39.828175#-98.5795#US#2623;1#United States#US#US##39.828175#-98.5795#US#2856;1#United States#US#US##39.828175#-98.5795#US#2917;1#United States#US#US##39.828175#-98.5795#US#3649;1#United States#US#US##39.828175#-98.5795#US#3762;1#United States#US#US##39.828175#-98.5795#US#3972;1#United States#US#US##39.828175#-98.5795#US#4072;1#United States#US#US##39.828175#-98.5795#US#4783;3#University Of Massachusetts, Massachusetts, United States#US#USMA#MA015#42.389#-72.5287#601175#2608;4#Gothenburg, Vastra Gotalands Lan, Sweden#SW#SW28#26247#57.7167#11.9667#-2482986#73;2#Arizona, United States#US#USAZ##33.7712#-111.388#AZ#2771;1#Czechia#EZ#EZ##49.75#15#EZ#2434;1#Czechia#EZ#EZ##49.75#15#EZ#2646;3#Boston University, Massachusetts, United States#US#USMA#MA025#42.334#-71.1048#1971024#899;3#Boston University, Massachusetts, United States#US#USMA#MA025#42.334#-71.1048#1971024#2902;3#Boston University, Massachusetts, United States#US#USMA#MA025#42.334#-71.1048#1971024#4768;1#Latvia#LG#LG##57#25#LG#3301;2#Michigan, United States#US#USMI##43.3504#-84.5603#MI#615;2#Michigan, United States#US#USMI##43.3504#-84.5603#MI#1430;2#Michigan, United States#US#USMI##43.3504#-84.5603#MI#4464;3#Boston College, Massachusetts, United States#US#USMA#MA017#42.3357#-71.1712#600858#2100;3#Boston College, Massachusetts, United States#US#USMA#MA017#42.3357#-71.1712#600858#3747;3#Philadelphia, Pennsylvania, United States#US#USPA#PA101#39.9523#-75.1638#1209052#2336;2#Massachusetts, United States#US#USMA##42.2373#-71.5314#MA#2608;2#Massachusetts, United States#US#USMA##42.2373#-71.5314#MA#3533;3#Detroit, Michigan, United States#US#USMI#MI163#42.3314#-83.0458#1617959#1530;1#Canada#CA#CA##60#-96#CA#451;1#Canada#CA#CA##60#-96#CA#653;1#Canada#CA#CA##60#-96#CA#994;1#Canada#CA#CA##60#-96#CA#1209;1#Canada#CA#CA##60#-96#CA#1644;1#Canadian#CA#CA##60#-96#CA#491","Junior Championship,57;United States,249;Canadian Hockey League,523;United States,709;Columbus Blue Jackets,784;Boston University,928;Macklin Celebrini,963;United States,1211;United States,1271;Michigan State,1489;Detroit Red Wings,1612;United States,2031;Boston College,2215;Philadelphia Flyers,2487;Arizona Coyotes,2956;Boston University,3094;Hockey East,3311;Hobey Baker Award,3401;Montreal Canadiens,3468;Boston Bruins,3852;Boston College,4046;New York Rangers,4189;United States,4387;Louis Blues,4683;Michigan State,4841;Buffalo Sabres,5038;Boston University,5173;Vancouver Canucks,5341",4,gkg_allnames_exact_validity_aware,2026-08-03T20:42:18Z,Codex manual review,true,,2026-08-03,URL path and GKG AllNames context establish an article-context reference to the registered NHL club,,
6ca0e672-6f42-565c-ac97-b541787ef280,ARI-2023-24,ARI,Q206312,Arizona Coyotes,2024-05-31,https://www.startribune.com/facing-insurmountable-odds-the-timberwolves-finally-fell-apart-vs-dallas/600369908/,startribune.com,"1#American#US#US##39.828175#-98.5795#US#898;2#Arizona, United States#US#USAZ##33.7712#-111.388#AZ#1051;2#Arizona, United States#US#USAZ##33.7712#-111.388#AZ#1211;3#Dallas, Texas, United States#US#USTX#TX113#32.7831#-96.8067#1380944#213;3#Dallas, Texas, United States#US#USTX#TX113#32.7831#-96.8067#1380944#674;3#Dallas, Texas, United States#US#USTX#TX113#32.7831#-96.8067#1380944#2168;3#Dallas, Texas, United States#US#USTX#TX113#32.7831#-96.8067#1380944#2644;3#Dallas, Texas, United States#US#USTX#TX113#32.7831#-96.8067#1380944#3055;3#Dallas, Texas, United States#US#USTX#TX113#32.7831#-96.8067#1380944#4161;3#Chicago, Illinois, United States#US#USIL#IL031#41.85#-87.6501#423587#1458;3#North Loop, Texas, United States#US#USTX#TX029#29.528#-98.4595#1342773#6425;3#Boston, Massachusetts, United States#US#USMA#MA025#42.3584#-71.0598#617565#460;3#Boston, Massachusetts, United States#US#USMA#MA025#42.3584#-71.0598#617565#1978;3#Boston, Massachusetts, United States#US#USMA#MA025#42.3584#-71.0598#617565#5898;2#Utah, United States#US#USUT##40.1135#-111.854#UT#1074;3#Miami, Florida, United States#US#USFL#FL086#25.7743#-80.1937#295004#395;3#Miami, Florida, United States#US#USFL#FL086#25.7743#-80.1937#295004#1367;2#Minnesota, United States#US#USMN##45.7326#-93.9196#MN#1099;2#Minnesota, United States#US#USMN##45.7326#-93.9196#MN#1496;3#Phoenix, Arizona, United States#US#USAZ#AZ013#33.4484#-112.074#44784#1153;2#New York, United States#US#USNY##42.1497#-74.9384#NY#1348","Western Conference,274;Target Center,298;Eastern Conference,356;North American,878;Major League Baseball,944;Arizona Coyotes,1050;Arizona Diamondbacks,1214;World Series,1239;Red Wings,1260;Stanley Cup,1280;New York,1342;Miami Heat,1364;World Series,1427;Minnesota Lynx,1473;Jason Kidd,1798;Kyrie Irving,2017;Karl-Anthony Towns,2073;Anthony Edwards,2093;Chris Finch,2345;Jaden McDaniels,2737;Kyrie Irving,2753;Mike Conley,3715;Mike Conley,3772;Dereck Lively,4077;Jason Kidd,4174;Rapper Snoop Dogg,4716;Jimmy Jam Harris,4765;Kevin Garnett,5123;Target Center,5299;Young Wolves',5392;Famer Garnett,5446;Michael Jordan,5636;Kobe Bryant,5773;LeBron James,5791;Matt Barnes,6082;Ernie Johnson,6426;North Loop,6502;Western Conference,6587",5,gkg_allnames_exact_validity_aware,2026-08-03T20:42:18Z,Codex manual review,true,,2026-08-03,URL path and GKG AllNames context establish an article-context reference to the registered NHL club,,
9af277f4-74a1-51a5-aa82-fff08eb2e825,BOS-current,BOS,Q194121,Boston Bruins,2024-10-09,https://www.sss.fi/2024/10/seattlen-eeli-tolvanen-osui-avausottelussa-penkin-takana-tehtiin-nhl-historiaa-floridassa-suomalaishyokkaajat-pisteille/,sss.fi,"2#Florida, United States#US#USFL##27.8333#-81.717#FL#58;2#Florida, United States#US#USFL##27.8333#-81.717#FL#1606;2#Florida, United States#US#USFL##27.8333#-81.717#FL#1713;2#Florida, United States#US#USFL##27.8333#-81.717#FL#1779;2#Florida, United States#US#USFL##27.8333#-81.717#FL#1846;2#Florida, United States#US#USFL##27.8333#-81.717#FL#1911;2#Florida, United States#US#USFL##27.8333#-81.717#FL#1959;1#Jordan#JO#JO##31#36#JO#553;3#Boston, Massachusetts, United States#US#USMA#MA025#42.3584#-71.0598#617565#1634;3#Boston, Massachusetts, United States#US#USMA#MA025#42.3584#-71.0598#617565#2020;1#Canadian#CA#CA##60#-96#CA#1210;1#German#GM#GM##51.5#10.5#GM#1293;1#German#GM#GM##51.5#10.5#GM#1328;1#German#GM#GM##51.5#10.5#GM#1370;1#German#GM#GM##51.5#10.5#GM#1471;1#Finnish#FI#FI##64#26#FI#705;1#Finland#FI#FI##64#26#FI#1427","Press Photo,165;Nhl In The Past Eli,189;Louis Blues,252;Finnish Kasper Kapanen,771;Memento In German,1458;Religion Soderholm,1610;Boston Reading,1738;Stanley Cup Crown,1848;Florida John,1943;Nicotine Mikkola,2103;Boston Bruins,2132;Per Million Backwoods Backwoods,2189;Shinny Hockey Point,2261;Chicago Blackhawks,2290;Jazz Lauri Markkanen,2409",1,gkg_allnames_exact_validity_aware,2026-08-03T20:42:18Z,Codex manual review,true,,2026-08-03,URL path and GKG AllNames context establish an article-context reference to the registered NHL club,,
6a5b4954-a385-5aac-b8d9-fb0e20accc83,BOS-current,BOS,Q194121,Boston Bruins,2025-06-03,https://www.local10.com/news/local/2025/06/03/with-stanley-cup-in-sight-marchand-finds-his-place-with-panthers/,local10.com,"2#Florida, United States#US#USFL##27.8333#-81.717#FL#28;2#Florida, United States#US#USFL##27.8333#-81.717#FL#529;2#Florida, United States#US#USFL##27.8333#-81.717#FL#828","Florida Panthers,33;Stanley Cup,121;Media Day,147;Rogers Place,174;Stanley Cup Final,316;Brad Marchand,451;Paul Maurice,679;Stanley Cup,778;Boston Bruins,801;For Edmonton,1697",2,gkg_allnames_exact_validity_aware,2026-08-03T20:42:18Z,Codex manual review,true,,2026-08-03,URL path and GKG AllNames context establish an article-context reference to the registered NHL club,,
ce0f53a2-2a16-5a29-9f97-18279d5f602d,BOS-current,BOS,Q194121,Boston Bruins,2023-10-30,https://nesn.com/2023/10/va-hero-of-the-week-david-pastranak-keeps-racking-up-goals/,nesn.com,,"David Pastrnak,15;Detroit Red,222;Boston Bruins,248",3,gkg_allnames_exact_validity_aware,2026-08-03T20:42:18Z,Codex manual review,true,,2026-08-03,URL path and GKG AllNames context establish an article-context reference to the registered NHL club,,
e088997a-60d9-5421-bfa9-2df357851606,BOS-current,BOS,Q194121,Boston Bruins,2024-05-11,https://www.ess.fi/uutissuomalainen/6759377,ess.fi,"1#United Kingdom#UK#UK##54#-4#UK#4488;1#Swedish#SW#SW##62#15#SW#2410;2#Florida, United States#US#USFL##27.8333#-81.717#FL#4508;2#Florida, United States#US#USFL##27.8333#-81.717#FL#4574;2#Florida, United States#US#USFL##27.8333#-81.717#FL#4813;2#Florida, United States#US#USFL##27.8333#-81.717#FL#4839;2#Florida, United States#US#USFL##27.8333#-81.717#FL#4900;2#Florida, United States#US#USFL##27.8333#-81.717#FL#4973;1#Finland#FI#FI##64#26#FI#738;1#Finland#FI#FI##64#26#FI#1130;1#Finland#FI#FI##64#26#FI#2041;1#Finland#FI#FI##64#26#FI#2294;1#Finland#FI#FI##64#26#FI#3854;1#Finland#FI#FI##64#26#FI#4104;1#Finland#FI#FI##64#26#FI#4267;1#Finland#FI#FI##64#26#FI#4373;1#Sweden#SW#SW##62#15#SW#3992;4#Uusimaa, Uusimaa Region, Finland#FI#FI35#16230#60.3667#25.0667#-1390305#1121;1#South Africa#SF#SF##-30#26#SF#4007;1#Switzerland#SZ#SZ##47#8#SZ#431;3#Boston, Massachusetts, United States#US#USMA#MA025#42.3584#-71.0598#617565#4515;3#Boston, Massachusetts, United States#US#USMA#MA025#42.3584#-71.0598#617565#4585;3#Boston, Massachusetts, United States#US#USMA#MA025#42.3584#-71.0598#617565#4694;3#Boston, Massachusetts, United States#US#USMA#MA025#42.3584#-71.0598#617565#4739;1#Czech#EZ#EZ##49.75#15#EZ#4047;1#Czech#EZ#EZ##49.75#15#EZ#4087;1#Czech#EZ#EZ##49.75#15#EZ#4228;4#Prague, Praha, HlavníEsto, Czech Republic#EZ#EZ52#14865#50.0833#14.4667#-553173#4040;4#Prague, Praha, HlavníEsto, Czech Republic#EZ#EZ52#14865#50.0833#14.4667#-553173#4221;4#Gaza, Israel (General), Israel#IS#IS00#18315#31.4167#34.3333#-797156#299;4#Gaza, Israel (General), Israel#IS#IS00#18315#31.4167#34.3333#-797156#2662;4#Gaza, Israel (General), Israel#IS#IS00#18315#31.4167#34.3333#-797156#3149;1#Israel#IS#IS##31.5#34.75#IS#260;1#Israel#IS#IS##31.5#34.75#IS#307;1#Israel#IS#IS##31.5#34.75#IS#362;1#Israel#IS#IS##31.5#34.75#IS#462;1#Israel#IS#IS##31.5#34.75#IS#2531;1#Israel#IS#IS##31.5#34.75#IS#2635;1#Israel#IS#IS##31.5#34.75#IS#2670;1#Israel#IS#IS##31.5#34.75#IS#2858;1#Israel#IS#IS##31.5#34.75#IS#3157;1#Finnish#FI#FI##64#26#FI#74;1#Finnish#FI#FI##64#26#FI#532;1#Finnish#FI#FI##64#26#FI#4307;1#Croatia#HR#HR##45.166667#15.5#HR#417;1#Ukraine#UP#UP##49#32#UP#441","Exceptional Eurovision,112;Exceptional Eurovision Song Contest,178;Addition Israel,472;Martha Association,611;That'S Why,823;West Uusimaa Rescue Department,1174;Rescue Department,1215;Also Friday,1456;Association Cochlear,1725;Cochlear Pearl,1867;It'S Cochlear,1892;General Assembly,2053;General Assembly,2136;President Alexander Stubb,2409;Security Council,3199;Security Council,3316;Security Council,3494;Saturday Finland,3967;South Africa,4124;Finland World Cup,4219;Solution To The Paint Prague,4328;Roman Cervenka,4348;Yucca Jalonen,4426;Lions Point,4546;United Kingdom,4588;Florida Boston Barkov,4623;Journal Florida,4667;Boston Bruins,4685;Florida Barkov,4904;Florida Leads,5049;Follow-Up Location,5092",4,gkg_allnames_exact_validity_aware,2026-08-03T20:42:18Z,Codex manual review,false,unrelated Eurovision article; Boston Bruins entity is publisher-page contamination,2026-08-03,URL subject and GKG context show the extracted club name is outside the article's substantive context,,
5320cffb-bee2-514c-9c07-d907b4e00aea,BOS-current,BOS,Q194121,Boston Bruins,2025-10-20,https://www.1075thegame.com/2025/10/19/mammoths-dylan-guenther-provides-winning-edge-over-bruins/,1075thegame.com,"3#Boston, Massachusetts, United States#US#USMA#MA025#42.3584#-71.0598#617565#116;3#Boston, Massachusetts, United States#US#USMA#MA025#42.3584#-71.0598#617565#609;3#Boston, Massachusetts, United States#US#USMA#MA025#42.3584#-71.0598#617565#756;3#Boston, Massachusetts, United States#US#USMA#MA025#42.3584#-71.0598#617565#1013;3#Boston, Massachusetts, United States#US#USMA#MA025#42.3584#-71.0598#617565#1147;3#Boston, Massachusetts, United States#US#USMA#MA025#42.3584#-71.0598#617565#2095;3#Boston, Massachusetts, United States#US#USMA#MA025#42.3584#-71.0598#617565#2368;2#Utah, United States#US#USUT##40.1135#-111.854#UT#75;2#Utah, United States#US#USUT##40.1135#-111.854#UT#301;2#Utah, United States#US#USUT##40.1135#-111.854#UT#549;2#Utah, United States#US#USUT##40.1135#-111.854#UT#1103;2#Utah, United States#US#USUT##40.1135#-111.854#UT#1323;2#Utah, United States#US#USUT##40.1135#-111.854#UT#1719;2#Utah, United States#US#USUT##40.1135#-111.854#UT#2474;3#Salt Lake City, Utah, United States#US#USUT#UT035#40.7608#-111.891#1454997#172","Dylan Guenther,15;Utah Mammoth,88;Boston Bruins,136;Salt Lake,165;Logan Cooley,230;Nick Schmaltz,260;Marat Khusnutdinov,641;Ray Bourque,794;Michael Carcone,996;Andrew Peeke,1056;San Jose,1469;Ian Cole,1486;Charlie McAvoy,1970;Pavel Zacha,2020;Fraser Minten,2517;Tanner Jeannot,2561",5,gkg_allnames_exact_validity_aware,2026-08-03T20:42:18Z,Codex manual review,true,,2026-08-03,URL path and GKG AllNames context establish an article-context reference to the registered NHL club,,
2b7ea3fa-9139-56f6-87e9-238554606d66,BUF-current,BUF,Q131206,Buffalo Sabres,2023-12-20,https://news.yahoo.com/focus-falls-sabres-coach-don-065721005.html,yahoo.com,"4#Ottawa, Ontario, Canada#CA#CA08#12755#45.4167#-75.7#-570760#3286;2#Minnesota, United States#US#USMN##45.7326#-93.9196#MN#3251;4#Toronto, Ontario, Canada#CA#CA08#12686#43.6667#-79.4167#-574890#3807","Buffalo Sabres,67;Rasmus Dahlin,182;Don Granato,340;Columbus Blue Jackets,393;Eastern Conference,629;Kyle Okposo,955;Tage Thompson,1748;Devon Levi,3077;Kevyn Adams,3441;Toronto Maple Leafs,4112",1,gkg_allnames_exact_validity_aware,2026-08-03T20:42:18Z,Codex manual review,true,,2026-08-03,URL path and GKG AllNames context establish an article-context reference to the registered NHL club,,
ed100e76-f6f3-5d93-aea1-b4c5bfc7b412,BUF-current,BUF,Q131206,Buffalo Sabres,2023-11-20,https://www.theusnews.com/news/274038993/rasmus-dahlin-part-of-all-3-sabres-goals-in-win-over-blackhawks,theusnews.com,"3#Chicago, Illinois, United States#US#USIL#IL031#41.85#-87.6501#423587#146;3#Chicago, Illinois, United States#US#USIL#IL031#41.85#-87.6501#423587#941;3#Chicago, Illinois, United States#US#USIL#IL031#41.85#-87.6501#423587#1838;1#United States#US#US##39.828175#-98.5795#US#161;1#United States#US#US##39.828175#-98.5795#US#956;1#United States#US#US##39.828175#-98.5795#US#1853","Daniel Bartel-United States,47;Buffalo Sabres,132;Chicago Blackhawks,164;Erik Johnson,213;Pekka Luukkonen,305;Taylor Raddysh,384;Petr Mrazek,417;Zach Benson,594;Casey Mittelstadt,704;Mattias Samuelsson,1791;Seth Jones,1914;Field Level,2060",2,gkg_allnames_exact_validity_aware,2026-08-03T20:42:18Z,Codex manual review,true,,2026-08-03,URL path and GKG AllNames context establish an article-context reference to the registered NHL club,,
f49bed5e-bbdd-573b-8a57-8176e0814928,BUF-current,BUF,Q131206,Buffalo Sabres,2025-10-16,https://www.joxfm.com/2025/10/16/kraken-carry-season-opening-point-streak-into-ottawa/,joxfm.com,"4#Montreal, Quebec, Canada#CA#CA10#12713#45.5#-73.5833#-569541#527;4#Montreal, Quebec, Canada#CA#CA10#12713#45.5#-73.5833#-569541#1582;4#Montreal, Quebec, Canada#CA#CA10#12713#45.5#-73.5833#-569541#1680;1#Canadians#CA#CA##60#-96#CA#545;4#Ottawa, Ontario, Canada#CA#CA08#12755#45.4167#-75.7#-570760#10;4#Ottawa, Ontario, Canada#CA#CA08#12755#45.4167#-75.7#-570760#133;4#Ottawa, Ontario, Canada#CA#CA08#12755#45.4167#-75.7#-570760#906;4#Ottawa, Ontario, Canada#CA#CA08#12755#45.4167#-75.7#-570760#1379;4#Ottawa, Ontario, Canada#CA#CA08#12755#45.4167#-75.7#-570760#2789","Ottawa Senators,20;Seattle Kraken,99;Buffalo Sabres,236;Montreal Canadians,553;Thomas Chabot,979;Jordan Spence,1257;Leevi Merilainen,1301;Drake Batherson,1488;Cole Caufield,1846;Lane Lambert,1979;Vince Dunn,2449;Ryan Lindgren,2570;Frederick Gaudreau,2593",3,gkg_allnames_exact_validity_aware,2026-08-03T20:42:18Z,Codex manual review,true,,2026-08-03,URL path and GKG AllNames context establish an article-context reference to the registered NHL club,,
15378386-57aa-5532-9712-5adfc94869b1,BUF-current,BUF,Q131206,Buffalo Sabres,2025-09-04,https://people.com/all-about-jessica-pegula-husband-taylor-gahagen-11801572,people.com,"3#Fredonia, New York, United States#US#USNY#NY013#42.4401#-79.3317#950652#1569;3#Fredonia, New York, United States#US#USNY#NY013#42.4401#-79.3317#950652#1837;4#Prague, Praha, HlavníEsto, Czech Republic#EZ#EZ52#14865#50.0833#14.4667#-553173#4108;3#State University Of New York At Fredonia, New York, United States#US#USNY#NY013#42.4509#-79.3362#966300#1569;2#New York, United States#US#USNY##42.1497#-74.9384#NY#1384;2#New York, United States#US#USNY##42.1497#-74.9384#NY#1557;2#New York, United States#US#USNY##42.1497#-74.9384#NY#1745;2#New York, United States#US#USNY##42.1497#-74.9384#NY#3892;1#Costa Rica#CS#CS##10#-84#CS#4802;1#Costa Rica#CS#CS##10#-84#CS#4990;3#Williamsville, New York, United States#US#USNY#NY029#42.9639#-78.7378#971319#1429;3#Williamsville, New York, United States#US#USNY#NY029#42.9639#-78.7378#971319#1485","Jessica Pegula,15;Buffalo Bills,373;Kim Pegula,401;Jessica Pegula,1351;Taylor Gahagen,1407;New York,1492;Williamsville North High School,1604;State University,1634;New York,1646;Rob Gronkowski,1759;New York,1810;Canisius University,2251;Pegula Sports,2389;Pegula Sports,2462;Pegula Sports,2678;Black River Entertainment,2732;Buffalo Sabres,3062;Dragos Capital,3701;New York City,4070;Biltmore Estate,4749;Jennifer Brady,4921;Asia Muhammad,4940;Taylor Townsend,4961;Costa Rica,5019;Costa Rica,5217;Lending Paw,6324",4,gkg_allnames_exact_validity_aware,2026-08-03T20:42:18Z,Codex manual review,true,,2026-08-03,URL path and GKG AllNames context establish an article-context reference to the registered NHL club,,
08341870-ad15-5e77-9f15-15a60b96c84c,BUF-current,BUF,Q131206,Buffalo Sabres,2025-10-21,https://sabrenoise.com/alex-tuch-linked-to-toronto-maple-leafs-amid-buffalo-sabres-contract-talks-01k83gf0bngw,sabrenoise.com,"3#Syracuse, New York, United States#US#USNY#NY067#43.0481#-76.1474#966966#1549;4#Toronto, Ontario, Canada#CA#CA08#12686#43.6667#-79.4167#-574890#206;4#Toronto, Ontario, Canada#CA#CA08#12686#43.6667#-79.4167#-574890#966;3#Los Angeles, California, United States#US#USCA#CA037#34.0522#-118.244#1662328#813;2#New York, United States#US#USNY##42.1497#-74.9384#NY#845;2#New York, United States#US#USNY##42.1497#-74.9384#NY#1378;4#Winnipeg, Manitoba, Canada#CA#CA03#12577#49.8833#-97.1667#-576096#864;1#American#US#US##39.828175#-98.5795#US#1105","Buffalo Sabres,19;Alex Tuch,186;Toronto Maple Leafs,223;Stanley Cup,240;Bleacher Report,306;Irfaan Gaffar,609;David Pagnotta,628;Fourth Period,649;Edmonton Oilers,826;Los Angeles Kings,849;New York Rangers,871;Winnipeg Jets,889;Alex Tuch,962;Toronto Maple Leafs,989;Buffalo Sabres,1041;North American,1109;Western New,1394;Kevyn Adams,1456;Buffalo Sabre,1777;Terry Pegula,1945;Maple Leafs,2955",5,gkg_allnames_exact_validity_aware,2026-08-03T20:42:18Z,Codex manual review,true,,2026-08-03,URL path and GKG AllNames context establish an article-context reference to the registered NHL club,,
f3609e57-7bac-5a72-8cd3-053ab2d2dc5e,CAR-current,CAR,Q201857,Carolina Hurricanes,2026-02-10,https://www.sprucegroveexaminer.com:443/ottawa-senators/senators-nikolas-matinpalo-olympics,sprucegroveexaminer.com,"1#Italy#IT#IT##42.833333#12.833333#IT#265;1#Italy#IT#IT##42.833333#12.833333#IT#893;1#Italy#IT#IT##42.833333#12.833333#IT#7792;1#Italy#IT#IT##42.833333#12.833333#IT#8244;1#Italy#IT#IT##42.833333#12.833333#IT#8252;1#Italy#IT#IT##42.833333#12.833333#IT#8310;1#Finland#FI#FI##64#26#FI#81;1#Finland#FI#FI##64#26#FI#604;1#Finland#FI#FI##64#26#FI#1325;1#Finland#FI#FI##64#26#FI#2703;1#Finland#FI#FI##64#26#FI#2982;1#Finland#FI#FI##64#26#FI#3611;1#Finland#FI#FI##64#26#FI#4138;1#Finland#FI#FI##64#26#FI#4701;1#Finland#FI#FI##64#26#FI#5332;1#Finland#FI#FI##64#26#FI#5947;1#Finland#FI#FI##64#26#FI#5983;1#Finland#FI#FI##64#26#FI#6259;1#Finland#FI#FI##64#26#FI#6604;1#Finland#FI#FI##64#26#FI#6889;1#Finland#FI#FI##64#26#FI#7203;1#Finland#FI#FI##64#26#FI#7400;1#Finland#FI#FI##64#26#FI#7930;4#Beijing, Beijing, China#CH#CH22#13001#39.9289#116.388#-1898541#7906;3#Dallas, Texas, United States#US#USTX#TX113#32.7831#-96.8067#1380944#6138;1#Finnish#FI#FI##64#26#FI#1452;1#Finnish#FI#FI##64#26#FI#6513;1#Sweden#SW#SW##62#15#SW#7020;1#Sweden#SW#SW##62#15#SW#7212;4#Toronto, Ontario, Canada#CA#CA08#12686#43.6667#-79.4167#-574890#5634;4#Milan, Lombardia, Italy#IT#IT09#18363#45.4667#9.2#-121726#258;4#Milan, Lombardia, Italy#IT#IT09#18363#45.4667#9.2#-121726#886;4#Milan, Lombardia, Italy#IT#IT09#18363#45.4667#9.2#-121726#8176;4#Milan, Lombardia, Italy#IT#IT09#18363#45.4667#9.2#-121726#8237;4#Milan, Lombardia, Italy#IT#IT09#18363#45.4667#9.2#-121726#8303;4#Helsinki, EteläUomen LäI, Finland#FI#FI13#16230#60.1756#24.9342#-1364995#5974;1#United States#US#US##39.828175#-98.5795#US#6153;1#United States#US#US##39.828175#-98.5795#US#8157;1#United States#US#US##39.828175#-98.5795#US#8388;1#United States#US#US##39.828175#-98.5795#US#8608;4#Ottawa, Ontario, Canada#CA#CA08#12755#45.4167#-75.7#-570760#128;4#Ottawa, Ontario, Canada#CA#CA08#12755#45.4167#-75.7#-570760#662;4#Ottawa, Ontario, Canada#CA#CA08#12755#45.4167#-75.7#-570760#796;4#Ottawa, Ontario, Canada#CA#CA08#12755#45.4167#-75.7#-570760#1692;4#Ottawa, Ontario, Canada#CA#CA08#12755#45.4167#-75.7#-570760#1818;4#Ottawa, Ontario, Canada#CA#CA08#12755#45.4167#-75.7#-570760#5421;4#Ottawa, Ontario, Canada#CA#CA08#12755#45.4167#-75.7#-570760#8521;2#Texas, United States#US#USTX##31.106#-97.6475#TX#6210;1#Canada#CA#CA##60#-96#CA#136;1#Canada#CA#CA##60#-96#CA#670;1#Canada#CA#CA##60#-96#CA#804;1#Canada#CA#CA##60#-96#CA#1369;1#Canada#CA#CA##60#-96#CA#1700;1#Canada#CA#CA##60#-96#CA#1826;1#Canada#CA#CA##60#-96#CA#5429;1#Canada#CA#CA##60#-96#CA#5642;1#Canada#CA#CA##60#-96#CA#8453;1#Canada#CA#CA##60#-96#CA#8529","Maybe Senator Nikolas Matinpalo,32;Team Finland,82;Nikolas Matinpalo,514;Canadian Tire Centre,576;Ottawa Senators,710;Jean Levac,749;Ottawa Senators,841;Winter Olympics,905;New Jersey Devils,1020;Lars Eller,1048;Tim Stutzle,1079;Jake Sanderson,1113;United StatesA,1131;Brady Tkachuk,1153;United StatesA,1171;Team Finland,1368;Hockey Night,1406;Ottawa Citizen,1884;Tyler Kleven,2250;Jordan Spence,2268;Travis Green,2326;Nick Jensen,2361;Thomas Chabot,2398;Colorado Avalanche,2594;Carolina Hurricanes,2679;Jere Lehtinen,2866;Nikolas Matinpalo,3101;Minas Panagiotakis,3287;New York Rangers,3746;Urho Vaakanainen,3774;Team Finland,4367;World Championships,5350;World Championships,5672;Toronto Maple,5963;Dallas Stars,6487;Teppo Numminen,6801;Buffalo Sabres,6928;Olympic Games,7280;Boxing Day,7700;Antti Pennanen,7775;Winter Olympics,7913;Team Finland,8373;Team United States,8608;Milano Cortina,8636;Olympic Games,8661;Brady Tkachuk,8749;Team United States,8849;Dylan Larkin,8878;Jake Sanderson,9018;Team United,9055",1,gkg_allnames_exact_validity_aware,2026-08-03T20:42:18Z,Codex manual review,true,,2026-08-03,URL path and GKG AllNames context establish an article-context reference to the registered NHL club,,
c0b6b5e5-8c95-5cab-ab68-da23d6d7f97f,CAR-current,CAR,Q201857,Carolina Hurricanes,2026-01-14,http://www.bignewsnetwork.com/news/278807723/joel-hofer-shuts-out-hurricanes-as-blues-snap-losing-streak,bignewsnetwork.com,,"Joe Puetz-Imagn Images,43;Louis Blues,133;Carolina Hurricanes,174;Dalibor Dvorsky,235;Jimmy Snuggerud,255;Robert Thomas,521;Philip Broberg,579;Jordan Staal,732;Sebastian Aho,1032;Otto Stenberg,1177;Jesperi Kotkaniemi,1364;K'Andre Miller,1652;Sean Walker,1786;Field Level,1946",2,gkg_allnames_exact_validity_aware,2026-08-03T20:42:18Z,Codex manual review,true,,2026-08-03,URL path and GKG AllNames context establish an article-context reference to the registered NHL club,,
dd50ed2a-4938-570b-a376-1de2413412f1,CAR-current,CAR,Q201857,Carolina Hurricanes,2026-03-24,http://www.massachusettssun.com/news/278939965/bruins-search-for-breathing-room-in-standings-vs-scuffling-maple-leafs,massachusettssun.com,"4#Toronto, Ontario, Canada#CA#CA08#12686#43.6667#-79.4167#-574890#264;4#Toronto, Ontario, Canada#CA#CA08#12686#43.6667#-79.4167#-574890#1854;4#Toronto, Ontario, Canada#CA#CA08#12686#43.6667#-79.4167#-574890#2394;4#Toronto, Ontario, Canada#CA#CA08#12686#43.6667#-79.4167#-574890#2824;3#Boston, Massachusetts, United States#US#USMA#MA025#42.3584#-71.0598#617565#133;3#Boston, Massachusetts, United States#US#USMA#MA025#42.3584#-71.0598#617565#294;3#Boston, Massachusetts, United States#US#USMA#MA025#42.3584#-71.0598#617565#1278;3#Boston, Massachusetts, United States#US#USMA#MA025#42.3584#-71.0598#617565#1913;4#Ottawa, Ontario, Canada#CA#CA08#12755#45.4167#-75.7#-570760#1988;4#Ottawa, Ontario, Canada#CA#CA08#12755#45.4167#-75.7#-570760#2192","Brian Fluharty-Imagn Images,47;Boston Bruins,150;Toronto Maple,265;Eastern Conference,349;Detroit Red Wings,418;Elias Lindholm,787;New York Islanders,968;Red Wings,982;Nikita Zadorov,1203;Jeremy Swayman,1229;Marco Sturm,1378;Maple Leafs,1728;New York Rangers,1951;Ottawa Senators,2132;Anthony Stolarz,2377;William Nylander,2408;Carolina Hurricanes,2503;Craig Berube,2715;Easton Cowan,2924;John Tavares,3058;Field Level,3425",3,gkg_allnames_exact_validity_aware,2026-08-03T20:42:18Z,Codex manual review,true,,2026-08-03,URL path and GKG AllNames context establish an article-context reference to the registered NHL club,,
33f6e4bf-1a64-5774-8c8b-5a4f38e07fad,CAR-current,CAR,Q201857,Carolina Hurricanes,2026-01-13,https://www.mlive.com/redwings/2026/01/red-wings-recover-from-disastrous-third-to-win-in-ot.html,mlive.com,,"Detroit Red,88;Sergei Fedorov,126;Red Wings,176;Andrew Copp,244;Carolina Hurricanes,350;Little Caesars,368;Red Wings,390;Eastern Conference,515;Red Wings,667;Red Wings,956;Shayne Gostisbehere,987;Albert Johansson,1187;Red Wings,1216;Red Wings,1471;Red Wings,1662;Boston Bruins,1686",4,gkg_allnames_exact_validity_aware,2026-08-03T20:42:18Z,Codex manual review,true,,2026-08-03,URL path and GKG AllNames context establish an article-context reference to the registered NHL club,,
059e3931-7223-5b58-b3b6-9303803f5631,CAR-current,CAR,Q201857,Carolina Hurricanes,2025-02-05,https://sportsradio957.iheart.com/content/2025-02-05-hurricanes-vs-wild-prediction-picks-february-6/,iheart.com,"2#Minnesota, United States#US#USMN##45.7326#-93.9196#MN#65;2#Minnesota, United States#US#USMN##45.7326#-93.9196#MN#1851;2#Minnesota, United States#US#USMN##45.7326#-93.9196#MN#2042;2#Minnesota, United States#US#USMN##45.7326#-93.9196#MN#2230;2#Minnesota, United States#US#USMN##45.7326#-93.9196#MN#2381;3#Xcel Energy Center, Minnesota, United States#US#USMN#MN123#44.9456#-93.0999#2478076#97","Carolina Hurricanes,24;Minnesota Wild,82;Xcel Energy Center,120;Hockey Night,309",5,gkg_allnames_exact_validity_aware,2026-08-03T20:42:18Z,Codex manual review,true,,2026-08-03,URL path and GKG AllNames context establish an article-context reference to the registered NHL club,,
fda9db11-786e-552e-9538-f9afcf75821f,CBJ-current,CBJ,Q207507,Columbus Blue Jackets,2025-03-02,https://foxwilmington.com/red-wings-star-dylan-larkin-mocks-ohio-stadium-ahead-of-nhl-stadium-series-game-ugliest-stadium/,foxwilmington.com,"3#Ohio Stadium, Ohio, United States#US#USOH#OH049#40.0017#-83.0196#1069810#170;3#Ohio Stadium, Ohio, United States#US#USOH#OH049#40.0017#-83.0196#1069810#751;3#Ohio Stadium, Ohio, United States#US#USOH#OH049#40.0017#-83.0196#1069810#1171;3#Ohio Stadium, Ohio, United States#US#USOH#OH049#40.0017#-83.0196#1069810#1652;3#Ohio Stadium, Ohio, United States#US#USOH#OH049#40.0017#-83.0196#1069810#1805;2#Ohio, United States#US#USOH##40.3736#-82.7755#OH#162;2#Ohio, United States#US#USOH##40.3736#-82.7755#OH#208;2#Ohio, United States#US#USOH##40.3736#-82.7755#OH#488;2#Ohio, United States#US#USOH##40.3736#-82.7755#OH#743;2#Ohio, United States#US#USOH##40.3736#-82.7755#OH#801;2#Ohio, United States#US#USOH##40.3736#-82.7755#OH#1163;2#Ohio, United States#US#USOH##40.3736#-82.7755#OH#1319;2#Ohio, United States#US#USOH##40.3736#-82.7755#OH#1602;2#Ohio, United States#US#USOH##40.3736#-82.7755#OH#1644;2#Ohio, United States#US#USOH##40.3736#-82.7755#OH#1797;2#Ohio, United States#US#USOH##40.3736#-82.7755#OH#1854;2#Michigan, United States#US#USMI##43.3504#-84.5603#MI#299;3#Detroit, Michigan, United States#US#USMI#MI163#42.3314#-83.0458#1617959#80;3#Detroit, Michigan, United States#US#USMI#MI163#42.3314#-83.0458#1617959#610;3#Detroit, Michigan, United States#US#USMI#MI163#42.3314#-83.0458#1617959#1240;3#Detroit, Michigan, United States#US#USMI#MI163#42.3314#-83.0458#1617959#1487;3#Detroit, Michigan, United States#US#USMI#MI163#42.3314#-83.0458#1617959#1764;3#Detroit, Michigan, United States#US#USMI#MI163#42.3314#-83.0458#1617959#2388;3#Columbus, Ohio, United States#US#USOH#OH049#39.9612#-82.9988#1080996#466;3#Columbus, Ohio, United States#US#USOH#OH049#39.9612#-82.9988#1080996#707;3#Columbus, Ohio, United States#US#USOH#OH049#39.9612#-82.9988#1080996#779;3#Columbus, Ohio, United States#US#USOH#OH049#39.9612#-82.9988#1080996#1113;3#Columbus, Ohio, United States#US#USOH#OH049#39.9612#-82.9988#1080996#1297;3#Columbus, Ohio, United States#US#USOH#OH049#39.9612#-82.9988#1080996#1722;3#Columbus, Ohio, United States#US#USOH#OH049#39.9612#-82.9988#1080996#1832","Red Wing,13;Ohio Stadium,156;Ohio State Buckeye,196;Michigan Wolverines,286;Red Wings,437;Stadium Series,523;Detroit Red Wings,603;Columbus Blue Jackets,686;Ohio Stadium,702;Getty Images,786;Red Wings,967;Blue Jackets,984;Eastern Conference,1048;Columbus Blue Jacket,1102;Ohio Stadium,1133;Detroit Red Wings,1195;Blue Jackets,1216;Getty Images,1297;Patrick Kane,1448;Ohio State,1546;Ohio Stadium,1590;Columbus Blue Jackets,1656;Detroit Red Wings,1682;Ohio Stadium,1698;United States Today Network,1792;Imagn Images,1809;Red Wings,2251;Blue Jackets,2318",1,gkg_allnames_exact_validity_aware,2026-08-03T20:42:18Z,Codex manual review,true,,2026-08-03,URL path and GKG AllNames context establish an article-context reference to the registered NHL club,,
d246a74d-47cb-59f9-be25-445fc4442b88,CBJ-current,CBJ,Q207507,Columbus Blue Jackets,2024-04-07,https://wmmbam.iheart.com/content/2024-04-06-lightning-rally-but-fall-to-penguins/,iheart.com,,"Pittsburgh Penguins,24;Tampa Bay Lightning,73;Andrei Vasilevskiy,478;Columbus Blue Jackets,584;Blue Jays,653",2,gkg_allnames_exact_validity_aware,2026-08-03T20:42:18Z,Codex manual review,true,,2026-08-03,URL path and GKG AllNames context establish an article-context reference to the registered NHL club,,
98d0cb17-8adc-5525-8bb7-7c82ac850e71,CBJ-current,CBJ,Q207507,Columbus Blue Jackets,2024-05-20,https://www.bleachernation.com/blackhawks/2024/05/20/graduate-slaggert-levshunovs-coach-talks-boeser-out-worlds-updates-and-other-blackhawks-bullets/,bleachernation.com,"1#Switzerland#SZ#SZ##47#8#SZ#1394;1#Canadian#CA#CA##60#-96#CA#1627;2#Michigan, United States#US#USMI##43.3504#-84.5603#MI#955;1#Canada#CA#CA##60#-96#CA#1377;1#Kazakhstan#KZ#KZ##48#68#KZ#1188;1#United States#US#US##39.828175#-98.5795#US#1168","Scott Powers,930;Mark Lazerus,947;Michigan State,1044;Adam Nightingale,1072;World Championships,1229;United States,1262;Seth Jones,1309;Alex Vlasic,1325;Connor Bedard,1551;Philipp Kurashev,1572;Brock Boeser,1907;Seth Jarvis,2792;Hockey News,3002;Columbus Blue Jackets,3047;Meghan Hunter,3069;Assistant General Manager,3183;Hockey Operations,3206",3,gkg_allnames_exact_validity_aware,2026-08-03T20:42:18Z,Codex manual review,true,,2026-08-03,URL path and GKG AllNames context establish an article-context reference to the registered NHL club,,
8ce29752-3c4d-5473-8fbc-0427bbd4d547,CBJ-current,CBJ,Q207507,Columbus Blue Jackets,2025-10-23,https://www.wgrz.com/article/news/local/fam-foundation-looking-to-send-100-wny-first-responders-to-oct-28-sabres-game/71-221dcd8c-aa4d-4221-adee-524426de0c23,wgrz.com,,"Firefighter Arno Memorial,90;First Responders Day,243;Firefighter Arno Memorial,278;Buffalo Sabres,335;Colten Ellis,439;Red Wings,491;Columbus Blue Jackets,691;Buffalo Sabres,805;Buffalo Bills,833;Highmark Stadium,982",4,gkg_allnames_exact_validity_aware,2026-08-03T20:42:18Z,Codex manual review,true,,2026-08-03,URL path and GKG AllNames context establish an article-context reference to the registered NHL club,,
a4f1fbc2-b646-51cc-9ea2-a131e170252c,CBJ-current,CBJ,Q207507,Columbus Blue Jackets,2025-11-02,http://www.bostonstar.com/news/278669788/hot-goalies-featured-when-blue-jackets-visit-islanders,bostonstar.com,"3#Washington, Washington, United States#US#USDC#DC001#38.8951#-77.0364#531871#678;3#Washington, Washington, United States#US#USDC#DC001#38.8951#-77.0364#531871#1608;3#Philadelphia, Pennsylvania, United States#US#USPA#PA101#39.9523#-75.1638#1209052#2773;3#Elmont, New York, United States#US#USNY#NY059#40.7009#-73.7129#949582#403;2#New York, United States#US#USNY##42.1497#-74.9384#NY#140;2#New York, United States#US#USNY##42.1497#-74.9384#NY#2719;2#Colorado, United States#US#USCO##39.0646#-105.327#CO#2549","Geoff Burke-Imagn Images,44;New York,148;Columbus Blue Jackets,186;Blue Jackets,298;Blue Jackets,441;Jet Greaves,511;Elvis Merzlikins,747;Blue Jackets,855;Blue Jackets,1307;Blue Jackets,1499;Dean Evason,1522;Pittsburgh Penguins,1754;Buffalo Sabres,1837;Toronto Maple Leafs,1913;David Rittich,2135;Tom Wilson,2512;Patrick Roy,2645;Stanley Cups,2676;Montreal Canadiens,2741;Philadelphia Flyers,3001;Boston Bruins,3020;Field Level,3061",5,gkg_allnames_exact_validity_aware,2026-08-03T20:42:18Z,Codex manual review,true,,2026-08-03,URL path and GKG AllNames context establish an article-context reference to the registered NHL club,,
7802dee0-5342-5651-8579-e1c0aec8bf29,CGY-current,CGY,Q194126,Calgary Flames,2026-06-29,https://www.sun-sentinel.com/2026/06/29/florida-panthers-secure-rights-to-radko-gudas-in-exchange-for-rights-to-a-j-greer/,sun-sentinel.com,"3#Philadelphia, Pennsylvania, United States#US#USPA#PA101#39.9523#-75.1638#1209052#456;3#Washington, Washington, United States#US#USDC#DC001#38.8951#-77.0364#531871#502;1#Czechia#EZ#EZ##49.75#15#EZ#872;2#Florida, United States#US#USFL##27.8333#-81.717#FL#11;2#Florida, United States#US#USFL##27.8333#-81.717#FL#244;2#Florida, United States#US#USFL##27.8333#-81.717#FL#569;2#Florida, United States#US#USFL##27.8333#-81.717#FL#690;2#Florida, United States#US#USFL##27.8333#-81.717#FL#1360;1#Jersey#JE#JE##49.216667#-2.116667#JE#1981;2#Colorado, United States#US#USCO##39.0646#-105.327#CO#1999;3#Tampa Bay, Florida, United States#US#USFL#FL103#27.765#-82.5825#294169#383;4#Prague, Praha, HlavníEsto, Czech Republic#EZ#EZ52#14865#50.0833#14.4667#-553173#846","Florida Panthers,21;Radko Gudas,67;Anaheim Ducks,90;Bill Zito,121;Tampa Bay Lightning,419;Philadelphia Flyers,477;Washington Capitals,514;Stanley Cup Final,708;Calgary Flames,2066;Boston Bruins,2085;New Jersey Devils,2108",1,gkg_allnames_exact_validity_aware,2026-08-03T20:42:18Z,Codex manual review,true,,2026-08-03,URL path and GKG AllNames context establish an article-context reference to the registered NHL club,,
1fa5c6e1-4189-500f-a920-9a9c11ce1f6f,CGY-current,CGY,Q194126,Calgary Flames,2026-07-02,https://www.1075thegame.com/2026/07/01/flyers-sign-f-tyson-foerster-g-dan-vladar-to-long-term-deals/,1075thegame.com,"3#Philadelphia, Pennsylvania, United States#US#USPA#PA101#39.9523#-75.1638#1209052#16;3#Philadelphia, Pennsylvania, United States#US#USPA#PA101#39.9523#-75.1638#1209052#548;3#Philadelphia, Pennsylvania, United States#US#USPA#PA101#39.9523#-75.1638#1209052#693;3#Philadelphia, Pennsylvania, United States#US#USPA#PA101#39.9523#-75.1638#1209052#1518","Philadelphia Flyers,24;Tyson Foerster,95;Dan Vladar,170;Daniel Briere,915;Boston Bruins,2209;Calgary Flames,2229",2,gkg_allnames_exact_validity_aware,2026-08-03T20:42:18Z,Codex manual review,true,,2026-08-03,URL path and GKG AllNames context establish an article-context reference to the registered NHL club,,
bd1550fb-124b-52f7-a2e3-5e5da5731049,CGY-current,CGY,Q194126,Calgary Flames,2025-04-08,https://www.redbluffdailynews.com/2025/04/07/calgary-flames-san-jose-sharks-dustin-wolf-will-smith-macklin-celebrini-georgi-romanov/,redbluffdailynews.com,"2#Minnesota, United States#US#USMN##45.7326#-93.9196#MN#1263;2#Minnesota, United States#US#USMN##45.7326#-93.9196#MN#1808;2#Minnesota, United States#US#USMN##45.7326#-93.9196#MN#1919","San Jose Sharks,30;Georgi Romanov,52;Calgary Flame,212;Adam Klapka,328;Morgan Frost,346;Matt Coronato,364;Will Smith,481;Nazem Kadri,569;Timothy Liljegren,613;Lucas Carlsson,908;Alexander Wennberg,1044;Jose Shark Will Smith,1385;Nikolai Kovalenko,1412;Calgary Flames,1481;San Jose,1509;Bay Area News Group,1597;San Jose Shark Will Smith,1628;Nikolai Kovalenko,1655;Calgary Flames,1724;San Jose,1752;Bay Area News Group,1840;Minnesota Wild,1997;Nikolai Kovalenko,2628;Tyler Toffoli,2690;Face Off,2996;Jose Shark Nikolai Kovalenko,3144;Calgary Flames,3204;San Jose,3266;Bay Area News Group,3354;San Jose Shark Nikolai Kovalenko,3392;Calgary Flames,3452;San Jose,3514;Bay Area News Group,3602;Greg Millen,3834;Rogers Sportsnet,4048;Jon Abbott,4153;Kelly Hrudey,4191;Shakir Mukhamadullin,4308;Ryan Warsofsky,4530;Jose Sharks,4988;Georgi Romanov,5014;San Jose Sharks,5059;Georgi Romanov,5085;Calgary Flame Nazem Kadri,5127;San Jose,5209;Bay Area News Group,5297;San Jose Shark Macklin Celebrini,5336;William Eklund,5360;Calgary Flame Blake Coleman,5406;San Jose,5498;Bay Area News Group,5586;Jose Shark Macklin Celebrini,5624;William Eklund,5648;San Jose Shark Nikolai Kovalenko,5691;Calgary Flame Rasmus Andersson,5744;San Jose,5811;Bay Area News Group,5899;Jose Shark Nikolai Kovalenko,5937;San Jose Sharks,5980;Georgi Romanov,6006;Calgary Flame Rasmus Andersson,6055;San Jose,6136;Bay Area News Group,6224;Jose Sharks,6245;Georgi Romanov,6271;San Jose Shark Mario Ferraro,6331;Calgary Flames,6415;San Jose,6443;Bay Area News Group,6531;Jose Shark Mario Ferraro,6565;San Jose Shark Nikolai Kovalenko,6629;Calgary Flames,6671;San Jose,6733;Bay Area News Group,6821;Jose Shark Nikolai Kovalenko,6859;San Jose Shark Timothy Liljegren,6924;Calgary Flame Jake Bean,6984;San Jose,7060;Bay Area News Group,7148;Jose Shark Timothy Liljegren,7186;Calgary Flames,7235;San Jose Sharks,7314;San Jose,7342;Bay Area News Group,7430;Calgary Flames,7454;San Jose Sharks,7512;Georgi Romanov,7538;Macklin Celebrini,7581;Calgary Flame Blake Coleman,7618;San Jose,7710;Bay Area News Group,7798;Jose Sharks,7819;Georgi Romanov,7845;San Jose Shark Alexander Wennberg,7909;Georgi Romanov,7944;Calgary Flames,7990;San Jose,8052;Bay Area News Group,8140;Jose Shark Alexander Wennberg,8179;Georgi Romanov,8214;San Jose Shark Collin Graf,8246;Calgary Flame Rasmus Andersson,8322;San Jose,8397;Bay Area News Group,8485;Jose Shark Collin Graf,8517;San Jose Sharks,8564;Will Smith,8595;Calgary Flames,8661;San Jose,8689;Bay Area News Group,8777;San Jose Sharks,8802;Will Smith,8833;San Jose Shark William Eklund,8868;Calgary Flame Yegor Sharangovich,8938;San Jose,9013;Bay Area News Group,9101;Jose Shark William Eklund,9136;San Jose Shark Nikolai Kovalenko,9200;Calgary Flames,9284;San Jose,9312;Bay Area News Group,9400;Jose Shark Nikolai Kovalenko,9438;San Jose Shark Alexander Wennberg,9503;Calgary Flame Mikael Backlund,9542;San Jose,9626;Bay Area News Group,9714;Jose Shark Alexander Wennberg,9753;Calgary Flame Mikael,9783;Calgary Flames,9803;Dustin Wolf,9826;San Jose Sharks,9884;MacKenzie Weegar,9906;Joel Hanley,9927;San Jose,9960;Bay Area News Group,10048;Dustin Wolf,10091;San Jose Sharks,10145;Georgi Romanov,10171;Calgary Flame Nazem Kadri,10213;San Jose,10295;Bay Area News Group,10383;Vincent Desharnais,10434;Jimmy Schuldt,10470;Jan Rutta,10501;Forward Quentin Musty,10772;Sudbury Wolves,11029;Kingston Frontenacs,11099;Ontario Hockey League,11149",3,gkg_allnames_exact_validity_aware,2026-08-03T20:42:18Z,Codex manual review,true,,2026-08-03,URL path and GKG AllNames context establish an article-context reference to the registered NHL club,,
741aa2e7-4c54-50d3-85d8-930b8fe398e5,CGY-current,CGY,Q194126,Calgary Flames,2024-03-08,https://lasvegassun.com/news/2024/mar/07/vgk-hanifin-to-make-golden-knights-debut-against/,lasvegassun.com,"3#Philadelphia, Pennsylvania, United States#US#USPA#PA101#39.9523#-75.1638#1209052#841;3#Washington, Washington, United States#US#USDC#DC001#38.8951#-77.0364#531871#3407;3#Boston, Massachusetts, United States#US#USMA#MA025#42.3584#-71.0598#617565#2492;3#Denver, Colorado, United States#US#USCO#CO031#39.7392#-104.985#201738#121","Calgary Flames,29;Noah Hanifin,53;Danny Webster,180;Noah Hanifin,239;Golden Knight,312;Golden Knights,448;Vancouver Canucks,475;T-Mobile Arena,493;Alex Pietrangelo,614;Stanley Cup,679;Calgary Flames,879;Philadelphia Flyers,903;Daniil Miromanov,1021;Golden Knights,1050;Golden Knights,1263;Golden Knights,1316;Alec Martinez,1444;Las Vegas,1735;Mark Stone,1771;Golden Knights,1851;Golden Knight,1973;Bruce Cassidy,2171;Ryan Huska,2213;Darryl Sutter,2255;John Stevens,2357;Shea Theodore,2902;Golden Knights,2992;Golden Knights,3345;Anthony Mantha,3501;William Karlsson,3673;Golden Knights,3718",4,gkg_allnames_exact_validity_aware,2026-08-03T20:42:18Z,Codex manual review,true,,2026-08-03,URL path and GKG AllNames context establish an article-context reference to the registered NHL club,,
2f41a530-fc4e-5c7f-8b42-64374bb6d722,CGY-current,CGY,Q194126,Calgary Flames,2026-04-18,http://www.bignewsnetwork.com/news/278996696/avs-to-put-dangerous-offense-up-against-upset-minded-kings,bignewsnetwork.com,"3#Denver, Colorado, United States#US#USCO#CO031#39.7392#-104.985#201738#248;3#Los Angeles, California, United States#US#USCA#CA037#34.0522#-118.244#1662328#180;3#Los Angeles, California, United States#US#USCA#CA037#34.0522#-118.244#1662328#1490;3#Los Angeles, California, United States#US#USCA#CA037#34.0522#-118.244#1662328#1806;2#Colorado, United States#US#USCO##39.0646#-105.327#CO#53;2#Colorado, United States#US#USCO##39.0646#-105.327#CO#561;2#Colorado, United States#US#USCO##39.0646#-105.327#CO#720;2#Colorado, United States#US#USCO##39.0646#-105.327#CO#1294;2#Colorado, United States#US#USCO##39.0646#-105.327#CO#2163","Jeff Curry-Imagn Images,44;Colorado Avalanche,71;Western Conference Stanley Cup Playoff,157;Los Angeles Kings,194;President Trophy,319;Nathan MacKinnon,482;Martin Necas,577;Cale Makar,662;Norris Trophy,692;Jared Bednar,1039;Scott Wedgewood,1167;Mackenzie Blackwood,1191;Stanley Cup,1645;Los Angeles,1905;Brandt Clarke,1930;Brock Nelson,2344;Nazem Kadri,2408;Calgary Flames,2478;Jim Hiller,2633;Artemi Panarin,3196;New York Rangers,3329;Quinton Byfield,3426;Field Level,3491",5,gkg_allnames_exact_validity_aware,2026-08-03T20:42:18Z,Codex manual review,true,,2026-08-03,URL path and GKG AllNames context establish an article-context reference to the registered NHL club,,
aecf7ef4-4d26-5695-ada8-ab49752db254,CHI-current,CHI,Q209636,Chicago Blackhawks,2024-12-23,https://fsr920.iheart.com/content/2024-12-23-teuvo-teravainen-december-23-preview-vs-the-wild/,iheart.com,"2#Minnesota, United States#US#USMN##45.7326#-93.9196#MN#65","Teuvo Teravainen,17;Chicago Blackhawks,44;Minnesota Wild,73",1,gkg_allnames_exact_validity_aware,2026-08-03T20:42:18Z,Codex manual review,true,,2026-08-03,URL path and GKG AllNames context establish an article-context reference to the registered NHL club,,
039df181-f377-58a0-9c50-07064cd6d352,CHI-current,CHI,Q209636,Chicago Blackhawks,2024-01-26,https://blackhawkup.com/posts/three-things-mess-chicago-blackhawks-chances-land-top-overall-pick-again,blackhawkup.com,"4#Montreal, Quebec, Canada#CA#CA10#12713#45.5#-73.5833#-569541#1267","Chicago Blackhawks,23;San Jose Sharks,83;Connor Bedard,361;Patrick Kane,712;Max Domi,726;Elias Lindstrom,1268;Chris Tanev,1285;Anaheim Ducks,1403;Columbus Blue Jackets,1429",2,gkg_allnames_exact_validity_aware,2026-08-03T20:42:18Z,Codex manual review,true,,2026-08-03,URL path and GKG AllNames context establish an article-context reference to the registered NHL club,,
47ce5cca-ac70-515f-a7e2-5b0bdfa31a40,CHI-current,CHI,Q209636,Chicago Blackhawks,2025-11-25,https://peacearchnews.com/2025/11/25/white-rock-whalers-featured-in-new-youtube-docuseries-next-shift/,peacearchnews.com,"4#Vancouver, British Columbia, Canada#CA#CA02#12552#49.25#-123.133#-575268#1101;1#Germany#GM#GM##51.5#10.5#GM#1167;3#Philadelphia, Pennsylvania, United States#US#USPA#PA101#39.9523#-75.1638#1209052#1266;4#Calgary, Alberta, Canada#CA#CA01#12549#51.0833#-114.083#-561990#1321","White Rock,11;Pacific Junior Hockey League,138;Harold Brittain Conference,216;Next Shift,382;White Rock Whalers,423;David Rutherford,575;Anthony Ast,1072;Jim Vandermeer,1091;Medicine Hat Tigers,1217;Philadelphia Flyers,1356;Chicago Blackhawks,1380;Next Shift,2770",3,gkg_allnames_exact_validity_aware,2026-08-03T20:42:18Z,Codex manual review,true,,2026-08-03,URL path and GKG AllNames context establish an article-context reference to the registered NHL club,,
7e5f85ce-d678-5c42-b8a5-e34f69efcd32,CHI-current,CHI,Q209636,Chicago Blackhawks,2025-04-13,https://winnipegsun.com/uncategorized/liberal-candidate-who-replaced-paul-chiang-attended-chinese-military-parade-in-2015,winnipegsun.com,"1#Chinese#CH#CH##35#105#CH#59;1#Chinese#CH#CH##35#105#CH#577;1#Chinese#CH#CH##35#105#CH#2996;1#Chinese#CH#CH##35#105#CH#3043;1#Chinese#CH#CH##35#105#CH#3146;1#Chinese#CH#CH##35#105#CH#3674;1#Chinese#CH#CH##35#105#CH#4068;1#Chinese#CH#CH##35#105#CH#4228;1#Chinese#CH#CH##35#105#CH#4536;1#Chinese#CH#CH##35#105#CH#6489;1#Chinese#CH#CH##35#105#CH#7043;1#Chinese#CH#CH##35#105#CH#7688;1#Chinese#CH#CH##35#105#CH#7768;1#Chinese#CH#CH##35#105#CH#7869;1#Chinese#CH#CH##35#105#CH#8031;1#Chinese#CH#CH##35#105#CH#8195;1#Chinese#CH#CH##35#105#CH#8416;1#Chinese#CH#CH##35#105#CH#8442;1#Chinese#CH#CH##35#105#CH#8591;1#Chinese#CH#CH##35#105#CH#8869;1#Chinese#CH#CH##35#105#CH#9093;1#Chinese#CH#CH##35#105#CH#9224;1#Chinese#CH#CH##35#105#CH#9318;1#Chinese#CH#CH##35#105#CH#9374;1#Chinese#CH#CH##35#105#CH#10112;4#Ottawa, Ontario, Canada#CA#CA08#12755#45.4167#-75.7#-570760#5482;4#Han Dong, Jiangsu, China#CH#CH04#13149#32.0857#120.938#11069528#9864;4#Beijing, Beijing, China#CH#CH22#13001#39.9289#116.388#-1898541#2945;4#Beijing, Beijing, China#CH#CH22#13001#39.9289#116.388#-1898541#3183;4#Beijing, Beijing, China#CH#CH22#13001#39.9289#116.388#-1898541#3734;4#Beijing, Beijing, China#CH#CH22#13001#39.9289#116.388#-1898541#4039;4#Beijing, Beijing, China#CH#CH22#13001#39.9289#116.388#-1898541#5411;4#Beijing, Beijing, China#CH#CH22#13001#39.9289#116.388#-1898541#5500;4#Beijing, Beijing, China#CH#CH22#13001#39.9289#116.388#-1898541#6928;4#Beijing, Beijing, China#CH#CH22#13001#39.9289#116.388#-1898541#7113;4#Beijing, Beijing, China#CH#CH22#13001#39.9289#116.388#-1898541#9284;1#Taiwan#TW#TW##24#121#TW#6027;1#Hong Kong#HK#HK##22.25#114.166667#HK#4435;1#Hong Kong#HK#HK##22.25#114.166667#HK#6558;1#Hong Kong#HK#HK##22.25#114.166667#HK#6738;1#Hong Kong#HK#HK##22.25#114.166667#HK#8541;4#Winnipeg, Manitoba, Canada#CA#CA03#12577#49.8833#-97.1667#-576096#1129;4#Winnipeg, Manitoba, Canada#CA#CA03#12577#49.8833#-97.1667#-576096#1184;4#Winnipeg, Manitoba, Canada#CA#CA03#12577#49.8833#-97.1667#-576096#1773;4#Winnipeg, Manitoba, Canada#CA#CA03#12577#49.8833#-97.1667#-576096#1828;4#Winnipeg, Manitoba, Canada#CA#CA03#12577#49.8833#-97.1667#-576096#4756;4#Winnipeg, Manitoba, Canada#CA#CA03#12577#49.8833#-97.1667#-576096#5073;4#Winnipeg, Manitoba, Canada#CA#CA03#12577#49.8833#-97.1667#-576096#10430;4#Winnipeg, Manitoba, Canada#CA#CA03#12577#49.8833#-97.1667#-576096#10454;4#Winnipeg, Manitoba, Canada#CA#CA03#12577#49.8833#-97.1667#-576096#10713;4#Winnipeg, Manitoba, Canada#CA#CA03#12577#49.8833#-97.1667#-576096#10762;4#Winnipeg, Manitoba, Canada#CA#CA03#12577#49.8833#-97.1667#-576096#10936;4#Tiananmen Square, Beijing, China#CH#CH22#13001#39.9044#116.391#9244097#3574;4#Toronto, Ontario, Canada#CA#CA08#12686#43.6667#-79.4167#-574890#473;4#Toronto, Ontario, Canada#CA#CA08#12686#43.6667#-79.4167#-574890#2851;4#Toronto, Ontario, Canada#CA#CA08#12686#43.6667#-79.4167#-574890#3084;4#Toronto, Ontario, Canada#CA#CA08#12686#43.6667#-79.4167#-574890#4132;4#Toronto, Ontario, Canada#CA#CA08#12686#43.6667#-79.4167#-574890#5786;4#Toronto, Ontario, Canada#CA#CA08#12686#43.6667#-79.4167#-574890#7072;4#Toronto, Ontario, Canada#CA#CA08#12686#43.6667#-79.4167#-574890#8628;4#Toronto, Ontario, Canada#CA#CA08#12686#43.6667#-79.4167#-574890#9208;4#Toronto, Ontario, Canada#CA#CA08#12686#43.6667#-79.4167#-574890#9631;1#China#CH#CH##35#105#CH#679;1#China#CH#CH##35#105#CH#2952;1#China#CH#CH##35#105#CH#3190;1#China#CH#CH##35#105#CH#3581;1#China#CH#CH##35#105#CH#3741;1#China#CH#CH##35#105#CH#4046;1#China#CH#CH##35#105#CH#4175;1#China#CH#CH##35#105#CH#4466;1#China#CH#CH##35#105#CH#5385;1#China#CH#CH##35#105#CH#5418;1#China#CH#CH##35#105#CH#5507;1#China#CH#CH##35#105#CH#5578;1#China#CH#CH##35#105#CH#6935;1#China#CH#CH##35#105#CH#6993;1#China#CH#CH##35#105#CH#7120;1#China#CH#CH##35#105#CH#7221;1#China#CH#CH##35#105#CH#7841;1#China#CH#CH##35#105#CH#8347;1#China#CH#CH##35#105#CH#9291;1#China#CH#CH##35#105#CH#9781;1#China#CH#CH##35#105#CH#9871;1#Canada#CA#CA##60#-96#CA#481;1#Canada#CA#CA##60#-96#CA#839;1#Canada#CA#CA##60#-96#CA#1137;1#Canada#CA#CA##60#-96#CA#1192;1#Canada#CA#CA##60#-96#CA#1483;1#Canada#CA#CA##60#-96#CA#1781;1#Canada#CA#CA##60#-96#CA#1836;1#Canada#CA#CA##60#-96#CA#2174;1#Canada#CA#CA##60#-96#CA#2501;1#Canada#CA#CA##60#-96#CA#3092;1#Canada#CA#CA##60#-96#CA#3158;1#Canada#CA#CA##60#-96#CA#4140;1#Canada#CA#CA##60#-96#CA#4425;1#Canada#CA#CA##60#-96#CA#4720;1#Canada#CA#CA##60#-96#CA#4764;1#Canada#CA#CA##60#-96#CA#5081;1#Canada#CA#CA##60#-96#CA#5490;1#Canada#CA#CA##60#-96#CA#5794;1#Canada#CA#CA##60#-96#CA#5869;1#Canada#CA#CA##60#-96#CA#6112;1#Canada#CA#CA##60#-96#CA#7080;1#Canada#CA#CA##60#-96#CA#8636;1#Canada#CA#CA##60#-96#CA#9216;1#Canada#CA#CA##60#-96#CA#9639;1#Canada#CA#CA##60#-96#CA#10438;1#Canada#CA#CA##60#-96#CA#10462;1#Canada#CA#CA##60#-96#CA#10625;1#Canada#CA#CA##60#-96#CA#10721;1#Canada#CA#CA##60#-96#CA#10770;1#Canada#CA#CA##60#-96#CA#10944;1#Canadian#CA#CA##60#-96#CA#3355;1#Canadian#CA#CA##60#-96#CA#3625;1#Canadian#CA#CA##60#-96#CA#3842;1#Canadian#CA#CA##60#-96#CA#6689;1#Canadian#CA#CA##60#-96#CA#8126;1#Canadian#CA#CA##60#-96#CA#8600;1#Canadian#CA#CA##60#-96#CA#9233;1#Russian#RS#RS##60#100#RS#4564;3#Chicago, Illinois, United States#US#USIL#IL031#41.85#-87.6501#423587#10382;3#Chicago, Illinois, United States#US#USIL#IL031#41.85#-87.6501#423587#10886;2#New York, United States#US#USNY##42.1497#-74.9384#NY#1333;2#New York, United States#US#USNY##42.1497#-74.9384#NY#1977;3#Unionville, Illinois, United States#US#USIL#IL127#37.1223#-88.5467#420146#6315;1#Canadians#CA#CA##60#-96#CA#7651;1#American#US#US##39.828175#-98.5795#US#8086;1#Japan#JA#JA##36#138#JA#3265","Paul Chiang,43;Ontario Liberal Party,415;Ryan Stelter,849;Paul Friesen,867;Ted Wyman,882;Scott Billeck,901;Lorrie Goldstein,923;Warren Kinsella,944;Gimme Stelter,991;Exit Row,1035;Winnipeg Sun,1129;New York Times,1333;Ryan Stelter,1477;Paul Friesen,1495;Ted Wyman,1510;Scott Billeck,1529;Lorrie Goldstein,1551;Warren Kinsella,1572;Gimme Stelter,1619;Exit Row,1663;Winnipeg Sun,1757;New York Times,1961;Second World War,3157;DoubleTree Hilton,3413;Tiananmen Square,3454;Cheuk Kwan,3994;Toronto Association,4021;Canada-Hong Kong Link,4325;Russian President Vladimir Putin,4483;Postmedia Network,4786;Winnipeg Sun,4940;Daily Headline News,4961;Toronto Police Service,5652;Second World,5747;Conservative Joe Tay,6314;Hong Kong,6405;Liberal Leader Mark,6514;Hong Kong,6598;National Security Law,6664;Overseas Chinese Affairs Office,7580;United Front Work Department,7634;Chinese Communist Party,7667;Overseas Chinese,7926;North American Times,7986;Hong Kong,8457;Consulate General,9018;Toronto Chinese Canadian Organizations,9187;Chinese Heart,9260;Wei Chengyi,9369;Toronto Police Service,9610;Don Valley North,9885;Justice Marie-Jos,9948;Celebrating Sandy,10423;Robert Shindleman,10445;Central Division,10676;Western Conference,10699;Chicago Blackhawks,10747",4,gkg_allnames_exact_validity_aware,2026-08-03T20:42:18Z,Codex manual review,false,unrelated political article; Chicago Blackhawks entity is publisher-page contamination,2026-08-03,URL subject and GKG context show the extracted club name is outside the article's substantive context,,
2740ffad-42f4-5339-b9a4-314cc2e8ae8e,CHI-current,CHI,Q209636,Chicago Blackhawks,2024-04-05,https://www.bignewsnetwork.com/news/274234743/islanders-firmly-in-wild-card-mix-host-predators,bignewsnetwork.com,"3#Washington, Washington, United States#US#USDC#DC001#38.8951#-77.0364#531871#924;2#New York, United States#US#USNY##42.1497#-74.9384#NY#80;2#New York, United States#US#USNY##42.1497#-74.9384#NY#979;2#New York, United States#US#USNY##42.1497#-74.9384#NY#1142;2#New York, United States#US#USNY##42.1497#-74.9384#NY#1355;2#New York, United States#US#USNY##42.1497#-74.9384#NY#1672;3#Philadelphia, Pennsylvania, United States#US#USPA#PA101#39.9523#-75.1638#1209052#1008;3#Philadelphia, Pennsylvania, United States#US#USPA#PA101#39.9523#-75.1638#1209052#1461;2#Colorado, United States#US#USCO##39.0646#-105.327#CO#2644;2#Colorado, United States#US#USCO##39.0646#-105.327#CO#3034;1#United States#US#US##39.828175#-98.5795#US#501;1#United States#US#US##39.828175#-98.5795#US#939;1#United States#US#US##39.828175#-98.5795#US#1023;1#United States#US#US##39.828175#-98.5795#US#1476;1#United States#US#US##39.828175#-98.5795#US#2088;1#United States#US#US##39.828175#-98.5795#US#2742;1#United States#US#US##39.828175#-98.5795#US#3067;3#Elmont, New York, United States#US#USNY#NY059#40.7009#-73.7129#949582#486;3#Los Angeles, California, United States#US#USCA#CA037#34.0522#-118.244#1662328#2073;3#Boston, Massachusetts, United States#US#USMA#MA025#42.3584#-71.0598#617565#2727;3#Boston, Massachusetts, United States#US#USMA#MA025#42.3584#-71.0598#617565#3052;2#Arizona, United States#US#USAZ##33.7712#-111.388#AZ#2625;2#Arizona, United States#US#USAZ##33.7712#-111.388#AZ#2981","Christopher Hanewinckel-United States,58;New York Islanders,94;Nashville Predators,438;Columbus Blue Jackets,642;Blue Jackets,787;Pittsburgh Penguins,907;New York,992;Philadelphia Flyers,1028;Metropolitan Division,1073;Detroit Red Wings,1237;Carolina Hurricanes,1350;Red Wings,1368;New York,1394;Buffalo Sabres,1472;Chicago Blackhawks,1785;Mathew Barzal,1899;Los Angeles Kings,2158;Western Conference,2220;San Jose,2371;Arizona Coyotes,2726;Colorado Avalanche,2749;Andrew Brunette,3023;Field Level,3245",5,gkg_allnames_exact_validity_aware,2026-08-03T20:42:18Z,Codex manual review,true,,2026-08-03,URL path and GKG AllNames context establish an article-context reference to the registered NHL club,,
8ee25f7a-da5f-52e5-9cd5-da9a2ef81b64,COL-current,COL,Q206297,Colorado Avalanche,2026-03-09,https://editorinleaf.com/bobby-mcmann-has-a-chance-to-do-the-funniest-thing-ever-after-leafs-trade,editorinleaf.com,"3#Los Angeles, California, United States#US#USCA#CA037#34.0522#-118.244#1662328#588;3#Los Angeles, California, United States#US#USCA#CA037#34.0522#-118.244#1662328#1071;4#Toronto, Ontario, Canada#CA#CA08#12686#43.6667#-79.4167#-574890#11;4#Toronto, Ontario, Canada#CA#CA08#12686#43.6667#-79.4167#-574890#416;4#Toronto, Ontario, Canada#CA#CA08#12686#43.6667#-79.4167#-574890#712;4#Toronto, Ontario, Canada#CA#CA08#12686#43.6667#-79.4167#-574890#1119;4#Toronto, Ontario, Canada#CA#CA08#12686#43.6667#-79.4167#-574890#2162;2#Colorado, United States#US#USCO##39.0646#-105.327#CO#1451","Toronto Maple Leafs,24;Bobby McMann,459;Scott Laughton,537;Los Angeles,586;Maple Leafs,746;Los Angeles,1070;Maple Leafs,1307;Leaf Nicolas Roy,1403;Colorado Avalanche,1456;Bobby McMann,1693;Seattle Kraken,1771;Ottawa Senators,1893",1,gkg_allnames_exact_validity_aware,2026-08-03T20:42:18Z,Codex manual review,true,,2026-08-03,URL path and GKG AllNames context establish an article-context reference to the registered NHL club,,
f5575242-da3b-51d5-8783-6982ff7dd158,COL-current,COL,Q206297,Colorado Avalanche,2026-05-27,https://bleacherreport.com/articles/25431263-golden-knights-sweep-avalanche-reach-nhl-stanley-cup-final-recap-stats-highlights-game-4,bleacherreport.com,"2#Nevada, United States#US#USNV##38.4199#-117.122#NV#229;3#Los Angeles, California, United States#US#USCA#CA037#34.0522#-118.244#1662328#3039;3#Anaheim, California, United States#US#USCA#CA059#33.8353#-117.915#1652663#2317;2#Colorado, United States#US#USCO##39.0646#-105.327#CO#67;2#Colorado, United States#US#USCO##39.0646#-105.327#CO#531;2#Colorado, United States#US#USCO##39.0646#-105.327#CO#1135;2#Colorado, United States#US#USCO##39.0646#-105.327#CO#1395;2#Colorado, United States#US#USCO##39.0646#-105.327#CO#2818;2#Colorado, United States#US#USCO##39.0646#-105.327#CO#2856;2#Colorado, United States#US#USCO##39.0646#-105.327#CO#2970;2#Utah, United States#US#USUT##40.1135#-111.854#UT#2299;2#Minnesota, United States#US#USMN##45.7326#-93.9196#MN#3126","Vegas Golden Knights,25;Colorado Avalanche,78;President Trophy,125;Conference Finals,187;T-Mobile Arena,218;Mark Stone,283;Brayden McNabb,376;Conference Final,540;Colorado Avalanche,562;Vegas Golden Knights,585;Cole Smith,904;Golden Knight,951;Nic Dowd,1038;Gabriel Landeskog,1242;Martin Necas,1331;Stanley Cup,1580;Mackenzie Blackwood,1685;Western Conference,1765;Stanley Cup Final,1820;Golden Knights,1934;Bruce Cassidy,2157;Golden Knights,2209;Golden Knights,2417;Utah Mammoth,2443;Anaheim Ducks,2461;Stanley Cup,2721;Golden Knights,2857;Los Angeles Kings,3228;Minnesota Wild,3310;President' Trophy,3518;President Trophy-winning,3601;Stanley Cup Final,3639;President Trophy,3705;Stanley Cup,3721;Golden Knights,3852;Eastern Conference Finals,3914;Montreal Canadiens,3945;Carolina Hurricanes,3969",2,gkg_allnames_exact_validity_aware,2026-08-03T20:42:18Z,Codex manual review,true,,2026-08-03,URL path and GKG AllNames context establish an article-context reference to the registered NHL club,,
1c3f82bb-2462-5148-8503-7aac02b981e8,COL-current,COL,Q206297,Colorado Avalanche,2026-03-03,https://1230thegambler.iheart.com/content/2026-03-03-puka-nacua-sparks-dating-rumors-with-influencer/,iheart.com,"2#Colorado, United States#US#USCO##39.0646#-105.327#CO#240;3#West Hollywood, California, United States#US#USCA#CA037#34.09#-118.362#1652810#764;3#Los Angeles, California, United States#US#USCA#CA037#34.0522#-118.244#1662328#11;3#Los Angeles, California, United States#US#USCA#CA037#34.0522#-118.244#1662328#264","Los Angeles Rams,17;Puka Nacua,42;Megan Eugenio,126;Overtime Megan,170;Colorado Avalanche,242;Los Angeles Kings Monday,271;Sydney Sweeney,635;Hannah Stocking,772;West Hollywood,790;Charlotte Flair,823;Sara Saffari,870;Hallie Aiono,984",3,gkg_allnames_exact_validity_aware,2026-08-03T20:42:18Z,Codex manual review,true,,2026-08-03,URL path and GKG AllNames context establish an article-context reference to the registered NHL club,,
99d87b62-7ac4-594d-82ee-0ad21fdde9bf,COL-current,COL,Q206297,Colorado Avalanche,2023-10-20,https://apnews.com/carolina-hurricanes-colorado-avalanche-41fdb0bd3b3c4c8a9f365dcd7c5c330c,apnews.com,"2#Colorado, United States#US#USCO##39.0646#-105.327#CO#72;2#Colorado, United States#US#USCO##39.0646#-105.327#CO#223;2#Colorado, United States#US#USCO##39.0646#-105.327#CO#325;3#Denver, Colorado, United States#US#USCO#CO031#39.7392#-104.985#201738#125","Carolina Hurricanes,20;Metropolitan Division,71;Central Division,143;Carolina Hurricanes,215;Colorado Avalanche,244;Seth Jarvis,262;Gabriel Landeskog,750;Pavel Francouz,788;Ryan Suzuki,835;Vasiliy Ponomarev,883;Sebastian Aho,927;Frederik Andersen,981;Andrei Svechnikov,1035;Associated Press,1076;Data Skrive,1136",4,gkg_allnames_exact_validity_aware,2026-08-03T20:42:18Z,Codex manual review,true,,2026-08-03,URL path and GKG AllNames context establish an article-context reference to the registered NHL club,,
5348ea9f-e7a3-55f3-92c9-79acc8b2cd8a,COL-current,COL,Q206297,Colorado Avalanche,2026-03-22,https://foxsportsabq.iheart.com/content/2026-03-22-cale-makar-march-22-preview-vs-the-capitals/,iheart.com,"2#Colorado, United States#US#USCO##39.0646#-105.327#CO#25;3#Washington, Washington, United States#US#USDC#DC001#38.8951#-77.0364#531871#60","Cale Makar,11;Colorado Avalanche,38;Washington Capitals,72;Capital One,119",5,gkg_allnames_exact_validity_aware,2026-08-03T20:42:18Z,Codex manual review,true,,2026-08-03,URL path and GKG AllNames context establish an article-context reference to the registered NHL club,,
c84c5630-70de-5b19-8f7e-14a3a1e9f958,DAL-current,DAL,Q208652,Dallas Stars,2025-01-16,https://www.tsn.ca/mark-masters-john-tavares-limps-off-the-ice-after-awkward-fall-at-toronto-maple-leafs-practice-1.2236669,tsn.ca,"3#Tampa, Florida, United States#US#USFL#FL057#27.9475#-82.4584#292005#2323;2#Florida, United States#US#USFL##27.8333#-81.717#FL#3827;3#Dallas, Texas, United States#US#USTX#TX113#32.7831#-96.8067#1380944#3355;4#Toronto, Ontario, Canada#CA#CA08#12686#43.6667#-79.4167#-574890#1084;3#Philadelphia, Pennsylvania, United States#US#USPA#PA101#39.9523#-75.1638#1209052#1977","Maple Leafs,16;Ford Performance Centre,53;Chris Tanev,132;William Nylander,339;New Jersey Devils,1915;Philadelphia Flyers,2184;Garnet Hathaway,2217;Leaf McCabe,3397;Vancouver Canucks,3622;Dallas Stars,3675;Scotiabank Arena,3714;Atlantic Division,4134;Florida Panthers,4178;Carolina Hurricanes,6042;Max Domi,8038;Max Pacioretty,9302;Leafs Ice Chips,10282;Marc Savard,10790;Morgan Rielly,10871;Jake Oettinger,12171;Curtis Sanford,12912;Maple Leaf,13125",1,gkg_allnames_exact_validity_aware,2026-08-03T20:42:18Z,Codex manual review,true,,2026-08-03,URL path and GKG AllNames context establish an article-context reference to the registered NHL club,,
e02d0238-cf6a-5699-babc-d8ecbe0d72c8,DAL-current,DAL,Q208652,Dallas Stars,2024-03-09,https://globalnews.ca/news/10346912/winnipeg-jets-stifle-kraken-brossoit-gets-shutout-in-3-0-win/,globalnews.ca,"4#Vancouver, British Columbia, Canada#CA#CA02#12552#49.25#-123.133#-575268#4221;3#Dallas, Texas, United States#US#USTX#TX113#32.7831#-96.8067#1380944#2378;2#Colorado, United States#US#USCO##39.0646#-105.327#CO#2359;4#Winnipeg, Manitoba, Canada#CA#CA03#12577#49.8833#-97.1667#-576096#80;4#Winnipeg, Manitoba, Canada#CA#CA03#12577#49.8833#-97.1667#-576096#2638;4#Winnipeg, Manitoba, Canada#CA#CA03#12577#49.8833#-97.1667#-576096#2840","Seattle Kraken,36;Winnipeg Jets,89;Adam Lowry,310;Nikolaj Ehlers,334;Colorado Avalanche,2520;Dallas Stars,2537;Vladislav Namestnikov,3341;Joey Daccord,3449;Andre Burakovsky,3570",2,gkg_allnames_exact_validity_aware,2026-08-03T20:42:18Z,Codex manual review,true,,2026-08-03,URL path and GKG AllNames context establish an article-context reference to the registered NHL club,,
d7512847-808c-5893-97fc-b6ba5cc8814e,DAL-current,DAL,Q208652,Dallas Stars,2025-05-04,https://ktbb.com/post/?p=1409271,ktbb.com,"4#Winnipeg, Manitoba, Canada#CA#CA03#12577#49.8833#-97.1667#-576096#809;2#Colorado, United States#US#USCO##39.0646#-105.327#CO#389;2#Colorado, United States#US#USCO##39.0646#-105.327#CO#1001;2#Colorado, United States#US#USCO##39.0646#-105.327#CO#1253;2#Colorado, United States#US#USCO##39.0646#-105.327#CO#2767;2#Colorado, United States#US#USCO##39.0646#-105.327#CO#3167;2#Colorado, United States#US#USCO##39.0646#-105.327#CO#3645;2#New Jersey, United States#US#USNJ##40.314#-74.5089#NJ#2436;3#Dallas, Texas, United States#US#USTX#TX113#32.7831#-96.8067#1380944#131;3#Dallas, Texas, United States#US#USTX#TX113#32.7831#-96.8067#1380944#350;3#Dallas, Texas, United States#US#USTX#TX113#32.7831#-96.8067#1380944#934;3#Dallas, Texas, United States#US#USTX#TX113#32.7831#-96.8067#1380944#1282;3#Dallas, Texas, United States#US#USTX#TX113#32.7831#-96.8067#1380944#1462;3#Dallas, Texas, United States#US#USTX#TX113#32.7831#-96.8067#1380944#2487;3#Dallas, Texas, United States#US#USTX#TX113#32.7831#-96.8067#1380944#2699;3#Dallas, Texas, United States#US#USTX#TX113#32.7831#-96.8067#1380944#3263;1#Canadian#CA#CA##60#-96#CA#3004","Wyatt Johnston,233;Dallas Stars,396;Colorado Avalanche,424;Western Conference,507;Nathan MacKinnon,1083;Samuel Girard,1806;Jake Oettinger,1995;Mikael Granlund,2271;Pete DeBoer,2353;New Jersey,2558;San Jose,2609;Stanley Cup Final,2940;Western Conference Final,3029;Jamie Benn,3742;Valeri Nichuskin,3810",3,gkg_allnames_exact_validity_aware,2026-08-03T20:42:18Z,Codex manual review,true,,2026-08-03,URL path and GKG AllNames context establish an article-context reference to the registered NHL club,,
9bb10a50-7286-53e8-831f-69a88985762c,DAL-current,DAL,Q208652,Dallas Stars,2024-05-24,https://www.tsn.ca/dallas-stars-edmonton-oilers-scoreless-after-first-in-game-1-of-west-final-1.2125428,tsn.ca,"3#Dallas, Texas, United States#US#USTX#TX113#32.7831#-96.8067#1380944#28;3#Dallas, Texas, United States#US#USTX#TX113#32.7831#-96.8067#1380944#150;3#Dallas, Texas, United States#US#USTX#TX113#32.7831#-96.8067#1380944#755","Edmonton Oilers,20;Dallas Stars,37;Western Conference Final,118;Evgeny Dadonov,225;Stuart Skinner,307;Evander Kane,476;Dylan Holloway,929;Stanley Cup Final,1107",4,gkg_allnames_exact_validity_aware,2026-08-03T20:42:18Z,Codex manual review,true,,2026-08-03,URL path and GKG AllNames context establish an article-context reference to the registered NHL club,,
5970bad0-2a5b-553e-ae6c-be91dcb9396e,DAL-current,DAL,Q208652,Dallas Stars,2026-07-06,https://www.640wxsm.com/2026/07/06/stars-f-jason-robertson-files-for-salary-arbitration/,640wxsm.com,"3#Philadelphia, Pennsylvania, United States#US#USPA#PA101#39.9523#-75.1638#1209052#815;3#Dallas, Texas, United States#US#USTX#TX113#32.7831#-96.8067#1380944#6;3#Dallas, Texas, United States#US#USTX#TX113#32.7831#-96.8067#1380944#1384;3#Dallas, Texas, United States#US#USTX#TX113#32.7831#-96.8067#1380944#1623","Dallas Stars,13;Jason Robertson,37;Nick Robertson,822;Pittsburgh Penguins,849;Philadelphia Flyer Trevor Zegras,902;Jamie Drysdale,921;Columbus Blue Jacket Jet Greaves,963;Cole Sillinger,982;Braden Schneider,1008;New York Rangers,1028;Xavier Borgault,1052;Ottawa Senators,1071;Akira Schmid,1092;Florida Panthers,1112;Kirby Dach,1131;Montreal Canadiens,1153;Connor McMichael,1178;Louis Blues,1197;Cole Perfetti,1219;Winnipeg Jets,1236;Alex Jefferies,1259;New York Rangers,1279;Peyton Krebs,1300;Buffalo Sabres,1318;Ronan Seeley,1338;Carolina Hurricanes,1361;Jim Nill,1571",5,gkg_allnames_exact_validity_aware,2026-08-03T20:42:18Z,Codex manual review,true,,2026-08-03,URL path and GKG AllNames context establish an article-context reference to the registered NHL club,,
b8ed2d11-ee8a-5ed9-9a02-8fcbe7d15b8c,DET-current,DET,Q194116,Detroit Red Wings,2025-10-29,https://www.joxfm.com/2025/10/28/dylan-larkins-3-point-night-lifts-red-wings-past-blues/,joxfm.com,,"Dylan Larkin,13;Detroit Red Wings,85;Louis Blues,114;Red Wings,190;Elmer Soderblom,276;Lucas Raymond,325;John Gibson,362;Jordan Kyrou,411;Jordan Binnington,440;Justin Faulk,836;Red Wings,865;Alexandre Texier,1161;Pavel Buchnevich,1217;Red Wings,1290;Emmitt Finnie,1350;Simon Edvinsson,1605;Michael Rasmussen,1779;Pius Suter,1874",1,gkg_allnames_exact_validity_aware,2026-08-03T20:42:18Z,Codex manual review,true,,2026-08-03,URL path and GKG AllNames context establish an article-context reference to the registered NHL club,,
d4f55f3d-f49f-5e47-aca9-a72d6b4af760,DET-current,DET,Q194116,Detroit Red Wings,2026-02-26,https://www.thescore1260.com/2026/02/25/u-s-olympian-brady-tkachuk-leads-senators-against-red-wings/,thescore1260.com,"4#Toronto, Ontario, Canada#CA#CA08#12686#43.6667#-79.4167#-574890#1271;1#Canada#CA#CA##60#-96#CA#46;1#Canada#CA#CA##60#-96#CA#542;1#Canada#CA#CA##60#-96#CA#595;1#Canada#CA#CA##60#-96#CA#787;1#Canada#CA#CA##60#-96#CA#1061;1#Canada#CA#CA##60#-96#CA#1219;1#Canada#CA#CA##60#-96#CA#1279;1#Canada#CA#CA##60#-96#CA#1330;1#Canada#CA#CA##60#-96#CA#2762;4#Ottawa, Ontario, Canada#CA#CA08#12755#45.4167#-75.7#-570760#38;4#Ottawa, Ontario, Canada#CA#CA08#12755#45.4167#-75.7#-570760#534;4#Ottawa, Ontario, Canada#CA#CA08#12755#45.4167#-75.7#-570760#1053;4#Ottawa, Ontario, Canada#CA#CA08#12755#45.4167#-75.7#-570760#1211;4#Ottawa, Ontario, Canada#CA#CA08#12755#45.4167#-75.7#-570760#2754;4#Vancouver, British Columbia, Canada#CA#CA02#12552#49.25#-123.133#-575268#1322;1#United States#US#US##39.828175#-98.5795#US#773","Detroit Red Wings,22;Ottawa Senators,48;Eastern Conference,153;Red Wings,178;Atlantic Division,283;Montreal Canadiens,311;Buffalo Sabres,362;Boston Bruins,380;Eastern Conference,489;Brady Tkachuk,596;Fox News,764;United States,796;Public Enemy,1008;Red Wings,1268;Nick Cousins,1562;Linus Ullmark,1815;Moritz Seider,2416;John Gibson,2536;Lucas Raymond,2650;Red Wings,2952;Atlantic Division,3048;Red Wings,3071;Alex DeBrincat,3200;Red Wings,3286",2,gkg_allnames_exact_validity_aware,2026-08-03T20:42:18Z,Codex manual review,true,,2026-08-03,URL path and GKG AllNames context establish an article-context reference to the registered NHL club,,
2f048136-0aee-5d53-ac37-06e08cff4c60,DET-current,DET,Q194116,Detroit Red Wings,2026-06-28,https://www.kvpr.org/npr-news/2026-06-28/a-bridge-to-canada-may-be-blocked-by-the-trump-administration,kvpr.org,"2#Michigan, United States#US#USMI##43.3504#-84.5603#MI#1215;1#Canada#CA#CA##60#-96#CA#149;1#Canada#CA#CA##60#-96#CA#689;1#Canada#CA#CA##60#-96#CA#1246;3#Detroit, Michigan, United States#US#USMI#MI163#42.3314#-83.0458#1617959#245;3#Detroit, Michigan, United States#US#USMI#MI163#42.3314#-83.0458#1617959#536;3#Detroit, Michigan, United States#US#USMI#MI163#42.3314#-83.0458#1617959#1498;1#America#US#US##39.828175#-98.5795#US#195;1#United States#US#US##39.828175#-98.5795#US#260;1#United States#US#US##39.828175#-98.5795#US#551;1#United States#US#US##39.828175#-98.5795#US#728;1#United States#US#US##39.828175#-98.5795#US#1513;1#Canadian#CA#CA##60#-96#CA#931;1#Canadian#CA#CA##60#-96#CA#1193;1#Canadian#CA#CA##60#-96#CA#1426;1#Canadian#CA#CA##60#-96#CA#1805","North America,225;Gordie Howe International Bridge,475;Fame Canadian-born,521;Detroit Red Wings,572;President Trump,659;United States,743;Canadian Trucking Alliance,975;Ontario Trucking,1008;Ambassador Bridge,1675;Alex McLenon,1838",3,gkg_allnames_exact_validity_aware,2026-08-03T20:42:18Z,Codex manual review,true,,2026-08-03,URL path and GKG AllNames context establish an article-context reference to the registered NHL club,,
2bf53b08-d128-5229-85ef-89c441b07cdc,DET-current,DET,Q194116,Detroit Red Wings,2025-12-20,https://www.yardbarker.com/nhl/articles/penguins_sidney_crosby_could_make_history_vs_canadiens/s1_13132_43228944,yardbarker.com,"4#Montreal, Quebec, Canada#CA#CA10#12713#45.5#-73.5833#-569541#59;4#Montreal, Quebec, Canada#CA#CA10#12713#45.5#-73.5833#-569541#561;4#Rimouski, Quebec, Canada#CA#CA10#12780#48.4333#-68.5167#-572272#1047;4#Ottawa, Ontario, Canada#CA#CA08#12755#45.4167#-75.7#-570760#296","Sidney Crosby,14;Pittsburgh Penguins,138;Quebecer Mario,183;Linus Ullmark,218;Rimouski Oceanic,1127;Steve Yzerman,1490;Detroit Red Wings,1679",4,gkg_allnames_exact_validity_aware,2026-08-03T20:42:18Z,Codex manual review,true,,2026-08-03,URL path and GKG AllNames context establish an article-context reference to the registered NHL club,,
25a35b70-e3bd-5ca4-9c79-d907ac6db516,DET-current,DET,Q194116,Detroit Red Wings,2024-03-09,https://www.metro.us/sabres-overcome-2-goal-deficit-and-disallowed-ot-goal-in-3-2-shootout-win-over-oilers/,metro.us,,"Alex Tuch,40;Buffalo Sabres,97;Edmonton Oilers,197;Tage Thompson,289;Pekka Luukkonen,398;Ryan Nugent-Hopkins,556;Warren Foegele,636;Connor McDavid,868;Erik Karlsson,1282;Owen Power,1420;Bowen Byram,1605;Leon Draisaitl,1945;Ryan Gibbons,2512;Pittsburgh Penguins,2725;Detroit Red Wings,2775",5,gkg_allnames_exact_validity_aware,2026-08-03T20:42:18Z,Codex manual review,true,,2026-08-03,URL path and GKG AllNames context establish an article-context reference to the registered NHL club,,
a2620a96-5325-5bd6-a4bb-ebc607844a5c,EDM-current,EDM,Q205973,Edmonton Oilers,2025-11-11,https://www.edmontonexaminer.com:443/news/local-news/edmonton-oilers-honour-war-veterans-remembrance-day,edmontonexaminer.com,"1#Canadians#CA#CA##60#-96#CA#2596;1#Canadian#CA#CA##60#-96#CA#347;1#Canadian#CA#CA##60#-96#CA#449;1#Canadian#CA#CA##60#-96#CA#1281;1#Canadian#CA#CA##60#-96#CA#1516;1#Canadian#CA#CA##60#-96#CA#4028;1#Canadian#CA#CA##60#-96#CA#4941;1#Hong Kong#HK#HK##22.25#114.166667#HK#4452;1#Hong Kong#HK#HK##22.25#114.166667#HK#4573;4#Cold Lake, Alberta, Canada#CA#CA01#154724#54.465#-110.183#-562834#1767;4#Cold Lake, Alberta, Canada#CA#CA01#154724#54.465#-110.183#-562834#3361;1#Canada#CA#CA##60#-96#CA#162;1#Canada#CA#CA##60#-96#CA#537;1#Canada#CA#CA##60#-96#CA#997;1#Canada#CA#CA##60#-96#CA#1775;1#Canada#CA#CA##60#-96#CA#3369;1#Canada#CA#CA##60#-96#CA#3521","Edmonton Oilers,58;Remembrance Day,126;Armed Forces,378;Edmonton Oilers,448;Canadian Armed Forces,486;Marty Jones,541;World War,585;Jackie Carmichael,617;Jake Walman,674;Jack Roslovic,748;Edmonton Oiler,774;Columbus Blue Jackets,809;Rogers Place,967;Remembrance Day,1000;Edmonton Oilers,1517;Canadian Armed Forces,1555;Columbus Blue,1622;Bob Jazwinski,1676;Jackie Carmichael,1747;Bob Jazwinski,1795;Cold Lake,1812;Old Timer,2056;United Nations,2706;Old Timer,3430;Oilers Warriors,3521;Remembrance Day,3838;Edmonton Oilers Community Foundation,4018;Homes For Heroes,4163;Wounded Warriors,4185;Royal Canadian Legion,4212;Military Family Resource Centres,4256;Oilers Warrior,4284;Oilers Connor McDavid,4347;Columbus Blue Jackets,4414;Edmonton Oilers,4556;Hong Kong,4675;Second World War,4703;Edmonton Journal,5123;Edmonton Sun,5141;National Post,5160;Edmonton Journal,5222",1,gkg_allnames_exact_validity_aware,2026-08-03T20:42:18Z,Codex manual review,true,,2026-08-03,URL path and GKG AllNames context establish an article-context reference to the registered NHL club,,
f40405e7-ed32-588a-a7d2-7af8d0a2cb0d,EDM-current,EDM,Q205973,Edmonton Oilers,2024-05-04,https://oilonwhyte.com/posts/kris-knoblauch-snubbed-jack-adams-nominations,oilonwhyte.com,,"Edmonton Oiler,106;Jack Adams,194;Jay Woodcraft,439;Rick Bowness,952;Winnipeg Jets,973;Andrew Brunette,994;Nashville Predators,1021;Rick Tocchet,1043;Rick Tocchet,1653;Jack Adams,2708;Jack Adams Award,2763;Kris Knoblauch,2798;Edmonton Oilers,2848",2,gkg_allnames_exact_validity_aware,2026-08-03T20:42:18Z,Codex manual review,true,,2026-08-03,URL path and GKG AllNames context establish an article-context reference to the registered NHL club,,
b209bac9-ab02-50be-a7cb-f8c911a7a40f,EDM-current,EDM,Q205973,Edmonton Oilers,2025-12-22,https://www.640wxsm.com/2025/12/21/oilers-score-first-four-goals-hold-off-golden-knights-by-one/,640wxsm.com,"2#Utah, United States#US#USUT##40.1135#-111.854#UT#650","Ryan Nugent-Hopkins,20;Connor McDavid,73;Edmonton Oilers,123;Vegas Golden Knights,212;Zach Hyman,377;Leon Draisaitl,426;Pacific Division,526;Tristan Jarry,809;Noah Hanifin,917;Mitch Marner,953;Pavel Dorofeyev,998;Golden Knights,1132;Jeremy Lauzon,1359;Darnell Nurse,1913;Golden Knights,2108",3,gkg_allnames_exact_validity_aware,2026-08-03T20:42:18Z,Codex manual review,true,,2026-08-03,URL path and GKG AllNames context establish an article-context reference to the registered NHL club,,
888f101e-492b-5df8-b73a-451f2e9c9f39,EDM-current,EDM,Q205973,Edmonton Oilers,2024-05-12,https://www.coastreporter.net/local-news/reader-photos-the-aurora-dance-over-the-sunshine-coast-8733447,coastreporter.net,1#Canada#CA#CA##60#-96#CA#338;1#Canada#CA#CA##60#-96#CA#522;1#Canada#CA#CA##60#-96#CA#766;1#Canada#CA#CA##60#-96#CA#844;1#Canada#CA#CA##60#-96#CA#984;1#Sweden#SW#SW##62#15#SW#1733;1#Canadian#CA#CA##60#-96#CA#631;1#American#US#US##39.828175#-98.5795#US#1010,"While Sunshine Coasters,24;Vancouver Canuck,78;Edmonton Oilers,115;Stanley Cup Playoffs,175;Weather Canada,561;Space Weather Forecast,749;Space Weather Canada,932;Space Weather Canada,1094;American National Oceanic,1138;Atmospheric Administration,1169;Space Weather Prediction Centre,1218;South Africa,1936",4,gkg_allnames_exact_validity_aware,2026-08-03T20:42:18Z,Codex manual review,true,,2026-08-03,URL path and GKG AllNames context establish an article-context reference to the registered NHL club,,
cb333184-bf3b-5ef4-b5c5-f4cbbc19b3f3,EDM-current,EDM,Q205973,Edmonton Oilers,2025-08-20,https://www.muskokaregion.com/news/toronto-maple-leafs-tickets-on-sale/article_0235f30b-ed95-5a30-90ac-940fd7441818.html,muskokaregion.com,"3#Tampa Bay, Florida, United States#US#USFL#FL103#27.765#-82.5825#294169#1629;2#Colorado, United States#US#USCO##39.0646#-105.327#CO#2001;2#Florida, United States#US#USFL##27.8333#-81.717#FL#1873;4#Toronto, Ontario, Canada#CA#CA08#12686#43.6667#-79.4167#-574890#7;4#Toronto, Ontario, Canada#CA#CA08#12686#43.6667#-79.4167#-574890#192;4#Toronto, Ontario, Canada#CA#CA08#12686#43.6667#-79.4167#-574890#808;4#Toronto, Ontario, Canada#CA#CA08#12686#43.6667#-79.4167#-574890#1521;4#Toronto, Ontario, Canada#CA#CA08#12686#43.6667#-79.4167#-574890#1724;4#Toronto, Ontario, Canada#CA#CA08#12686#43.6667#-79.4167#-574890#1809;4#Toronto, Ontario, Canada#CA#CA08#12686#43.6667#-79.4167#-574890#2022;3#Dallas, Texas, United States#US#USTX#TX113#32.7831#-96.8067#1380944#2091","Toronto Maple Leafs,20;Toronto Maple Leafs,216;Maple Leafs,564;Montreal Canadiens,595;Ottawa Senators,842;Maple Leafs,935;Montreal Canadiens,1062;Detroit Red,1146;Maple Leafs,1347;Sidney Crosby,1532;Pittsburgh Penguins,1560;Connor McDavid,1756;Edmonton Oilers,1780;Connor Bedard,1848;Chicago Blackhawks,1875;Mitch Marner,2023;Nathan MacKinnon,2092;Colorado Avalanche,2119;Montreal Canadiens,2508;Mitch Marner,2664",5,gkg_allnames_exact_validity_aware,2026-08-03T20:42:18Z,Codex manual review,true,,2026-08-03,URL path and GKG AllNames context establish an article-context reference to the registered NHL club,,
30a6a89e-f928-5234-a4fd-4746b023d75c,FLA-current,FLA,Q204623,Florida Panthers,2025-08-12,https://www.insidehalton.com/news/ontario-residents-can-enjoy-a-dq-blizzard-and-support-their-local-childrens-hospital/article_8f98fc1d-51ab-503a-93ff-c1af1af7d3aa.html,insidehalton.com,"1#Canada#CA#CA##60#-96#CA#246;1#Canada#CA#CA##60#-96#CA#710;1#Canada#CA#CA##60#-96#CA#1601;1#Canada#CA#CA##60#-96#CA#2113;1#Canada#CA#CA##60#-96#CA#2310;1#Canadian#CA#CA##60#-96#CA#480;1#Canadian#CA#CA##60#-96#CA#1194;1#Canadian#CA#CA##60#-96#CA#1889;2#Florida, United States#US#USFL##27.8333#-81.717#FL#888;1#Canadians#CA#CA##60#-96#CA#1398","Dairy Queen Blizzard,125;Treat Day,216;Mixing Bowl Mashup,308;Caramel Crave Blizzards,356;Miracle Treat Day,449;Stanley Cup,510;Brad Marchand,533;Florida Panthers,879;Blizzard Treat,1246;Miracle Treat Day,1299;Miracle Treat,1443;Candida Ness,1543;Miracle Treat Day,1816;Miracle Treat Day,1976;Miracle Treat Day,2240;Adam Starkman,2335;Blizzard Treat,2420",1,gkg_allnames_exact_validity_aware,2026-08-03T20:42:18Z,Codex manual review,true,,2026-08-03,URL path and GKG AllNames context establish an article-context reference to the registered NHL club,,
3e660bda-7c3c-5f67-b6e9-701fe8ecab40,FLA-current,FLA,Q204623,Florida Panthers,2025-01-16,https://wmtram.com/2025/01/15/things-to-do-in-new-jersey-this-weekend-january-17-january-19/,wmtram.com,"3#Jersey City, New Jersey, United States#US#USNJ#NJ017#40.7282#-74.0776#877450#2522;3#Jersey City, New Jersey, United States#US#USNJ#NJ017#40.7282#-74.0776#877450#2556;2#Florida, United States#US#USFL##27.8333#-81.717#FL#77;2#Florida, United States#US#USFL##27.8333#-81.717#FL#248;2#Florida, United States#US#USFL##27.8333#-81.717#FL#415;3#Newark, New Jersey, United States#US#USNJ#NJ013#40.7357#-74.1724#878762#113;3#Newark, New Jersey, United States#US#USNJ#NJ013#40.7357#-74.1724#878762#374;3#Newark, New Jersey, United States#US#USNJ#NJ013#40.7357#-74.1724#878762#1802;3#Newark, New Jersey, United States#US#USNJ#NJ013#40.7357#-74.1724#878762#2119;3#Liberty Science Center, New Jersey, United States#US#USNJ#NJ017#40.7098#-74.054#2057619#795;3#Liberty Science Center, New Jersey, United States#US#USNJ#NJ017#40.7098#-74.054#2057619#2264;3#Liberty Science Center, New Jersey, United States#US#USNJ#NJ017#40.7098#-74.054#2057619#2491;1#Jersey#JE#JE##49.216667#-2.116667#JE#33;1#Jersey#JE#JE##49.216667#-2.116667#JE#99;1#Jersey#JE#JE##49.216667#-2.116667#JE#141;1#Jersey#JE#JE##49.216667#-2.116667#JE#193;1#Jersey#JE#JE##49.216667#-2.116667#JE#300;1#Jersey#JE#JE##49.216667#-2.116667#JE#402;1#Jersey#JE#JE##49.216667#-2.116667#JE#448;1#Jersey#JE#JE##49.216667#-2.116667#JE#560;1#Jersey#JE#JE##49.216667#-2.116667#JE#1156;1#Jersey#JE#JE##49.216667#-2.116667#JE#1600;1#Jersey#JE#JE##49.216667#-2.116667#JE#1666;1#Jersey#JE#JE##49.216667#-2.116667#JE#1830;1#Jersey#JE#JE##49.216667#-2.116667#JE#1869;1#Jersey#JE#JE##49.216667#-2.116667#JE#1943;1#Jersey#JE#JE##49.216667#-2.116667#JE#2147;1#Jersey#JE#JE##49.216667#-2.116667#JE#2517;1#Jersey#JE#JE##49.216667#-2.116667#JE#2551;1#Jersey#JE#JE##49.216667#-2.116667#JE#2584;1#Jersey#JE#JE##49.216667#-2.116667#JE#3043;2#New Jersey, United States#US#USNJ##40.314#-74.5089#NJ#33;2#New Jersey, United States#US#USNJ##40.314#-74.5089#NJ#99;2#New Jersey, United States#US#USNJ##40.314#-74.5089#NJ#141;2#New Jersey, United States#US#USNJ##40.314#-74.5089#NJ#193;2#New Jersey, United States#US#USNJ##40.314#-74.5089#NJ#300;2#New Jersey, United States#US#USNJ##40.314#-74.5089#NJ#402;2#New Jersey, United States#US#USNJ##40.314#-74.5089#NJ#448;2#New Jersey, United States#US#USNJ##40.314#-74.5089#NJ#560;2#New Jersey, United States#US#USNJ##40.314#-74.5089#NJ#1156;2#New Jersey, United States#US#USNJ##40.314#-74.5089#NJ#1600;2#New Jersey, United States#US#USNJ##40.314#-74.5089#NJ#1666;2#New Jersey, United States#US#USNJ##40.314#-74.5089#NJ#1830;2#New Jersey, United States#US#USNJ##40.314#-74.5089#NJ#1869;2#New Jersey, United States#US#USNJ##40.314#-74.5089#NJ#1943;2#New Jersey, United States#US#USNJ##40.314#-74.5089#NJ#2147;2#New Jersey, United States#US#USNJ##40.314#-74.5089#NJ#2584;2#New Jersey, United States#US#USNJ##40.314#-74.5089#NJ#3043;3#Long Branch, New Jersey, United States#US#USNJ#NJ025#40.3043#-73.9924#882496#1128;3#Philadelphia, Pennsylvania, United States#US#USPA#PA101#39.9523#-75.1638#1209052#1624;3#Philadelphia, Pennsylvania, United States#US#USPA#PA101#39.9523#-75.1638#1209052#1690;3#Philadelphia, Pennsylvania, United States#US#USPA#PA101#39.9523#-75.1638#1209052#1969;3#Atlantic City, New Jersey, United States#US#USNJ#NJ001#39.3643#-74.4229#874413#3252","New Jersey This Weekend,50;New Jersey Devils,123;Jacob Markstrom,163;New Jersey Devils,193;Sam Reinhart,223;Florida Panthers,252;Johnathan Kovacevic,275;New Jersey Devils,305;Prudential Center,358;Florida Panthers,432;New Jersey Devils,463;New Jersey,588;Pier Village,686;Curious George,799;Liberty Science Center,833;Martin Luther King,899;Commemorative Breakfast,932;Winter Poetry,953;Family Fun Weekend,997;Winter Family Fun,1040;Pier Village,1173;Long Branch,1206;Winter Family Fun Weekend,1340;Pier Village,1356;Bead Bar,1653;New Jersey Devils,1701;New Jersey Devils,1753;Prudential Center,1872;New Jersey Devils,1963;New Jersey Devils,2039;Philadelphia Flyers,2067;Prudential Center,2185;New Jersey,2211;Liberty Science,2325;Curious George,2356;Liberty Science Center,2603;City Blvd,2623;Jersey City,2641;New Jersey,3126;Souperhero Stroll,3238;Bay Atlantic Symphony,3292;Dancing With The Stars,3329;Newsletter Delivered To Your,3389",2,gkg_allnames_exact_validity_aware,2026-08-03T20:42:18Z,Codex manual review,true,,2026-08-03,URL path and GKG AllNames context establish an article-context reference to the registered NHL club,,
33ddbc34-38ed-54dd-ac56-c0ad2e0e5214,FLA-current,FLA,Q204623,Florida Panthers,2023-11-03,https://www.cambodiantimes.com/news/274021056/bruins-d-charlie-mcavoy-appealing-4-game-suspension,cambodiantimes.com,"2#Florida, United States#US#USFL##27.8333#-81.717#FL#171;2#Florida, United States#US#USFL##27.8333#-81.717#FL#688;4#Toronto, Ontario, Canada#CA#CA08#12686#43.6667#-79.4167#-574890#584","Kiyoshi Mio-United States,45;Charlie McAvoy,98;Florida Panthers,189;Oliver Ekman-Larsson,221;Gary Bettman,460;Toronto Maple Leafs,621;Player Safety,883;Field Level,1090",3,gkg_allnames_exact_validity_aware,2026-08-03T20:42:18Z,Codex manual review,true,,2026-08-03,URL path and GKG AllNames context establish an article-context reference to the registered NHL club,,
bb9310b0-7439-5116-8567-6100cb3a67a5,FLA-current,FLA,Q204623,Florida Panthers,2024-06-04,https://www.agassizharrisonobserver.com/news/oilers-back-in-cup-final-and-fans-from-arctic-circle-to-philippines-celebrate-7370182,agassizharrisonobserver.com,"2#Florida, United States#US#USFL##27.8333#-81.717#FL#1372;2#Florida, United States#US#USFL##27.8333#-81.717#FL#4816;2#Texas, United States#US#USTX##31.106#-97.6475#TX#4049;4#Inuvik, Northwest Territories, Canada#CA#CA13#25042#68.35#-133.7#-566625#1547;5#Northwest Territories, Northwest Territories, Canada#CA#CA13#25042#65#-118#-570392#1584;3#Dallas, Texas, United States#US#USTX#TX113#32.7831#-96.8067#1380944#847;3#Miami, Florida, United States#US#USFL#FL086#25.7743#-80.1937#295004#4717;4#Ottawa, Ontario, Canada#CA#CA08#12755#45.4167#-75.7#-570760#3828;1#Canada#CA#CA##60#-96#CA#549;1#Canada#CA#CA##60#-96#CA#1555;1#Canada#CA#CA##60#-96#CA#1592;1#Canada#CA#CA##60#-96#CA#1969;1#Canada#CA#CA##60#-96#CA#3686;1#Canada#CA#CA##60#-96#CA#3836;3#Los Angeles, California, United States#US#USCA#CA037#34.0522#-118.244#1662328#2139;1#Philippines#RP#RP##13#122#RP#160;1#Philippines#RP#RP##13#122#RP#579;1#Mexican#MX#MX##23#-102#MX#2752;4#Saskatchewan, Manitoba, Canada#CA#CA03#154724#52.15#-97.7167#-575075#3678","Edmonton Oilers,20;Stanley Cup,48;Arctic Circle,107;Dylan Holloway,500;Gil Spanglet,809;Dallas Stars Sunday,901;Stanley Cup,1137;Rogers Place Sunday,1267;Northwest Territories,1653;Stanley Cup,1947;Carolina Hurricanes,2024;Los Angeles Kings,2241;Vancouver Canucks,2307;Joey Moss,2555;Leon Draisaitl,2824;Ritchie Valens,2934;Rogers Place,3058;Ben Stelter,3226;Saskatchewan Premier Scott Moe,3875;Premier Danielle Smith,4141;Opposition New Democrats,4498;Naheed Nenshi,4726;Florida Panthers,5018;Wayne Gretzky,5240;West Edmonton,5279",4,gkg_allnames_exact_validity_aware,2026-08-03T20:42:18Z,Codex manual review,true,,2026-08-03,URL path and GKG AllNames context establish an article-context reference to the registered NHL club,,
d1717c11-e8bd-5d0c-a71f-e35029a8f4c7,FLA-current,FLA,Q204623,Florida Panthers,2026-02-16,https://wpdh.com/bravest-vs-finest-game-poughkeepsie/,wpdh.com,"1#United States#US#US##39.828175#-98.5795#US#103;1#United States#US#US##39.828175#-98.5795#US#1269;1#United States#US#US##39.828175#-98.5795#US#1664;1#United States#US#US##39.828175#-98.5795#US#2172;1#United States#US#US##39.828175#-98.5795#US#2564;3#Poughkeepsie, New York, United States#US#USNY#NY027#41.7004#-73.921#961058#88;3#Poughkeepsie, New York, United States#US#USNY#NY027#41.7004#-73.921#961058#1649;3#Poughkeepsie, New York, United States#US#USNY#NY027#41.7004#-73.921#961058#2157;4#Nassau, New Providence, Bahamas, The#BF#BF23#5747#25.0833#-77.35#-1543832#2302;2#New York, United States#US#USNY##42.1497#-74.9384#NY#402;2#New York, United States#US#USNY##42.1497#-74.9384#NY#599;2#New York, United States#US#USNY##42.1497#-74.9384#NY#2194;2#New York, United States#US#USNY##42.1497#-74.9384#NY#2275;2#New York, United States#US#USNY##42.1497#-74.9384#NY#2477;2#New York, United States#US#USNY##42.1497#-74.9384#NY#2622;3#Lake Placid, New York, United States#US#USNY#NY031#44.2795#-73.9799#954931#2549;2#Florida, United States#US#USFL##27.8333#-81.717#FL#420","McCann Ice Arena,44;New Year,206;LoanDepot Park,380;New York Rangers,418;Florida Panthers,439;Hudson Valley Guns,528;Hudson Valley,607;Hudson Valley Guns,768;United States,1320;Criminal Justice,1358;Fire Science,1376;Disaster Preparedness,1403;Emergency Management,1428;Public Administration,1455;Emergency Medical,1476;Valley Guns,1562;Hoses Bravest,1580;Winter Classic,1607;McCann Ice Arena,1693;McCann Ice Arena,1844;Does New York,2292;Abandoned' Hockey Arena Look Like,2328;New York Islanders,2386;Nassau Coliseum,2412;Beautiful Photos Capturing Upstate New York,2571;Lake Placid,2659;New York,2718",5,gkg_allnames_exact_validity_aware,2026-08-03T20:42:18Z,Codex manual review,true,,2026-08-03,URL path and GKG AllNames context establish an article-context reference to the registered NHL club,,
d0fffaf5-6d61-582f-b4b8-f89dcf9a9539,LAK-current,LAK,Q203008,Los Angeles Kings,2026-01-21,https://dose.ca/2026/01/20/the-canadiens-inquire-about-nazem-kadri/,dose.ca,"2#Colorado, United States#US#USCO##39.0646#-105.327#CO#1379;4#Montreal, Quebec, Canada#CA#CA10#12713#45.5#-73.5833#-569541#838;4#Calgary, Alberta, Canada#CA#CA01#12549#51.0833#-114.083#-561990#354;4#Calgary, Alberta, Canada#CA#CA01#12549#51.0833#-114.083#-561990#1681;3#Philadelphia, Pennsylvania, United States#US#USPA#PA101#39.9523#-75.1638#1209052#2645;4#Toronto, Ontario, Canada#CA#CA08#12686#43.6667#-79.4167#-574890#1175;3#Los Angeles, California, United States#US#USCA#CA037#34.0522#-118.244#1662328#285","Nazem Kadri,12;Maple Leafs,242;Los Angeles Kings,311;Calgary Flames,366;Nick Suzuki,990;Oliver Kapanen,1022;Rasmus Andersson,1812;Nazem Kadri,1894;Brandon Hagel,2129;Brandon Hagel,2177;Carolina Hurricanes,2529;Jake Guentzel,2591;Ben Hankinson,2702",1,gkg_allnames_exact_validity_aware,2026-08-03T20:42:18Z,Codex manual review,true,,2026-08-03,URL path and GKG AllNames context establish an article-context reference to the registered NHL club,,
fb77ee44-e629-5a45-997f-9053c2a38af5,LAK-current,LAK,Q203008,Los Angeles Kings,2025-09-09,https://ottawasun.com/ottawa-senators/blue-line-questions-await-training-camp,ottawasun.com,"3#Los Angeles, California, United States#US#USCA#CA037#34.0522#-118.244#1662328#6256;4#Montreal, Quebec, Canada#CA#CA10#12713#45.5#-73.5833#-569541#5027;1#American#US#US##39.828175#-98.5795#US#5379;4#Calgary, Alberta, Canada#CA#CA01#12549#51.0833#-114.083#-561990#5143;4#Calgary, Alberta, Canada#CA#CA01#12549#51.0833#-114.083#-561990#5508;4#Ottawa, Ontario, Canada#CA#CA08#12755#45.4167#-75.7#-570760#32;4#Ottawa, Ontario, Canada#CA#CA08#12755#45.4167#-75.7#-570760#480;4#Ottawa, Ontario, Canada#CA#CA08#12755#45.4167#-75.7#-570760#688;4#Ottawa, Ontario, Canada#CA#CA08#12755#45.4167#-75.7#-570760#1172;4#Ottawa, Ontario, Canada#CA#CA08#12755#45.4167#-75.7#-570760#1225;4#Ottawa, Ontario, Canada#CA#CA08#12755#45.4167#-75.7#-570760#1774;4#Ottawa, Ontario, Canada#CA#CA08#12755#45.4167#-75.7#-570760#1827;4#Ottawa, Ontario, Canada#CA#CA08#12755#45.4167#-75.7#-570760#6491;4#Ottawa, Ontario, Canada#CA#CA08#12755#45.4167#-75.7#-570760#6539;2#Florida, United States#US#USFL##27.8333#-81.717#FL#3034;1#Swedish#SW#SW##62#15#SW#566;1#Swedish#SW#SW##62#15#SW#4700;1#Canada#CA#CA##60#-96#CA#40;1#Canada#CA#CA##60#-96#CA#488;1#Canada#CA#CA##60#-96#CA#696;1#Canada#CA#CA##60#-96#CA#922;1#Canada#CA#CA##60#-96#CA#1180;1#Canada#CA#CA##60#-96#CA#1233;1#Canada#CA#CA##60#-96#CA#1524;1#Canada#CA#CA##60#-96#CA#1782;1#Canada#CA#CA##60#-96#CA#1835;1#Canada#CA#CA##60#-96#CA#2173;1#Canada#CA#CA##60#-96#CA#2500;1#Canada#CA#CA##60#-96#CA#5035;1#Canada#CA#CA##60#-96#CA#5151;1#Canada#CA#CA##60#-96#CA#5516;1#Canada#CA#CA##60#-96#CA#6499;1#Canada#CA#CA##60#-96#CA#6547;2#New York, United States#US#USNY##42.1497#-74.9384#NY#1374;2#New York, United States#US#USNY##42.1497#-74.9384#NY#1976;1#Canadian#CA#CA##60#-96#CA#750","Ottawa Senators,42;Lassi Thomson,447;Ottawa Senators,508;Swedish Hockey,595;Ottawa Senators,697;Canadian Tire,747;Bruce Garrioch,911;Ken Warren,927;Tim Baines,942;Gary Dimmock,989;Lynn Saxberg,1043;Ottawa Sun,1137;New York Times,1339;Bruce Garrioch,1493;Ken Warren,1509;Tim Baines,1524;Gary Dimmock,1571;Lynn Saxberg,1625;Ottawa Sun,1719;New York Times,1921;Stanley Cup,2851;Florida Panthers,2877;Jake Sanderson,2909;Thomas Chabot,2928;Artem Zub,2943;Jordan Spence,2962;Tyler Kleven,2980;Nikolas Matinpalo,3002;Nick Jensen,3186;Steve Staios,3364;Lassi Thomson,4476;Cameron Crotty,4760;Donovan Sebrango,4826;Carter Yakemchuk,4908;Travis Green,5016;Western Hockey League,5085;Calgary Hitmen,5101;American Hockey League,5346;Los Angeles Kings,6242;Ottawa Senators,6476;Ottawa Senators,6514;Max Guenette,6892",2,gkg_allnames_exact_validity_aware,2026-08-03T20:42:18Z,Codex manual review,true,,2026-08-03,URL path and GKG AllNames context establish an article-context reference to the registered NHL club,,
d7b39b8d-b5b3-5a64-8e2b-e5284adbb668,LAK-current,LAK,Q203008,Los Angeles Kings,2026-03-12,https://clutchpoints.com/nhl/los-angeles-kings/kings-biggest-mistake-2026-nhl-trade-deadline,clutchpoints.com,"2#Utah, United States#US#USUT##40.1135#-111.854#UT#1340;2#Colorado, United States#US#USCO##39.0646#-105.327#CO#2288;2#Colorado, United States#US#USCO##39.0646#-105.327#CO#2550;4#Toronto, Ontario, Canada#CA#CA08#12686#43.6667#-79.4167#-574890#553;3#Los Angeles, California, United States#US#USCA#CA037#34.0522#-118.244#1662328#15;3#Los Angeles, California, United States#US#USCA#CA037#34.0522#-118.244#1662328#478;3#Los Angeles, California, United States#US#USCA#CA037#34.0522#-118.244#1662328#1427;3#Los Angeles, California, United States#US#USCA#CA037#34.0522#-118.244#1662328#1629;3#Los Angeles, California, United States#US#USCA#CA037#34.0522#-118.244#1662328#1817","Los Angeles Kings,22;Artemi Panarin,154;New York Rangers,180;Ken Holland,342;Corey Perry,386;Warren Foegele,405;Los Angeles,496;Scott Laughton,539;Toronto Maple,562;Seattle Kraken,1121;San Jose Sharks,1334;Utah Mammoth,1386;Los Angeles,1470;Central Division,1540;Corey Perry,1600;Angeles Kings,1641;Corey Perry,1664;Vegas Golden Knights,1743;Tampa Bay Lightning,1880;Colorado Avalanche,2313",3,gkg_allnames_exact_validity_aware,2026-08-03T20:42:18Z,Codex manual review,true,,2026-08-03,URL path and GKG AllNames context establish an article-context reference to the registered NHL club,,
a4175aaa-4669-558e-a76e-323a5347fef0,LAK-current,LAK,Q203008,Los Angeles Kings,2025-11-09,https://www.640wxsm.com/2025/11/09/kings-continue-road-winning-ways-with-third-period-surge-past-penguins/,640wxsm.com,"2#New Jersey, United States#US#USNJ##40.314#-74.5089#NJ#967;3#Los Angeles, California, United States#US#USCA#CA037#34.0522#-118.244#1662328#123;3#Los Angeles, California, United States#US#USCA#CA037#34.0522#-118.244#1662328#215;3#Los Angeles, California, United States#US#USCA#CA037#34.0522#-118.244#1662328#682;3#Los Angeles, California, United States#US#USCA#CA037#34.0522#-118.244#1662328#1267","Kevin Fiala,12;Los Angeles Kings,140;Pittsburgh Penguins,194;Corey Perry,263;Cody Ceci,286;Erik Karlsson,501;Sergei Murashov,544;Anze Kopitar,661;Los Angeles,696;King Darcy Kuemper,778;Anthony Mantha,826;Tristan Jarry,917;Arturs Silovs,940;New Jersey,996;Evgeni Malkin,1249;Los Angeles,1319;Kris Letang,1832",4,gkg_allnames_exact_validity_aware,2026-08-03T20:42:18Z,Codex manual review,true,,2026-08-03,URL path and GKG AllNames context establish an article-context reference to the registered NHL club,,
604d34de-33a2-5ece-836d-d59b6da91627,LAK-current,LAK,Q203008,Los Angeles Kings,2026-02-05,http://www.clevelandstar.com/news/278851203/capitals-f-pierre-luc-dubois-returns-to-lineup-after-47-game-absence,clevelandstar.com,"3#Los Angeles, California, United States#US#USCA#CA037#34.0522#-118.244#1662328#944;3#Seattle, Washington, United States#US#USWA#WA033#47.6062#-122.332#1512650#1290;2#Washington, United States#US#USWA##47.3917#-121.571#WA#53;2#Washington, United States#US#USWA##47.3917#-121.571#WA#380;2#Washington, United States#US#USWA##47.3917#-121.571#WA#1319","Jerome Miron-Imagn Images,45;Pierre-Luc Dubois,95;Nashville Predators,157;New York Islanders,443;Columbus Blue Jackets,982;Winnipeg Jets,1016;Los Angeles Kings,1054;Blue Jackets,1143;Logan Thompson,1326;Sonny Milano,1466;Field Level,1529",5,gkg_allnames_exact_validity_aware,2026-08-03T20:42:18Z,Codex manual review,true,,2026-08-03,URL path and GKG AllNames context establish an article-context reference to the registered NHL club,,
1f1b4f2f-53f0-55e3-b4ec-a0ae9fe1dcd8,MIN-current,MIN,Q206357,Minnesota Wild,2024-10-08,https://www.si.com/onsi/breakaway/news-feed-page/minnesota-wild-extend-emerging-goalie-jesper-wallstedt,si.com,"2#Iowa, United States#US#USIA##42.0046#-93.214#IA#503;2#Iowa, United States#US#USIA##42.0046#-93.214#IA#661;1#Sweden#SW#SW##62#15#SW#765;1#Sweden#SW#SW##62#15#SW#946;2#Minnesota, United States#US#USMN##45.7326#-93.9196#MN#13;2#Minnesota, United States#US#USMN##45.7326#-93.9196#MN#520;2#Minnesota, United States#US#USMN##45.7326#-93.9196#MN#1119;2#Minnesota, United States#US#USMN##45.7326#-93.9196#MN#1473;1#Swede#SW#SW##62#15#SW#258","Minnesota Wild,19;Jesper Wallstedt,59;Chicago Blackhawks,502;Iowa Wild,582;Calder Cup Playoffs,781;Andre Fleury,1273;Filip Gustavsson,1355;Columbus Blue Jackets,1641",1,gkg_allnames_exact_validity_aware,2026-08-03T20:42:18Z,Codex manual review,true,,2026-08-03,URL path and GKG AllNames context establish an article-context reference to the registered NHL club,,
fcea81e3-e2c9-5f7e-97c2-9dcada4af403,MIN-current,MIN,Q206357,Minnesota Wild,2026-02-27,https://kfgo.com/2026/02/27/u-s-olympian-matt-boldy-has-2-goals-and-2-assists-in-wilds-5-2-win-over-avs/,kfgo.com,"2#Utah, United States#US#USUT##40.1135#-111.854#UT#737;2#Utah, United States#US#USUT##40.1135#-111.854#UT#928;2#Colorado, United States#US#USCO##39.0646#-105.327#CO#156;2#Colorado, United States#US#USCO##39.0646#-105.327#CO#666;2#Minnesota, United States#US#USMN##45.7326#-93.9196#MN#133;2#Minnesota, United States#US#USMN##45.7326#-93.9196#MN#231;2#Minnesota, United States#US#USMN##45.7326#-93.9196#MN#524;2#Minnesota, United States#US#USMN##45.7326#-93.9196#MN#612;3#Denver, Colorado, United States#US#USCO#CO031#39.7392#-104.985#201738#6","Matt Boldy,46;Filip Gustavsson,98;Minnesota Wild,139;Colorado Avalanche,167;Quinn Hughes,372;Host Chicago,1035",2,gkg_allnames_exact_validity_aware,2026-08-03T20:42:18Z,Codex manual review,true,,2026-08-03,URL path and GKG AllNames context establish an article-context reference to the registered NHL club,,
8ecd4b8e-3f21-538f-8819-b020887254e3,MIN-current,MIN,Q206357,Minnesota Wild,2026-05-12,https://russianmachineneverbreaks.com/2026/05/12/bill-guerin-chris-macfarland-pat-verbeek-finalists-jim-gregory-nhl-general-manager-of-the-year-award/,russianmachineneverbreaks.com,"2#Colorado, United States#US#USCO##39.0646#-105.327#CO#303;3#Anaheim, California, United States#US#USCA#CA059#33.8353#-117.915#1652663#342;3#Los Angeles, California, United States#US#USCA#CA037#34.0522#-118.244#1662328#1111;3#Dallas, Texas, United States#US#USTX#TX113#32.7831#-96.8067#1380944#604","Jim Gregory General Manager,81;Year Award,99;Minnesota Wild,288;Bill Guerin,301;Colorado Avalanche,325;Chris MacFarland,343;Anaheim Duck Pat Verbeek,377;Quinn Hughes,496;Vancouver Canucks,523;Vladimir Tarasenko,703;Nico Sturm,718;Bobby Brink,773;Nick Foligno,791;Los Angeles Kings,1151;Brock Nelson,1255;Brent Burns,1291;Nazem Kadri,1324;Brett Kulak,1341;Nicolas Roy,1358;Western Conference,1654;Chris Kreider,1772;Mikael Granlund,1801;Jeffrey Viel,1827;Chris MacFarland,1933;Pat Verbeek,1954;Jim Gregory General Manager,2008",3,gkg_allnames_exact_validity_aware,2026-08-03T20:42:18Z,Codex manual review,true,,2026-08-03,URL path and GKG AllNames context establish an article-context reference to the registered NHL club,,
c049081f-4052-5d3b-914b-30682af99d6a,MIN-current,MIN,Q206357,Minnesota Wild,2026-05-12,https://bleacherreport.com/articles/25427096-dirty-player-avs-manson-ripped-wilds-mccarron-after-getting-hit-stick-face,bleacherreport.com,"2#Colorado, United States#US#USCO##39.0646#-105.327#CO#80;2#Colorado, United States#US#USCO##39.0646#-105.327#CO#562;2#Colorado, United States#US#USCO##39.0646#-105.327#CO#1338;2#Colorado, United States#US#USCO##39.0646#-105.327#CO#1591;2#Colorado, United States#US#USCO##39.0646#-105.327#CO#1969;4#Toronto, Ontario, Canada#CA#CA08#12686#43.6667#-79.4167#-574890#360;2#Minnesota, United States#US#USMN##45.7326#-93.9196#MN#9;2#Minnesota, United States#US#USMN##45.7326#-93.9196#MN#1286;2#Minnesota, United States#US#USMN##45.7326#-93.9196#MN#1413","Minnesota Wild,15;Michael McCarron,40;Colorado Avalanche,91;Josh Manson,114;Maple Leafs,369;First Round Flyers,436;Danila Yurov,1301;Western Conference,2062;Vegas Golden Knights,2389;Western Conference Finals,2448;Stanley Cup,2478",4,gkg_allnames_exact_validity_aware,2026-08-03T20:42:18Z,Codex manual review,true,,2026-08-03,URL path and GKG AllNames context establish an article-context reference to the registered NHL club,,
27e84960-1a65-5bb6-bc82-33c4dcc60e45,MIN-current,MIN,Q206357,Minnesota Wild,2023-11-18,https://www.hameensanomat.fi/urheilu/6361084,hameensanomat.fi,"1#Finnish#FI#FI##64#26#FI#530;1#Swedish#SW#SW##62#15#SW#1273;4#Toronto, Ontario, Canada#CA#CA08#12686#43.6667#-79.4167#-574890#7;4#Toronto, Ontario, Canada#CA#CA08#12686#43.6667#-79.4167#-574890#96;4#Toronto, Ontario, Canada#CA#CA08#12686#43.6667#-79.4167#-574890#231;4#Toronto, Ontario, Canada#CA#CA08#12686#43.6667#-79.4167#-574890#436;4#Toronto, Ontario, Canada#CA#CA08#12686#43.6667#-79.4167#-574890#1010;4#Toronto, Ontario, Canada#CA#CA08#12686#43.6667#-79.4167#-574890#1083;4#Toronto, Ontario, Canada#CA#CA08#12686#43.6667#-79.4167#-574890#1248;4#Stockholm, Stockholm, Sweden#SW#SW26#26170#59.3333#18.05#-2524279#123;4#Stockholm, Stockholm, Sweden#SW#SW26#26170#59.3333#18.05#-2524279#954;4#Stockholm, Stockholm, Sweden#SW#SW26#26170#59.3333#18.05#-2524279#1180;4#Ottawa, Ontario, Canada#CA#CA08#12755#45.4167#-75.7#-570760#1206;2#Minnesota, United States#US#USMN##45.7326#-93.9196#MN#1287","Journal Toronto,94;Stockholm Wings,119;William Nylander,312;Detroit Finnish,522;Ottawa Senators Thursday,1218;Toronto Point In Swedish,1252;Minnesota Wild,1271",5,gkg_allnames_exact_validity_aware,2026-08-03T20:42:18Z,Codex manual review,true,,2026-08-03,URL path and GKG AllNames context establish an article-context reference to the registered NHL club,,
69664f34-44a8-543f-88d7-983a090ad7a3,MTL-current,MTL,Q188143,Montreal Canadiens,2024-04-12,https://www.habseyesontheprize.com/mike-matheson-stats-highlights-canadiens-islanders-recap-score-result-habs-trades-defencemen-offseason-habs-news/,habseyesontheprize.com,"4#Ottawa, Ontario, Canada#CA#CA08#12755#45.4167#-75.7#-570760#2433;4#Montreal, Quebec, Canada#CA#CA10#12713#45.5#-73.5833#-569541#88;4#Montreal, Quebec, Canada#CA#CA10#12713#45.5#-73.5833#-569541#692","New York Islanders,56;Montreal Canadiens,102;Mike Matheson,488;Larry Robinson,751;Chris Chelios,789;Guy Lapointe,806;Bottom Six Minutes,2375;Ottawa Senators,2550",1,gkg_allnames_exact_validity_aware,2026-08-03T20:42:18Z,Codex manual review,true,,2026-08-03,URL path and GKG AllNames context establish an article-context reference to the registered NHL club,,
8b9bea54-7db9-53ea-9c51-e25749500f04,MTL-current,MTL,Q188143,Montreal Canadiens,2026-05-20,https://abc11.com/post/stanley-cup-playoffs-hurricanes-canadiens-square-off-eastern-conference-finals/19132068/,abc11.com,"4#Thunder Bay, Ontario, Canada#CA#CA08#12684#48.4#-89.2333#-574784#2824;1#Canadian#CA#CA##60#-96#CA#397;3#Taylor Hall, Colorado, United States#US#USCO#CO051#38.5483#-106.919#1795049#1060;1#United States#US#US##39.828175#-98.5795#US#1075;1#United States#US#US##39.828175#-98.5795#US#1993;1#United States#US#US##39.828175#-98.5795#US#4440;4#Ottawa, Ontario, Canada#CA#CA08#12755#45.4167#-75.7#-570760#1727;4#Montreal, Quebec, Canada#CA#CA10#12713#45.5#-73.5833#-569541#179;4#Montreal, Quebec, Canada#CA#CA10#12713#45.5#-73.5833#-569541#3156;4#Montreal, Quebec, Canada#CA#CA10#12713#45.5#-73.5833#-569541#3608;2#Colorado, United States#US#USCO##39.0646#-105.327#CO#2036;3#Dallas, Texas, United States#US#USTX#TX113#32.7831#-96.8067#1380944#1978","Eastern Conference,36;Carolina Hurricanes,126;Montreal Canadiens,203;Buffalo Sabres,259;Stanley Cup,488;Rod Brind'Amour,580;Taylor Hall,1263;Lane Hutson,1320;Stanley Cup,1484;Stanley Cup,1670;Bay Lightning,1987;Louis Blues,2036;Pittsburgh Penguins,2255;Dallas Stars,2283;Detroit Red Wings,2316;Colorado Avalanche,2349;Chris Osgood,2554;Dwayne Roloson,2586;Jonathan Quick,2618;Tuukka Rask,2646;Jackson Blake,2739;Ulf Samuelsson,2868;Jordan Staal,3120;Peterborough Petes,3342;Hartford Whalers,3649;Stanley Cup,3870;New York Rangers,4209;Golden Knights,4371;Nathan Horton,4652;Steve Penney,4805;Patrick Roy,4868;Cole Caufield,4945;Team United States,5016;Jake Guentzel,5151",2,gkg_allnames_exact_validity_aware,2026-08-03T20:42:18Z,Codex manual review,true,,2026-08-03,URL path and GKG AllNames context establish an article-context reference to the registered NHL club,,
8e27d8ae-c976-52c2-9fe3-a033fda763bc,MTL-current,MTL,Q188143,Montreal Canadiens,2026-07-16,https://www.tsn.ca/nhl/article/canadiens-re-sign-dach-to-one-year-36-million-deal/,tsn.ca,,"Montreal Canadiens,23;Kirby Dach,76;Montreal Canadiens,240;Eastern Conference,411;Chicago Blackhawks,476",3,gkg_allnames_exact_validity_aware,2026-08-03T20:42:18Z,Codex manual review,true,,2026-08-03,URL path and GKG AllNames context establish an article-context reference to the registered NHL club,,
d4fc4e6e-941a-5556-8c1c-a113863cabb4,MTL-current,MTL,Q188143,Montreal Canadiens,2023-11-15,https://www.bignewsnetwork.com/news/274033272/canucks-welcome-familiar-face-when-bo-horvat-islanders-visit,bignewsnetwork.com,"2#New York, United States#US#USNY##42.1497#-74.9384#NY#225;2#New York, United States#US#USNY##42.1497#-74.9384#NY#843;2#New York, United States#US#USNY##42.1497#-74.9384#NY#959;2#New York, United States#US#USNY##42.1497#-74.9384#NY#1288;4#Toronto, Ontario, Canada#CA#CA08#12686#43.6667#-79.4167#-574890#1822;4#Montreal, Quebec, Canada#CA#CA10#12713#45.5#-73.5833#-569541#1487;4#Montreal, Quebec, Canada#CA#CA10#12713#45.5#-73.5833#-569541#2704;4#Vancouver, British Columbia, Canada#CA#CA02#12552#49.25#-123.133#-575268#104;4#Vancouver, British Columbia, Canada#CA#CA02#12552#49.25#-123.133#-575268#334;4#Vancouver, British Columbia, Canada#CA#CA02#12552#49.25#-123.133#-575268#393;4#Vancouver, British Columbia, Canada#CA#CA02#12552#49.25#-123.133#-575268#1546;4#Vancouver, British Columbia, Canada#CA#CA02#12552#49.25#-123.133#-575268#1611;4#Vancouver, British Columbia, Canada#CA#CA02#12552#49.25#-123.133#-575268#1916;4#Vancouver, British Columbia, Canada#CA#CA02#12552#49.25#-123.133#-575268#2385","Thomas Salus-United States,47;New York Islanders,233;New York,899;Edmonton Oilers,1110;Anders Lee,1414;Montreal Canadiens,1624;Casey DeSmith,2073;Rich Tocchet,2558;Filip Hronek,2785;Defenseman Carson Soucy,2931;Field Level,3103",4,gkg_allnames_exact_validity_aware,2026-08-03T20:42:18Z,Codex manual review,true,,2026-08-03,URL path and GKG AllNames context establish an article-context reference to the registered NHL club,,
0bab1bd2-6113-5053-9387-afc68190aa73,MTL-current,MTL,Q188143,Montreal Canadiens,2025-10-09,https://www.covers.com/nhl/canadiens-vs-red-wings-prediction-picks-best-bets-sgp-thursday-10-9-2025,covers.com,"4#Toronto, Ontario, Canada#CA#CA08#12686#43.6667#-79.4167#-574890#108;4#Toronto, Ontario, Canada#CA#CA08#12686#43.6667#-79.4167#-574890#887;4#Montreal, Quebec, Canada#CA#CA10#12713#45.5#-73.5833#-569541#12;4#Montreal, Quebec, Canada#CA#CA10#12713#45.5#-73.5833#-569541#297;4#Montreal, Quebec, Canada#CA#CA10#12713#45.5#-73.5833#-569541#646;4#Montreal, Quebec, Canada#CA#CA10#12713#45.5#-73.5833#-569541#1003;4#Montreal, Quebec, Canada#CA#CA10#12713#45.5#-73.5833#-569541#1711;4#Montreal, Quebec, Canada#CA#CA10#12713#45.5#-73.5833#-569541#2285","Montreal Canadiens,23;Toronto Maple Leafs,114;Little Caesars Arena,159;Detroit Red,194;Cole Caufield,243;Red Wings,512;Red Wings Best,552;Cole Caufield Over,578;Montreal Canadiens,668;Nick Suzuki,1068;Natural Stat,1257;Detroit Red Wings,1287;Red Wings,1574;Red Wings,2102;Caufield Over,2123;Red Wings,2190;Red Wings,2236;Red Wings,2292;Red Wings,2399;Caesars Arena,2599;Red Wings,2729",5,gkg_allnames_exact_validity_aware,2026-08-03T20:42:18Z,Codex manual review,true,,2026-08-03,URL path and GKG AllNames context establish an article-context reference to the registered NHL club,,
cb87ab69-5be3-50ea-a679-cd1a676bbdfd,NJD-current,NJD,Q192081,New Jersey Devils,2024-10-23,https://realradio921.iheart.com/content/2024-10-22-hagels-hat-trick-leads-lightning-past-devils/,iheart.com,"2#Minnesota, United States#US#USMN##45.7326#-93.9196#MN#455;1#Jersey#JE#JE##49.216667#-2.116667#JE#51;1#Jersey#JE#JE##49.216667#-2.116667#JE#120;2#New Jersey, United States#US#USNJ##40.314#-74.5089#NJ#51;2#New Jersey, United States#US#USNJ##40.314#-74.5089#NJ#120;3#Newark, New Jersey, United States#US#USNJ#NJ013#40.7357#-74.1724#878762#92","Tampa Bay Lightning,24;New Jersey Devils,71;Tampa Bay,163;Anthony Cirelli,348;Minnesota Wild,490",1,gkg_allnames_exact_validity_aware,2026-08-03T20:42:18Z,Codex manual review,true,,2026-08-03,URL path and GKG AllNames context establish an article-context reference to the registered NHL club,,
4507f156-1f35-5e7c-9d71-ea190c5cbccb,NJD-current,NJD,Q192081,New Jersey Devils,2026-04-12,https://wdsm710.com/2026/04/12/nhl-roundup-jack-eichels-ot-goal-sends-knights-to-playoffs/,wdsm710.com,"2#Washington, United States#US#USWA##47.3917#-121.571#WA#4393;3#Philadelphia, Pennsylvania, United States#US#USPA#PA101#39.9523#-75.1638#1209052#4635;3#Philadelphia, Pennsylvania, United States#US#USPA#PA101#39.9523#-75.1638#1209052#6361;3#Philadelphia, Pennsylvania, United States#US#USPA#PA101#39.9523#-75.1638#1209052#6763;2#Colorado, United States#US#USCO##39.0646#-105.327#CO#118;2#Colorado, United States#US#USCO##39.0646#-105.327#CO#214;3#Chicago, Illinois, United States#US#USIL#IL031#41.85#-87.6501#423587#8455;2#Utah, United States#US#USUT##40.1135#-111.854#UT#2898;2#Utah, United States#US#USUT##40.1135#-111.854#UT#3404;4#Montreal, Quebec, Canada#CA#CA10#12713#45.5#-73.5833#-569541#6159;4#Montreal, Quebec, Canada#CA#CA10#12713#45.5#-73.5833#-569541#6549;2#Minnesota, United States#US#USMN##45.7326#-93.9196#MN#3891;2#Minnesota, United States#US#USMN##45.7326#-93.9196#MN#5588;2#Minnesota, United States#US#USMN##45.7326#-93.9196#MN#5911;2#Florida, United States#US#USFL##27.8333#-81.717#FL#9342;2#Florida, United States#US#USFL##27.8333#-81.717#FL#9725;3#Tampa Bay, Florida, United States#US#USFL#FL103#27.765#-82.5825#294169#791;3#Tampa Bay, Florida, United States#US#USFL#FL103#27.765#-82.5825#294169#1043;3#Elmont, New York, United States#US#USNY#NY059#40.7009#-73.7129#949582#1722;4#Toronto, Ontario, Canada#CA#CA08#12686#43.6667#-79.4167#-574890#9367;4#Toronto, Ontario, Canada#CA#CA08#12686#43.6667#-79.4167#-574890#9661;1#Jersey#JE#JE##49.216667#-2.116667#JE#1209;1#Jersey#JE#JE##49.216667#-2.116667#JE#2004;1#Jersey#JE#JE##49.216667#-2.116667#JE#4972;3#Dallas, Texas, United States#US#USTX#TX113#32.7831#-96.8067#1380944#3666;3#Dallas, Texas, United States#US#USTX#TX113#32.7831#-96.8067#1380944#3968;3#Dallas, Texas, United States#US#USTX#TX113#32.7831#-96.8067#1380944#5987;4#Vancouver, British Columbia, Canada#CA#CA02#12552#49.25#-123.133#-575268#7735;2#New York, United States#US#USNY##42.1497#-74.9384#NY#1712;2#New York, United States#US#USNY##42.1497#-74.9384#NY#3726;3#Los Angeles, California, United States#US#USCA#CA037#34.0522#-118.244#1662328#2295;3#Los Angeles, California, United States#US#USCA#CA037#34.0522#-118.244#1662328#5710;3#Los Angeles, California, United States#US#USCA#CA037#34.0522#-118.244#1662328#7474;3#Los Angeles, California, United States#US#USCA#CA037#34.0522#-118.244#1662328#8259;3#Los Angeles, California, United States#US#USCA#CA037#34.0522#-118.244#1662328#9038;3#Boston, Massachusetts, United States#US#USMA#MA025#42.3584#-71.0598#617565#824;3#Boston, Massachusetts, United States#US#USMA#MA025#42.3584#-71.0598#617565#1120;3#Boston, Massachusetts, United States#US#USMA#MA025#42.3584#-71.0598#617565#1421;3#Denver, Colorado, United States#US#USCO#CO031#39.7392#-104.985#201738#138;2#New Jersey, United States#US#USNJ##40.314#-74.5089#NJ#1209;2#New Jersey, United States#US#USNJ##40.314#-74.5089#NJ#2004;2#New Jersey, United States#US#USNJ##40.314#-74.5089#NJ#4972;4#Ottawa, Ontario, Canada#CA#CA08#12755#45.4167#-75.7#-570760#1680;3#Salt Lake City, Utah, United States#US#USUT#UT035#40.7608#-111.891#1454997#2916;3#Seattle, Washington, United States#US#USWA#WA033#47.6062#-122.332#1512650#8785","Jack Eichel,12;Vegas Golden Knights,72;Colorado Avalanche,142;Mackenzie Blackwood,289;Pavel Dorofeyev,458;Carter Hart,486;Devon Toews,552;Central Division-leading Avalanche,638;Emil Lilleberg,739;Tampa Bay,827;Jake Guentzel,1036;Tampa Bay,1059;Detroit Red Wings,1179;New Jersey,1202;Andrei Vasilevskiy,1270;Jake Sanderson,1644;New York,1728;Linus Ullmark,1824;New Jersey Devils,2027;Detroit Red,2052;Peter DeBoer,2229;Los Angeles,2351;Western Conference,2633;Jordan Staal,2944;Salt Lake,3007;Buffalo Sabres,3093;Sean Walker,3220;Nikolaj Ehlers,3254;Jordan Martinook,3276;Shayne Gostisbehere,3300;Karel Vejmelka,3482;Western Conference,3604;Wyatt Johnston,3934;Minnesota Wild,4024;Nashville Predators,4056;Stanley Cup,4179;Jake Oettinger,4211;Aliaksei Protas,4683;Tom Wilson,4698;Noel Acciari,4883;Kevin Hayes,4899;Sidney Crosby,4959;Evgeni Malkin,4978;Red Wings,5056;New Jersey,5147;Red Wings,5219;Jack Hughes,5291;Cody Glass,5331;Dawson Mercer,5349;Justin Faulk,5539;David Perron,5556;Justus Annunen,5859;Los Angeles Kings,5946;Jesper Wallstedt,6108;Stanley Cup Playoffs,6202;Jet Greaves,6423;Kirill Marchenko,6482;Blue Jackets,6538;Metropolitan Division,6612;Rocket Richard Trophy,6690;Josh Anderson,6774;Jakub Dobes,6803;Matvei Michkov,7115;Travis Sanheim,7176;Nick Seeler,7192;Metropolitan Division,7374;Eric Comrie,7506;Los Angeles,7720;Western Conference,7753;San Jose,7928;Linus Karlsson,8045;Teddy Blueger,8182;Marco Rossi,8198;Kevin Lankinen,8243;Yaroslav Askarov,8438;Los Angeles Kings,8571;Western Conference,8639;Alexey Toropchenko,8796;Jordan Kyrou,8814;Cam Fowler,8830;Dalibor Dvorsky,8850;Ryan Greene,8917;Arvid Soderblom,8950;Nikke Kokko,9035;Chandler Stephenson,9158;Matty Beniers,9177;Jordan Eberle,9195;Ryker Evans,9218;Los Angeles,9338;Devin Cooley,9480;Maple Leafs,9537;Eetu Luostarinen,9580;Leaf William Nylander,9759;Daniil Tarasov,10000;Field Level,10059",2,gkg_allnames_exact_validity_aware,2026-08-03T20:42:18Z,Codex manual review,true,,2026-08-03,URL path and GKG AllNames context establish an article-context reference to the registered NHL club,,
db1f1137-5f90-50cb-afdc-d83c4d2e02da,NJD-current,NJD,Q192081,New Jersey Devils,2025-01-01,https://www.cbsnews.com/losangeles/news/ryan-strome-scores-the-late-winner-in-the-ducks-3-2-victory-over-the-devils-3/,cbsnews.com,"3#Los Angeles, California, United States#US#USCA#CA037#34.0522#-118.244#1662328#1674;2#New Jersey, United States#US#USNJ##40.314#-74.5089#NJ#187;2#New Jersey, United States#US#USNJ##40.314#-74.5089#NJ#452;2#New Jersey, United States#US#USNJ##40.314#-74.5089#NJ#1410;3#Anaheim, California, United States#US#USCA#CA059#33.8353#-117.915#1652663#75;1#Swiss#SZ#SZ##47#8#SZ#888","Ryan Strome,12;Anaheim Ducks,90;New Jersey Devils,197;Robby Fabbri,361;Lukas Dostal,395;New Jersey,480;Eastern Conference,526;Jacob Markstrom,619;Cutter Gauthier,836;West Coast,1124;New Jersey,1487;Radko Gudas,1559;Frank Vatrano,1577;Luke Hughes,1641;Los Angeles,1766",3,gkg_allnames_exact_validity_aware,2026-08-03T20:42:18Z,Codex manual review,true,,2026-08-03,URL path and GKG AllNames context establish an article-context reference to the registered NHL club,,
bbc66d8b-71e4-5ddb-ba2f-ffc9b8a82a17,NJD-current,NJD,Q192081,New Jersey Devils,2025-10-02,https://www.ckom.com/2025/10/01/the-green-zone-replay-wednesday-oct-1/,ckom.com,"2#Minnesota, United States#US#USMN##45.7326#-93.9196#MN#1248;1#Jersey#JE#JE##49.216667#-2.116667#JE#200;4#Vancouver, British Columbia, Canada#CA#CA02#12552#49.25#-123.133#-575268#380;4#Vancouver, British Columbia, Canada#CA#CA02#12552#49.25#-123.133#-575268#534;4#Vancouver, British Columbia, Canada#CA#CA02#12552#49.25#-123.133#-575268#563;3#San Francisco, California, United States#US#USCA#CA075#37.7749#-122.419#277593#735","Wild Card,179;New Jersey Devils,214;Edmonton Oilers,303;Patrick Johnston,370;Vancouver Canucks,572;Jennifer Lee Chan,667;San Francisco,733;Daily Blitz,943;Britton Gray,1010;Jessi Pierce,1200;Bardown Beauties,1228;Minnesota Wild,1256;Jessi Pierce,1371;Grey Cup,1550;Double Take,1670;Ryder Cup,1738",4,gkg_allnames_exact_validity_aware,2026-08-03T20:42:18Z,Codex manual review,true,,2026-08-03,URL path and GKG AllNames context establish an article-context reference to the registered NHL club,,
a6007df7-a2f5-5d07-a76d-75aa8fd26ecd,NJD-current,NJD,Q192081,New Jersey Devils,2024-10-01,https://www.thepeterboroughexaminer.com/news/i-know-they-dont-put-up-those-banners-every-year-langenbrunner-got-goosebumps-when-hearing/article_d6893e8e-068f-5f05-8457-4abc7a4bb5d2.html,thepeterboroughexaminer.com,"1#Canadian#CA#CA##60#-96#CA#1056;2#Minnesota, United States#US#USMN##45.7326#-93.9196#MN#746;2#Minnesota, United States#US#USMN##45.7326#-93.9196#MN#1162;2#Minnesota, United States#US#USMN##45.7326#-93.9196#MN#1791;1#Canada#CA#CA##60#-96#CA#492;1#United States#US#US##39.828175#-98.5795#US#396;1#United States#US#US##39.828175#-98.5795#US#884;1#United States#US#US##39.828175#-98.5795#US#975;1#United States#US#US##39.828175#-98.5795#US#1320;1#United States#US#US##39.828175#-98.5795#US#1510;1#United States#US#US##39.828175#-98.5795#US#3098;1#United States#US#US##39.828175#-98.5795#US#3281;1#United States#US#US##39.828175#-98.5795#US#3576;1#Jersey#JE#JE##49.216667#-2.116667#JE#3300;3#Dallas, Texas, United States#US#USTX#TX113#32.7831#-96.8067#1380944#869;3#Dallas, Texas, United States#US#USTX#TX113#32.7831#-96.8067#1380944#960;3#Dallas, Texas, United States#US#USTX#TX113#32.7831#-96.8067#1380944#1305;3#Dallas, Texas, United States#US#USTX#TX113#32.7831#-96.8067#1380944#1495;3#Dallas, Texas, United States#US#USTX#TX113#32.7831#-96.8067#1380944#3083;3#Dallas, Texas, United States#US#USTX#TX113#32.7831#-96.8067#1380944#3266;3#Cloquet, Minnesota, United States#US#USMN#MN017#46.7216#-92.4594#641345#381","Jamie Langenbrunner,20;Ontario Hockey League,94;Stanley Cup,236;Peterborough Memorial Centre,349;Minnesota Golden,747;Jeff Twohey,768;Dallas Stars,875;Bob Gainey,1460;Dallas Stars,1481;Boston Bruins,1741;Brent Tully,2229;Dallas Stars,3284;New Jersey Devils,3307;Stanley Cups,3352;United States,3613;Steve Yzerman,4302;Chris Pronger,4321;Dick Todd,4336;Larry Murphy,4354;Mickey Redmond,4374;Roger Neilson,4393;Scotty Bowman,4412;Colin Campbell,4431;Mike Oke,4616",5,gkg_allnames_exact_validity_aware,2026-08-03T20:42:18Z,Codex manual review,true,,2026-08-03,URL path and GKG AllNames context establish an article-context reference to the registered NHL club,,
c1eb19b9-edb3-5b9a-94cc-e7c4c533ecc1,NSH-current,NSH,Q207980,Nashville Predators,2026-03-14,https://theprovince.com/news/two-men-charged-first-degree-murder-masood-masjoody,theprovince.com,"3#Maple Ridge, New York, United States#US#USNY#NY117#43.1498#-77.0975#956441#3102;1#Canadian#CA#CA##60#-96#CA#4585;1#Canadians#CA#CA##60#-96#CA#5351;1#Canadians#CA#CA##60#-96#CA#5401;2#New York, United States#US#USNY##42.1497#-74.9384#NY#1283;2#New York, United States#US#USNY##42.1497#-74.9384#NY#1837;1#Canada#CA#CA##60#-96#CA#879;1#Canada#CA#CA##60#-96#CA#1433;1#Canada#CA#CA##60#-96#CA#2034;1#Canada#CA#CA##60#-96#CA#2361;1#Canada#CA#CA##60#-96#CA#3167;1#Canada#CA#CA##60#-96#CA#3175;1#Canada#CA#CA##60#-96#CA#4068;1#Canada#CA#CA##60#-96#CA#4868;1#Canada#CA#CA##60#-96#CA#5007;1#Canada#CA#CA##60#-96#CA#5087;1#Canada#CA#CA##60#-96#CA#5584;1#Canada#CA#CA##60#-96#CA#5680;1#Canada#CA#CA##60#-96#CA#6074;1#Canada#CA#CA##60#-96#CA#6290;1#Iran#IR#IR##32#53#IR#166;1#Iran#IR#IR##32#53#IR#673;1#Iran#IR#IR##32#53#IR#3968;1#Iran#IR#IR##32#53#IR#4898;1#Iran#IR#IR##32#53#IR#5194;1#Iran#IR#IR##32#53#IR#5218;1#Iran#IR#IR##32#53#IR#5450;4#Tehran, Tehran, Iran#IR#IR26#41130#35.75#51.5148#10074674#160;4#Tehran, Tehran, Iran#IR#IR26#41130#35.75#51.5148#10074674#667;4#North Vancouver, British Columbia, Canada#CA#CA02#12552#49.3167#-123.067#-570375#3159;4#Vancouver, British Columbia, Canada#CA#CA02#12552#49.25#-123.133#-575268#3159;4#Vancouver, British Columbia, Canada#CA#CA02#12552#49.25#-123.133#-575268#4999;4#Vancouver, British Columbia, Canada#CA#CA02#12552#49.25#-123.133#-575268#5576;4#Vancouver, British Columbia, Canada#CA#CA02#12552#49.25#-123.133#-575268#5672;4#Vancouver, British Columbia, Canada#CA#CA02#12552#49.25#-123.133#-575268#6066;4#Vancouver, British Columbia, Canada#CA#CA02#12552#49.25#-123.133#-575268#6282;1#Iranian#IR#IR##32#53#IR#133;1#Iranian#IR#IR##32#53#IR#640;1#Iranian#IR#IR##32#53#IR#3377;1#Iranian#IR#IR##32#53#IR#3896;1#Iranian#IR#IR##32#53#IR#4113;1#Iranian#IR#IR##32#53#IR#4306;1#Iranian#IR#IR##32#53#IR#4637;1#Iranian#IR#IR##32#53#IR#4741;1#Iranian#IR#IR##32#53#IR#5341;1#Iranian#IR#IR##32#53#IR#5391;1#Swiss#SZ#SZ##47#8#SZ#6000","Masood Masjoody,628;Patrick Johnston,915;Ben Kuzma,930;Canucks Report,986;Headline News,1016;New York Times,1296;Patrick Johnston,1467;Ben Kuzma,1482;Canucks Report,1538;Headline News,1568;New York Times,1848;Integrated Homicide Investigation Team,2842;Mehdi Ahmadzadeh Razavi,3040;Maple Ridge,3055;Arezou Soltani,3087;North Vancouver,3106;Freda Fong,3199;Islamic Revolutionary Guard,4132;Simon Fraser University,4201;David Vigneault,4413;Justin Trudeau,4670;Metro Vancouver Transit Police,4994;Civic Association,5303;Pete Fry,5573;Trey Yesavage,5742;Addison Barger,5762;Swiss Army,5907;Nashville Predators,6098;Juuse Saros,6121",1,gkg_allnames_exact_validity_aware,2026-08-03T20:42:18Z,Codex manual review,false,unrelated homicide article; Nashville Predators entity is publisher-page contamination,2026-08-03,URL subject and GKG context show the extracted club name is outside the article's substantive context,,
a8b0d820-814f-5d56-bef4-b9cf4b5bde62,NSH-current,NSH,Q207980,Nashville Predators,2024-02-23,https://www.yardbarker.com/nhl/articles/what_islanders_need_for_late_push_under_hall_of_famer_patrick_roy/s1_13132_40008170,yardbarker.com,"4#Montreal, Quebec, Canada#CA#CA10#12713#45.5#-73.5833#-569541#1323;2#New York, United States#US#USNY##42.1497#-74.9384#NY#36;2#New York, United States#US#USNY##42.1497#-74.9384#NY#282;2#New York, United States#US#USNY##42.1497#-74.9384#NY#608;2#New York, United States#US#USNY##42.1497#-74.9384#NY#693;2#New York, United States#US#USNY##42.1497#-74.9384#NY#1271;2#New York, United States#US#USNY##42.1497#-74.9384#NY#2527","New York Islanders,51;Patrick Roy,74;Lane Lambert,160;New York,307;Pittsburgh Penguins,602;New York Rangers,766;Noah Dobson,948;Artemi Panarin,985;New York,1394;Nashville Predators,1945;Ilya Sorokin,2433;New York,2752",2,gkg_allnames_exact_validity_aware,2026-08-03T20:42:18Z,Codex manual review,true,,2026-08-03,URL path and GKG AllNames context establish an article-context reference to the registered NHL club,,
a528c5d9-f978-554a-9a94-1bd89e1102c0,NSH-current,NSH,Q207980,Nashville Predators,2024-10-31,https://wovk.iheart.com/featured/country-house-party/content/2024-10-31-960-wayne-d-tay-the-podcast-makin-hits-in-smashville-with-erin-alvey/,iheart.com,,"Erin Alvey,11;Filip Forsberg,55;Nashville Predators,82",3,gkg_allnames_exact_validity_aware,2026-08-03T20:42:18Z,Codex manual review,true,,2026-08-03,URL path and GKG AllNames context establish an article-context reference to the registered NHL club,,
e96fa0b5-3ed6-5a66-a116-4e8da83b58c2,NSH-current,NSH,Q207980,Nashville Predators,2024-02-24,https://www.cweb.com/nhl-news-predators-break-open-game-in-third-topple-blues/,cweb.com,"3#Dallas, Texas, United States#US#USTX#TX113#32.7831#-96.8067#1380944#488","Nashville Predators,65;Louis Blues,94;Luke Evangelista,243;Filip Forsberg,263;Luke Schenn,280;Ryan O'Reilly,298;Nathan Walker,407;Jordan Binnington,441;Dallas Stars,532;Pavel Buchnevich,978;Marco Scandella,1165;Jake Neighbours,1353;Roman Josi,1584;Field Level,1965",4,gkg_allnames_exact_validity_aware,2026-08-03T20:42:18Z,Codex manual review,true,,2026-08-03,URL path and GKG AllNames context establish an article-context reference to the registered NHL club,,
108fe7d0-4d6c-53dd-914b-6a552c8b8fdf,NSH-current,NSH,Q207980,Nashville Predators,2025-09-16,https://theahl.com/news/ahl-talent-shines-in-nhl-rookie-camp-action,theahl.com,"4#Toronto, Ontario, Canada#CA#CA08#12686#43.6667#-79.4167#-574890#3277;4#Toronto, Ontario, Canada#CA#CA08#12686#43.6667#-79.4167#-574890#4421;4#Toronto, Ontario, Canada#CA#CA08#12686#43.6667#-79.4167#-574890#4638;2#Utah, United States#US#USUT##40.1135#-111.854#UT#2051;2#Florida, United States#US#USFL##27.8333#-81.717#FL#256;2#Florida, United States#US#USFL##27.8333#-81.717#FL#1102;2#Florida, United States#US#USFL##27.8333#-81.717#FL#1594;4#Ottawa, Ontario, Canada#CA#CA08#12755#45.4167#-75.7#-570760#2666;4#Ottawa, Ontario, Canada#CA#CA08#12755#45.4167#-75.7#-570760#2879;4#Ottawa, Ontario, Canada#CA#CA08#12755#45.4167#-75.7#-570760#3250;3#Philadelphia, Pennsylvania, United States#US#USPA#PA101#39.9523#-75.1638#1209052#4039;3#Philadelphia, Pennsylvania, United States#US#USPA#PA101#39.9523#-75.1638#1209052#4482;4#Winnipeg, Manitoba, Canada#CA#CA03#12577#49.8833#-97.1667#-576096#3308;3#University Of Denver, Colorado, United States#US#USCO#CO031#39.6777#-104.961#184869#1916;3#Anaheim, California, United States#US#USCA#CA059#33.8353#-117.915#1652663#448;3#Anaheim, California, United States#US#USCA#CA059#33.8353#-117.915#1652663#596;3#Anaheim, California, United States#US#USCA#CA059#33.8353#-117.915#1652663#801;3#Tampa Bay, Florida, United States#US#USFL#FL103#27.765#-82.5825#294169#1145;2#California, United States#US#USCA##36.17#-119.746#CA#270;1#Jersey#JE#JE##49.216667#-2.116667#JE#2505;4#Montreal, Quebec, Canada#CA#CA10#12713#45.5#-73.5833#-569541#3078;4#Montreal, Quebec, Canada#CA#CA10#12713#45.5#-73.5833#-569541#3120;2#Colorado, United States#US#USCO##39.0646#-105.327#CO#1665;2#Colorado, United States#US#USCO##39.0646#-105.327#CO#1684;2#Colorado, United States#US#USCO##39.0646#-105.327#CO#2037;3#Los Angeles, California, United States#US#USCA#CA037#34.0522#-118.244#1662328#636","Tomas Suchanek,483;Los Angeles,601;Golden State Rookie Faceoff,801;San Jose,837;Florida Panthers,1045;Nashville Predators,1070;Tampa Bay,1084;Rookie Team,1142;Prospects Team,1178;Wesley Chapel,1269;Justin Robidas,1502;Felix Unger Sorum,1559;Sean Behrens,1659;Vegas Golden,2059;Jacob MacDonald,2181;Luca Pinelli,2292;Blue Jackets,2319;Joining Buffalo,2381;Boston Bruins,2417;New Jersey Devils,2440;Ontario Hockey League,2592;Calder Cup Playoff,2981;Bell Centre,3150;Ottawa Senators,3207;Toronto Maple Leafs,3232;Jacob Fowler,3276;Eastern Conference Finals,3339;Boston University,3481;Mike Richter Award,3522;New York Rangers,4099;Lehigh Valley,4205;Nikita Grebenkin,4268;Toronto Marlies,4425;Lehigh Valley,4443;Toronto Maple,4643",5,gkg_allnames_exact_validity_aware,2026-08-03T20:42:18Z,Codex manual review,true,,2026-08-03,URL path and GKG AllNames context establish an article-context reference to the registered NHL club,,
92dbe4b7-8062-5d66-9144-860719ae855d,NYI-current,NYI,Q194369,New York Islanders,2024-07-08,https://www.yardbarker.com/nhl/articles/many_layers_to_the_oilers_ryan_mcleod_for_matthew_savoie_trade/s1_15245_40584377,yardbarker.com,"3#Philadelphia, Pennsylvania, United States#US#USPA#PA101#39.9523#-75.1638#1209052#6542;3#Philadelphia, Pennsylvania, United States#US#USPA#PA101#39.9523#-75.1638#1209052#6704;2#Michigan, United States#US#USMI##43.3504#-84.5603#MI#5186;2#Michigan, United States#US#USMI##43.3504#-84.5603#MI#5521;2#Arizona, United States#US#USAZ##33.7712#-111.388#AZ#7686;3#Tampa, Florida, United States#US#USFL#FL057#27.9475#-82.4584#292005#6270;3#Tampa, Florida, United States#US#USFL#FL057#27.9475#-82.4584#292005#6373;3#Washington, Washington, United States#US#USDC#DC001#38.8951#-77.0364#531871#7157;3#Washington, Washington, United States#US#USDC#DC001#38.8951#-77.0364#531871#7561;2#Florida, United States#US#USFL##27.8333#-81.717#FL#2528;4#Montreal, Quebec, Canada#CA#CA10#12713#45.5#-73.5833#-569541#6117;4#Montreal, Quebec, Canada#CA#CA10#12713#45.5#-73.5833#-569541#6242;1#Sweden#SW#SW##62#15#SW#7254","Ryan McLeod,12;Ryan McLeod,300;Ontario Hockey,639;Connor McDavid,1085;Leon Draisaitl,1105;Ryan Nugent-Hopkins,1129;Matthew Savoie,2121;Evander Kane,2318;Oliver Ekman-Larsson,2718;Brandon Montour,2738;Jeff Skinner,2971;Viktor Arvidsson,2992;Adam Henrique,3023;Connor Brown,3041;Mattias Janmark,3062;Calvin Pickard,3082;Troy Stecher,3100;Kevyn Adam,3393;Noah Ostlund,4093;Zach Benson,4139;Jeff Skinner,4519;Ryan Nugent-Hopkins,4544;Evander Kane,4562;Dylan Holloway,4581;Western Hockey League,5008;Oleg Tverdovsky,5751;Los Angeles,5766;Eric Belanger,5808;New York Islanders,6049;Matt Barzal,6299;Tampa Bay,6712;Jonathon Drouin,6732;Cutter Gauthier,6995;Jamie Drysdale,7059;Washington Capitals,7619;Filip Forsberg,7643;Roman Josi,8437",1,gkg_allnames_exact_validity_aware,2026-08-03T20:42:18Z,Codex manual review,true,,2026-08-03,URL path and GKG AllNames context establish an article-context reference to the registered NHL club,,
a6df9691-2fc4-5d1b-8a66-34b4d69e220f,NYI-current,NYI,Q194369,New York Islanders,2026-04-03,https://abc7.com/post/nhl-playoff-standings-flyers-path-postseason/18833692/,abc7.com,"2#Minnesota, United States#US#USMN##45.7326#-93.9196#MN#1930;2#Minnesota, United States#US#USMN##45.7326#-93.9196#MN#2749;3#Dallas, Texas, United States#US#USTX#TX113#32.7831#-96.8067#1380944#1892;3#Dallas, Texas, United States#US#USTX#TX113#32.7831#-96.8067#1380944#2688;3#Philadelphia, Pennsylvania, United States#US#USPA#PA101#39.9523#-75.1638#1209052#25;3#Philadelphia, Pennsylvania, United States#US#USPA#PA101#39.9523#-75.1638#1209052#2179;3#Philadelphia, Pennsylvania, United States#US#USPA#PA101#39.9523#-75.1638#1209052#2559;4#Ottawa, Ontario, Canada#CA#CA08#12755#45.4167#-75.7#-570760#1746;4#Ottawa, Ontario, Canada#CA#CA08#12755#45.4167#-75.7#-570760#2315;3#Los Angeles, California, United States#US#USCA#CA037#34.0522#-118.244#1662328#3014;2#Colorado, United States#US#USCO##39.0646#-105.327#CO#1846;2#Florida, United States#US#USFL##27.8333#-81.717#FL#2426;3#Tampa Bay, Florida, United States#US#USFL#FL103#27.765#-82.5825#294169#1593;3#Tampa Bay, Florida, United States#US#USFL#FL103#27.765#-82.5825#294169#2365;3#Seattle, Washington, United States#US#USWA#WA033#47.6062#-122.332#1512650#2952;1#Jersey#JE#JE##49.216667#-2.116667#JE#2646;3#Boston, Massachusetts, United States#US#USMA#MA025#42.3584#-71.0598#617565#844;3#Boston, Massachusetts, United States#US#USMA#MA025#42.3584#-71.0598#617565#1632;3#Boston, Massachusetts, United States#US#USMA#MA025#42.3584#-71.0598#617565#2446;2#Utah, United States#US#USUT##40.1135#-111.854#UT#1966;2#Utah, United States#US#USUT##40.1135#-111.854#UT#2932;4#Winnipeg, Manitoba, Canada#CA#CA03#12577#49.8833#-97.1667#-576096#2722;4#Montreal, Quebec, Canada#CA#CA10#12713#45.5#-73.5833#-569541#881;4#Montreal, Quebec, Canada#CA#CA10#12713#45.5#-73.5833#-569541#2481;4#Toronto, Ontario, Canada#CA#CA08#12686#43.6667#-79.4167#-574890#2903;2#Washington, United States#US#USWA##47.3917#-121.571#WA#2668;4#Calgary, Alberta, Canada#CA#CA01#12549#51.0833#-114.083#-561990#2856","Philadelphia Flyers,33;Dan Vladar,189;Ottawa Senatorsfor,405;New York Islanders,494;Pittsburgh Penguins,579;New York Islanders,2035;Louis Blues,2074;Anaheim Ducks,2091;Buffalo Sabres,2170;Bay Lightning,2193;Pittsburgh Penguins,2222;Boston Bruins,2265;New York Rangers,2313;Red Wings,2334;Philadelphia Flyers,2363;Columbus Blue Jackets,2417;Jersey Devils,2438;Washington Capitals,2467;Winnipeg Jets,2506;Vancouver Canucks,2551;Chicago Blackhawks,2598;Golden Knights,2622;Calgary Flames,2646;Jose Sharks,2665;Toronto Maple Leafs,2694;Seattle Kraken,2734;Los Angeles Kings,2784;Gavin McKenna,3535",2,gkg_allnames_exact_validity_aware,2026-08-03T20:42:18Z,Codex manual review,true,,2026-08-03,URL path and GKG AllNames context establish an article-context reference to the registered NHL club,,
d8b13c87-4d6a-5cb4-8275-7e470d259776,NYI-current,NYI,Q194369,New York Islanders,2026-03-29,http://www.texasguardian.com/news/278951852/islanders-penguins-in-playoff-mode-with-second-place-on-line,texasguardian.com,"3#Dallas, Texas, United States#US#USTX#TX113#32.7831#-96.8067#1380944#1713;3#Dallas, Texas, United States#US#USTX#TX113#32.7831#-96.8067#1380944#1884;3#Dallas, Texas, United States#US#USTX#TX113#32.7831#-96.8067#1380944#2410;2#Florida, United States#US#USFL##27.8333#-81.717#FL#527;3#Elmont, New York, United States#US#USNY#NY059#40.7009#-73.7129#949582#191;2#New York, United States#US#USNY##42.1497#-74.9384#NY#54;2#New York, United States#US#USNY##42.1497#-74.9384#NY#787;2#New York, United States#US#USNY##42.1497#-74.9384#NY#1288","Brad Penner-Imagn Images,44;New York Islanders,71;Pittsburgh Penguins,95;Metropolitan Division,164;Florida Panthers,585;Louis Blues,987;Stefan Persson,1311;Mat Barzal,1368;New York,1405;Marc Gatcomb,1423;Dallas Stars,1880;Bryan Rust,2214;Sidney Crosby,2563;Dan Muse,2920;Erik Karlsson,3111;Field Level,3366",3,gkg_allnames_exact_validity_aware,2026-08-03T20:42:18Z,Codex manual review,true,,2026-08-03,URL path and GKG AllNames context establish an article-context reference to the registered NHL club,,
28c7c2df-6692-5d20-b88d-b9f54f798a77,NYI-current,NYI,Q194369,New York Islanders,2025-08-05,https://oilonwhyte.com/how-edmonton-almost-lost-the-oilers-01k1p6j39fpe,oilonwhyte.com,"3#Houston, Texas, United States#US#USTX#TX201#29.7633#-95.3633#1380948#1701;3#Houston, Texas, United States#US#USTX#TX201#29.7633#-95.3633#1380948#1794;2#Minnesota, United States#US#USMN##45.7326#-93.9196#MN#1593","Edmonton Oilers,47;New York Islanders,310;Wayne Gretzky,473;Mark Messier,491;Jari Kurri,507;Paul Coffey,524;Grant Fuhr,540;Glenn Anderson,560;Kevin Lowe,576;Wayne Gretzky,805;Jimmy Carson,822;Peter Pocklington,1487;Houston Rockets,1840;Edmonton Investors,2173;Gary Bettman,2232;Glen Sather,2429;Cujo' Joseph,2498;Stanley Cup,2610;Edmonton Investors Group,2758",4,gkg_allnames_exact_validity_aware,2026-08-03T20:42:18Z,Codex manual review,true,,2026-08-03,URL path and GKG AllNames context establish an article-context reference to the registered NHL club,,
990a541d-86a3-509d-9ce1-a4601262ddaf,NYI-current,NYI,Q194369,New York Islanders,2026-05-04,https://channel933.iheart.com/content/2026-05-04-legendary-new-york-yankees-radio-broadcaster-john-sterling-dies/,iheart.com,"2#New Jersey, United States#US#USNJ##40.314#-74.5089#NJ#878;1#United States#US#US##39.828175#-98.5795#US#725;2#New York, United States#US#USNY##42.1497#-74.9384#NY#54;2#New York, United States#US#USNY##42.1497#-74.9384#NY#226;2#New York, United States#US#USNY##42.1497#-74.9384#NY#825;2#New York, United States#US#USNY##42.1497#-74.9384#NY#894;2#New York, United States#US#USNY##42.1497#-74.9384#NY#1035","John Sterling,14;New York Yankees,66;New York,247;United States Today,780;New York City,881;New Jersey Nets,937;New York Islanders,960;New York,1097;Michael Kay,1200;World Series,1479;Alex Rodriguez,1630;Aaron Judge,1675",5,gkg_allnames_exact_validity_aware,2026-08-03T20:42:18Z,Codex manual review,true,,2026-08-03,URL path and GKG AllNames context establish an article-context reference to the registered NHL club,,
b96c44fb-8e85-5e79-b2cc-3b05bf8f1c40,NYR-current,NYR,Q188984,New York Rangers,2025-04-03,http://africa.chinadaily.com.cn/a/202504/03/WS67edf72ba3104d9fd381d7a0.html,chinadaily.com.cn,"3#Washington, Washington, United States#US#USDC#DC001#38.8951#-77.0364#531871#25;3#Washington, Washington, United States#US#USDC#DC001#38.8951#-77.0364#531871#325;3#Washington, Washington, United States#US#USDC#DC001#38.8951#-77.0364#531871#1648;3#Washington, Washington, United States#US#USDC#DC001#38.8951#-77.0364#531871#2848;2#Massachusetts, United States#US#USMA##42.2373#-71.5314#MA#214;2#New York, United States#US#USNY##42.1497#-74.9384#NY#1220;2#New York, United States#US#USNY##42.1497#-74.9384#NY#3790;2#New York, United States#US#USNY##42.1497#-74.9384#NY#4390;2#New York, United States#US#USNY##42.1497#-74.9384#NY#4449;4#Montreal, Quebec, Canada#CA#CA10#12713#45.5#-73.5833#-569541#3740;3#Elmont, New York, United States#US#USNY#NY059#40.7009#-73.7129#949582#4423;3#Boston, Massachusetts, United States#US#USMA#MA025#42.3584#-71.0598#617565#138;3#Boston, Massachusetts, United States#US#USMA#MA025#42.3584#-71.0598#617565#183;3#Boston, Massachusetts, United States#US#USMA#MA025#42.3584#-71.0598#617565#251;3#Boston, Massachusetts, United States#US#USMA#MA025#42.3584#-71.0598#617565#610;3#Boston, Massachusetts, United States#US#USMA#MA025#42.3584#-71.0598#617565#2141;3#Boston, Massachusetts, United States#US#USMA#MA025#42.3584#-71.0598#617565#2913;2#Minnesota, United States#US#USMN##45.7326#-93.9196#MN#3510;2#Minnesota, United States#US#USMN##45.7326#-93.9196#MN#3583","Record-chasing Washington Capitals,36;Alex Ovechkin,62;Boston Bruins,136;Alex Ovechkin,236;Washington Capitals,282;Wayne Gretzky,393;Boston Bruins,574;Spencer Carbery,670;New York,1221;Charlie Lindgren,1429;John Carlson,1777;Dylan Strome,1825;Ryan Leonard,2971;Boston College,3011;Cam Fowler,3354;Detroit Red Wings,3495;Jordan Binnington,3561;Western Conference,3670;Cam Talbot,3814;New York Rangers,3939;Eastern Conference,3985;Robert Thomas,4074;Victor Hedman,4330;Tampa Bay Lightning,4446;New York Islanders,4567",1,gkg_allnames_exact_validity_aware,2026-08-03T20:42:18Z,Codex manual review,true,,2026-08-03,URL path and GKG AllNames context establish an article-context reference to the registered NHL club,,
320d45d0-3e8e-5f77-b1a9-97733ccb947a,NYR-current,NYR,Q188984,New York Rangers,2025-01-03,https://bluelinestation.com/can-chris-drury-seize-a-chance-to-land-a-superstar-from-the-pacific-northwest,bluelinestation.com,"1#Swedish#SW#SW##62#15#SW#1608;4#Vancouver, British Columbia, Canada#CA#CA02#12552#49.25#-123.133#-575268#97;4#Vancouver, British Columbia, Canada#CA#CA02#12552#49.25#-123.133#-575268#309;2#New York, United States#US#USNY##42.1497#-74.9384#NY#64;2#New York, United States#US#USNY##42.1497#-74.9384#NY#940;2#New York, United States#US#USNY##42.1497#-74.9384#NY#1645","New York Rangers,74;Vancouver Canucks,108;Elias Petersson,585;Patrik Allvin,771;Jim Rutherford,790;Rick Tocchet,825;Quinn Hughes,850;Chris Drury,1306;New York,1737;Chris Drury,1857",2,gkg_allnames_exact_validity_aware,2026-08-03T20:42:18Z,Codex manual review,true,,2026-08-03,URL path and GKG AllNames context establish an article-context reference to the registered NHL club,,
ca3c1218-9319-5258-94d2-fb97dcf0bc82,NYR-current,NYR,Q188984,New York Rangers,2026-01-27,http://www.newyorktelegraph.com/news/278833413/red-wings-savor-home-ice-edge-as-kings-arrive,newyorktelegraph.com,"3#Los Angeles, California, United States#US#USCA#CA037#34.0522#-118.244#1662328#249;3#Los Angeles, California, United States#US#USCA#CA037#34.0522#-118.244#1662328#2116;3#Boston, Massachusetts, United States#US#USMA#MA025#42.3584#-71.0598#617565#700;3#Columbus, Ohio, United States#US#USOH#OH049#39.9612#-82.9988#1080996#2022;2#Ohio, United States#US#USOH##40.3736#-82.7755#OH#2095","Terrence Lee-Imagn Images,45;Red Wings,63;Los Angeles Kings,269;Red Wings,302;Tampa Bay Lightning,568;Atlantic Division,593;Red Wings,669;Eastern Conference,794;Red Wings,816;Moritz Seider,961;Todd McLellan,1071;Columbus Blue Jackets,2172;New York Rangers,2307;Louis Blues,2334;Jim Hiller,3169;Field Level,3312",3,gkg_allnames_exact_validity_aware,2026-08-03T20:42:18Z,Codex manual review,true,,2026-08-03,URL path and GKG AllNames context establish an article-context reference to the registered NHL club,,
ebcf032e-25f8-53cb-8b7a-00e5e2a6e026,NYR-current,NYR,Q188984,New York Rangers,2026-01-13,https://www.syracuse.com/tv/2026/01/where-to-watch-kraken-vs-rangers-today-nhl-free-live-stream.html,syracuse.com,"2#New York, United States#US#USNY##42.1497#-74.9384#NY#12;2#New York, United States#US#USNY##42.1497#-74.9384#NY#447;2#New York, United States#US#USNY##42.1497#-74.9384#NY#536;2#New York, United States#US#USNY##42.1497#-74.9384#NY#552;2#New York, United States#US#USNY##42.1497#-74.9384#NY#1265;2#New York, United States#US#USNY##42.1497#-74.9384#NY#1320;2#New York, United States#US#USNY##42.1497#-74.9384#NY#1371;2#New York, United States#US#USNY##42.1497#-74.9384#NY#1465","New York Rangers,21;Seattle Kraken,45;Boston Bruins,196;Seattle Kraken,483;Madison Square Garden,594;New York City,613;Sports Networks,1067;Associated Press,1308;Pacific Division,1369;York Rangers,1394;Metropolitan Division,1441;New York Rangers,1510;Seattle Kraken,1554;Vincent Trocheck,2023;Mika Zibanejad,2085;Kaapo Kakko,2214",4,gkg_allnames_exact_validity_aware,2026-08-03T20:42:18Z,Codex manual review,true,,2026-08-03,URL path and GKG AllNames context establish an article-context reference to the registered NHL club,,
6e25bb23-ad44-5926-8e19-b697397f12b8,NYR-current,NYR,Q188984,New York Rangers,2024-12-17,https://www.yahoo.com/news/nashville-predators-vs-york-rangers-220111789.html,yahoo.com,"2#Colorado, United States#US#USCO##39.0646#-105.327#CO#165;2#Colorado, United States#US#USCO##39.0646#-105.327#CO#2366;2#Colorado, United States#US#USCO##39.0646#-105.327#CO#3251;3#Philadelphia, Pennsylvania, United States#US#USPA#PA101#39.9523#-75.1638#1209052#4055;3#Los Angeles, California, United States#US#USCA#CA037#34.0522#-118.244#1662328#2464;3#Los Angeles, California, United States#US#USCA#CA037#34.0522#-118.244#1662328#3707;4#Calgary, Alberta, Canada#CA#CA01#12549#51.0833#-114.083#-561990#2286;4#Calgary, Alberta, Canada#CA#CA01#12549#51.0833#-114.083#-561990#2704;2#Florida, United States#US#USFL##27.8333#-81.717#FL#3315;3#Dallas, Texas, United States#US#USTX#TX113#32.7831#-96.8067#1380944#293;3#Dallas, Texas, United States#US#USTX#TX113#32.7831#-96.8067#1380944#2322;3#Dallas, Texas, United States#US#USTX#TX113#32.7831#-96.8067#1380944#4147;3#Dallas, Texas, United States#US#USTX#TX113#32.7831#-96.8067#1380944#4358;2#Washington, United States#US#USWA##47.3917#-121.571#WA#2783;2#Utah, United States#US#USUT##40.1135#-111.854#UT#4256;2#Utah, United States#US#USUT##40.1135#-111.854#UT#4325;3#Seattle, Washington, United States#US#USWA#WA033#47.6062#-122.332#1512650#3497;4#Winnipeg, Manitoba, Canada#CA#CA03#12577#49.8833#-97.1667#-576096#2584;4#Winnipeg, Manitoba, Canada#CA#CA03#12577#49.8833#-97.1667#-576096#2745;4#Winnipeg, Manitoba, Canada#CA#CA03#12577#49.8833#-97.1667#-576096#3347;3#Anaheim, California, United States#US#USCA#CA059#33.8353#-117.915#1652663#823;3#Anaheim, California, United States#US#USCA#CA059#33.8353#-117.915#1652663#2982;3#Anaheim, California, United States#US#USCA#CA059#33.8353#-117.915#1652663#3657;3#Anaheim, California, United States#US#USCA#CA059#33.8353#-117.915#1652663#3788;1#Jersey#JE#JE##49.216667#-2.116667#JE#3286;4#Ottawa, Ontario, Canada#CA#CA08#12755#45.4167#-75.7#-570760#2250;4#Ottawa, Ontario, Canada#CA#CA08#12755#45.4167#-75.7#-570760#3136;2#Minnesota, United States#US#USMN##45.7326#-93.9196#MN#2629;2#Minnesota, United States#US#USMN##45.7326#-93.9196#MN#2884;4#Toronto, Ontario, Canada#CA#CA08#12686#43.6667#-79.4167#-574890#2176;4#Toronto, Ontario, Canada#CA#CA08#12686#43.6667#-79.4167#-574890#3831","Nashville Predators,24;New York Rangers,50;Bridgestone Arena,115;Chris Drury,730;Jacob Trouba,810;Anaheim Ducks,831;Peter Laviolette,873;New York,1184;FanDuel Sports Network,1476;Nashville Predators,1599;York Rangers,1621;FanDuel Sports Network South,1676;FanDuel Sports Network South,2060;Toronto Maple Leafs,2156;Montreal Canadiens,2200;Ottawa Senators,2241;Calgary Flames,2278;Dallas Stars,2316;Colorado Avalanche,2360;New York Rangers,2399;Pittsburgh Penguins,2446;Los Angeles Kings,2491;Carolina Hurricanes,2544;Louis Blues,2590;Winnipeg Jets,2634;Minnesota Wild,2685;Vancouver Canucks,2733;Calgary Flames,2778;Winnipeg Jets,2822;Washington Capitals,2869;Vegas Golden Knights,2917;Chicago Blackhawks,2963;Minnesota Wild,3005;San Jose Sharks,3048;San Jose Sharks,3094;Anaheim Ducks,3144;Vancouver Canucks,3189;Buffalo Sabres,3234;Pittsburgh Penguins,3284;Ottawa Senators,3327;Chicago Blackhawks,3382;Buffalo Sabres,3430;Colorado Avalanche,3476;New Jersey Devils,3521;Florida Panthers,3565;Winnipeg Jets,3606;New York Islanders,3656;New York Rangers,3710;Boston Bruins,3755;Seattle Kraken,3798;Chicago Blackhawks,3855;San Jose Sharks,3902;Anaheim Ducks,3987;Los Angeles Kings,4036;Louis Blues,4080;Anaheim Ducks,4126;Toronto Maple Leafs,4174;Louis Blues,4221;Carolina Hurricanes,4272;Louis Blues,4356;Vegas Golden Knights,4405;Philadelphia Flyers,4462;Columbus Blue,4507;Dallas Stars,4555;Montreal Canadiens,4602;New York Islanders,4649;Utah Hockey Club,4697;Vegas Golden Knights,4749;Utah Hockey Club,4794;Dallas Stars,4835",5,gkg_allnames_exact_validity_aware,2026-08-03T20:42:18Z,Codex manual review,true,,2026-08-03,URL path and GKG AllNames context establish an article-context reference to the registered NHL club,,
99b8a49d-de21-5712-a717-101fdae7f0f9,OTT-current,OTT,Q203013,Ottawa Senators,2024-04-03,https://www.tsn.ca/nhl/vinni-lettieri-nets-third-period-winner-minnesota-wild-gets-points-with-win-over-ottawa-senators-1.2098681,tsn.ca,"3#Los Angeles, California, United States#US#USCA#CA037#34.0522#-118.244#1662328#410;2#Colorado, United States#US#USCO##39.0646#-105.327#CO#2152;4#Ottawa, Ontario, Canada#CA#CA08#12755#45.4167#-75.7#-570760#137;4#Ottawa, Ontario, Canada#CA#CA08#12755#45.4167#-75.7#-570760#747;4#Ottawa, Ontario, Canada#CA#CA08#12755#45.4167#-75.7#-570760#836;4#Ottawa, Ontario, Canada#CA#CA08#12755#45.4167#-75.7#-570760#1781;2#Florida, United States#US#USFL##27.8333#-81.717#FL#2113;2#Minnesota, United States#US#USMN##45.7326#-93.9196#MN#116;2#Minnesota, United States#US#USMN##45.7326#-93.9196#MN#1237","Vinni Lettieri,49;Minnesota Wild,134;Ottawa Senators,159;Matt Boldy,328;Marc-Andre Fleury,371;Los Angeles Kings,452;Western Conference,486;Jakob Chychrun,563;Joonas Korpisalo,614;Zach Bogosian,1430;Kirill Kaprizov,1676;Angus Crookshank,1958;Ryan Hartman,2036;Host Florida Thursday,2210;Host Colorado Thursday,2249",1,gkg_allnames_exact_validity_aware,2026-08-03T20:42:18Z,Codex manual review,true,,2026-08-03,URL path and GKG AllNames context establish an article-context reference to the registered NHL club,,
c491a04d-8190-58d4-ba40-54255a8e28a0,OTT-current,OTT,Q203013,Ottawa Senators,2024-01-01,https://www.tsn.ca/anton-forsberg-helps-ottawa-senators-scorch-buffalo-sabres-1.2055691,tsn.ca,"1#Jersey#JE#JE##49.216667#-2.116667#JE#802;4#Montreal, Quebec, Canada#CA#CA10#12713#45.5#-73.5833#-569541#4665;1#Canadian#CA#CA##60#-96#CA#4716;4#Ottawa, Ontario, Canada#CA#CA08#12755#45.4167#-75.7#-570760#6;4#Ottawa, Ontario, Canada#CA#CA08#12755#45.4167#-75.7#-570760#56;4#Ottawa, Ontario, Canada#CA#CA08#12755#45.4167#-75.7#-570760#140;4#Ottawa, Ontario, Canada#CA#CA08#12755#45.4167#-75.7#-570760#2127;4#Ottawa, Ontario, Canada#CA#CA08#12755#45.4167#-75.7#-570760#2507;1#American#US#US##39.828175#-98.5795#US#4512","Ottawa Senators,55;Eastern Conference,217;Anton Forsberg,351;New Jersey,844;Mark Kastelic,1258;Dominik Kubalik,1329;Jakob Chychrun,1349;Artem Zub,1363;Devon Levi,1553;Erik Brannstrom,3226;Mathieu Joseph,4595;Rourke Chartier,4632;Don Granato,4685;American Hockey League,4795;Canadian Press,4978",2,gkg_allnames_exact_validity_aware,2026-08-03T20:42:18Z,Codex manual review,true,,2026-08-03,URL path and GKG AllNames context establish an article-context reference to the registered NHL club,,
c1d9a967-8931-5c94-9610-f369a7f67d79,OTT-current,OTT,Q203013,Ottawa Senators,2025-03-25,https://starsandsticks.com/washington-capitals-get-it-right-with-jakob-chychrun-extension,starsandsticks.com,"3#Boca Raton, Florida, United States#US#USFL#FL099#26.3587#-80.0831#279123#2743;2#Arizona, United States#US#USAZ##33.7712#-111.388#AZ#2588;2#Arizona, United States#US#USAZ##33.7712#-111.388#AZ#2727;2#Arizona, United States#US#USAZ##33.7712#-111.388#AZ#2920;4#Ottawa, Ontario, Canada#CA#CA08#12755#45.4167#-75.7#-570760#2099;4#Ottawa, Ontario, Canada#CA#CA08#12755#45.4167#-75.7#-570760#2442;4#Ottawa, Ontario, Canada#CA#CA08#12755#45.4167#-75.7#-570760#2902;3#Washington, Washington, United States#US#USDC#DC001#38.8951#-77.0364#531871#14;3#Washington, Washington, United States#US#USDC#DC001#38.8951#-77.0364#531871#1984;3#Washington, Washington, United States#US#USDC#DC001#38.8951#-77.0364#531871#2160;3#Washington, Washington, United States#US#USDC#DC001#38.8951#-77.0364#531871#2878;2#Colorado, United States#US#USCO##39.0646#-105.327#CO#1038;2#Florida, United States#US#USFL##27.8333#-81.717#FL#2768","Washington Capitals,24;Cale Makar,1060;Colorado Avalanche,1086;Roman Rosi,1101;Nashville Predators,1128;Ottawa Senators,2203;Nick Jensen,2253;Larry Murphy,2446;Arizona Coyotes,2698;Boca Raton,2850",3,gkg_allnames_exact_validity_aware,2026-08-03T20:42:18Z,Codex manual review,true,,2026-08-03,URL path and GKG AllNames context establish an article-context reference to the registered NHL club,,
feb60db0-6fd3-55c5-8d45-30ee308595e2,OTT-current,OTT,Q203013,Ottawa Senators,2025-12-03,https://ktbb.com/post/?p=1462312,ktbb.com,"3#San Diego, California, United States#US#USCA#CA073#32.7153#-117.157#1661377#1190;1#Canada#CA#CA##60#-96#CA#686;1#Canada#CA#CA##60#-96#CA#956;4#Ottawa, Ontario, Canada#CA#CA08#12755#45.4167#-75.7#-570760#678;3#Utica, Pennsylvania, United States#US#USPA#PA121#41.4356#-79.9573#1199720#1223;3#Philadelphia, Pennsylvania, United States#US#USPA#PA101#39.9523#-75.1638#1209052#647;2#Florida, United States#US#USFL##27.8333#-81.717#FL#917","Kevin Dineen,36;Kevin Dineen,167;Carolina Hurricanes,685;Philadelphia Flyers,710;Ottawa Senators,731;Columbus Blue Jackets,757;Florida Panthers,979;Stanley Cup,1151;Chicago Blackhawks,1195;San Diego Gulls,1251;Utica Comets,1272;American Hockey,1295",4,gkg_allnames_exact_validity_aware,2026-08-03T20:42:18Z,Codex manual review,true,,2026-08-03,URL path and GKG AllNames context establish an article-context reference to the registered NHL club,,
32d10669-8c17-5e39-b182-067a455f7581,OTT-current,OTT,Q203013,Ottawa Senators,2024-01-04,https://www.tsn.ca/edge/betting/morning-coffee-nhl-betting-trend-that-is-perfect-this-season-ottawa-senators-1.2057206,tsn.ca,"4#Vancouver, British Columbia, Canada#CA#CA02#12552#49.25#-123.133#-575268#1354;4#Vancouver, British Columbia, Canada#CA#CA02#12552#49.25#-123.133#-575268#1486;4#Vancouver, British Columbia, Canada#CA#CA02#12552#49.25#-123.133#-575268#1679;4#Ottawa, Ontario, Canada#CA#CA08#12755#45.4167#-75.7#-570760#794;4#Ottawa, Ontario, Canada#CA#CA08#12755#45.4167#-75.7#-570760#1260;4#Ottawa, Ontario, Canada#CA#CA08#12755#45.4167#-75.7#-570760#1723;3#Miami, Florida, United States#US#USFL#FL086#25.7743#-80.1937#295004#2408;3#Miami, Florida, United States#US#USFL#FL086#25.7743#-80.1937#295004#3576","New Year,25;Thursday Night Football,265;Duel Best Bet,307;Morning Coffee,730;Thursday January,751;Trend That Is Perfect This,804;Ottawa Senators,832;Goal In The First Ten Minutes,905;Vancouver Canucks,1374;Ian Cole,1457;Ian Cole,1602;Vancouver Canucks,1681;Seattle Kraken,1767;Goal In First Ten Minutes,1805;Thursday Night Football,2119;Buffalo Bills,2236;Sunday Night,2604;Josh Allen,2632;Lamar Jackson,2806;Patrick Mahomes,2826;Pro Bowl,2936;Bowl Games,3016;Adam Schefter,3072",5,gkg_allnames_exact_validity_aware,2026-08-03T20:42:18Z,Codex manual review,true,,2026-08-03,URL path and GKG AllNames context establish an article-context reference to the registered NHL club,,
c5089cff-bce7-52e1-950c-d4275b1e200b,PHI-current,PHI,Q192083,Philadelphia Flyers,2026-04-10,https://www.whec.com/top-news/buffalo-sabres-single-game-tickets-for-playoffs-go-on-sale-monday/,whec.com,"3#Boston, Massachusetts, United States#US#USMA#MA025#42.3584#-71.0598#617565#1160;3#Boston, Massachusetts, United States#US#USMA#MA025#42.3584#-71.0598#617565#1587;3#Boston, Massachusetts, United States#US#USMA#MA025#42.3584#-71.0598#617565#1669;3#Philadelphia, Pennsylvania, United States#US#USPA#PA101#39.9523#-75.1638#1209052#1500","Buffalo Sabres,61;Stanley Cup Playoffs,133;Season Ticket Members,532;Ticketmaster Alumni,853;Philadelphia Flyers,1544;Stanley Cup,1633;Reporter Ian Mills,1807",1,gkg_allnames_exact_validity_aware,2026-08-03T20:42:18Z,Codex manual review,true,,2026-08-03,URL path and GKG AllNames context establish an article-context reference to the registered NHL club,,
00f9f52f-b19f-51a8-b54c-740b6d8d4c77,PHI-current,PHI,Q192083,Philadelphia Flyers,2024-03-28,https://www.yahoo.com/news/going-gold-utica-landed-iihf-093403370.html,yahoo.com,"1#Canada#CA#CA##60#-96#CA#3552;1#Canada#CA#CA##60#-96#CA#5197;1#Canada#CA#CA##60#-96#CA#5824;1#Canada#CA#CA##60#-96#CA#6013;1#Finland#FI#FI##64#26#FI#5217;1#Finland#FI#FI##64#26#FI#5878;1#Finland#FI#FI##64#26#FI#6000;1#United States#US#US##39.828175#-98.5795#US#44;1#United States#US#US##39.828175#-98.5795#US#199;1#United States#US#US##39.828175#-98.5795#US#618;1#United States#US#US##39.828175#-98.5795#US#1186;1#United States#US#US##39.828175#-98.5795#US#1290;1#United States#US#US##39.828175#-98.5795#US#1769;1#United States#US#US##39.828175#-98.5795#US#2260;1#United States#US#US##39.828175#-98.5795#US#2901;1#United States#US#US##39.828175#-98.5795#US#3100;1#United States#US#US##39.828175#-98.5795#US#3534;1#United States#US#US##39.828175#-98.5795#US#3584;1#United States#US#US##39.828175#-98.5795#US#3608;1#United States#US#US##39.828175#-98.5795#US#3924;1#United States#US#US##39.828175#-98.5795#US#4721;3#Salt Lake City, Utah, United States#US#USUT#UT035#40.7608#-111.891#1454997#3569;3#Chicago, Illinois, United States#US#USIL#IL031#41.85#-87.6501#423587#3519;1#Czechia#EZ#EZ##49.75#15#EZ#5207;1#Czechia#EZ#EZ##49.75#15#EZ#5988;1#American#US#US##39.828175#-98.5795#US#249;1#America#US#US##39.828175#-98.5795#US#5860;4#Toronto, Ontario, Canada#CA#CA08#12686#43.6667#-79.4167#-574890#3544;3#Philadelphia, Pennsylvania, United States#US#USPA#PA101#39.9523#-75.1638#1209052#1171;1#Italy#IT#IT##42.833333#12.833333#IT#1325;3#Burlington, Vermont, United States#US#USVT#VT007#44.4759#-73.2121#1456663#3909;1#Denmark#DA#DA##56#10#DA#5274;1#China#CH#CH##35#105#CH#5264;1#Germany#GM#GM##51.5#10.5#GM#5284;1#Japan#JA#JA##36#138#JA#5292;1#Switzerland#SZ#SZ##47#8#SZ#5231;1#Switzerland#SZ#SZ##47#8#SZ#5976;1#Sweden#SW#SW##62#15#SW#5301;3#Mohawk Valley, Pennsylvania, United States#US#USPA#PA003#40.3476#-80.1695#1181395#3085;2#Vermont, United States#US#USVT##44.0407#-72.7093#VT#3934;3#Denver, Colorado, United States#US#USCO#CO031#39.7392#-104.985#201738#3593","United States Hockey,55;United States,209;American Hockey League All-Star Classic,292;Adirondack Bank Center,349;Turning Stone Resort,464;County Executive Anthony Picente,557;United States Hockey,658;Nexus Center,856;Utica Notre Dame,1131;Whiteboro High School,1157;National Hockey League,1213;Philadelphia Flyers,1253;Eastern Conference,1279;Team United States,1356;World Cup,1441;World Junior Ice Hockey Championships,1541;Pacific Cup,1573;Adirondack Sports Council,1853;United States Hockey,1878;Utica Comets,1914;United States Hockey,2402;All-Star Classic,2790;Adirondack Bank Center,2832;States Hockey,3103;Mohawk Valley,3290;Salt Lake City,3755;Lake Placid,4047;Mayor Mike Galime,4159;Lake Placid,4268;Team United,4958;Genesee Street,5049",2,gkg_allnames_exact_validity_aware,2026-08-03T20:42:18Z,Codex manual review,true,,2026-08-03,URL path and GKG AllNames context establish an article-context reference to the registered NHL club,,
c69eb018-6a81-5340-8e05-2f6113693433,PHI-current,PHI,Q192083,Philadelphia Flyers,2024-04-15,https://www.tsn.ca/nhl/ducks-sign-top-prospect-cutter-gauthier-to-entry-level-contract-1.2104458,tsn.ca,"1#American#US#US##39.828175#-98.5795#US#393;3#Denver, Colorado, United States#US#USCO#CO031#39.7392#-104.985#201738#327","Cutter Gauthier,33;Boston College,175;Boston College,308;Philadelphia Flyers,435;Jamie Drysdale,488;World Junior Hockey Championship,753",3,gkg_allnames_exact_validity_aware,2026-08-03T20:42:18Z,Codex manual review,true,,2026-08-03,URL path and GKG AllNames context establish an article-context reference to the registered NHL club,,
572b78b7-2528-5128-8997-72f0e92fa4be,PHI-current,PHI,Q192083,Philadelphia Flyers,2023-10-13,https://ottawa.ctvnews.ca/what-s-happening-in-ottawa-this-weekend-oct-13-15-1.6598068,ottawa.ctvnews.ca,"4#Montreal, Quebec, Canada#CA#CA10#12713#45.5#-73.5833#-569541#8733;3#Philadelphia, Pennsylvania, United States#US#USPA#PA101#39.9523#-75.1638#1209052#306;4#Calabogie, Ontario, Canada#CA#CA08#12680#45.3#-76.7167#-561979#936;4#Calabogie, Ontario, Canada#CA#CA08#12680#45.3#-76.7167#-561979#985;4#Mer Bleue, Quebec, Canada#CA#CA10#12763#46.4167#-71.9333#-569157#748;4#Gatineau, Quebec, Canada#CA#CA10#12755#45.4833#-75.65#-565140#851;4#Pontypool, Ontario, Canada#CA#CA08#12676#44.1#-78.6333#-571497#2349;4#Waterloo, Ontario, Canada#CA#CA08#12688#43.4667#-80.5333#-575624#9202;4#Trent On, Nova Scotia, Canada#CA#CA07#12632#45.6167#-62.6167#-574959#9519;1#Canadian#CA#CA##60#-96#CA#256;1#Canadian#CA#CA##60#-96#CA#1930;4#Fort Henry, Cavan, Ireland#EI#EI02#18300#54.0586#-7.18417#380534#5738;4#Fort Henry, Cavan, Ireland#EI#EI02#18300#54.0586#-7.18417#380534#5783;4#Ottawa, Ontario, Canada#CA#CA08#12755#45.4167#-75.7#-570760#57;4#Ottawa, Ontario, Canada#CA#CA08#12755#45.4167#-75.7#-570760#131;4#Ottawa, Ontario, Canada#CA#CA08#12755#45.4167#-75.7#-570760#161;4#Ottawa, Ontario, Canada#CA#CA08#12755#45.4167#-75.7#-570760#831;4#Ottawa, Ontario, Canada#CA#CA08#12755#45.4167#-75.7#-570760#1448;4#Ottawa, Ontario, Canada#CA#CA08#12755#45.4167#-75.7#-570760#1513;4#Ottawa, Ontario, Canada#CA#CA08#12755#45.4167#-75.7#-570760#1540;4#Ottawa, Ontario, Canada#CA#CA08#12755#45.4167#-75.7#-570760#1658;4#Ottawa, Ontario, Canada#CA#CA08#12755#45.4167#-75.7#-570760#1755;4#Ottawa, Ontario, Canada#CA#CA08#12755#45.4167#-75.7#-570760#6204;4#Ottawa, Ontario, Canada#CA#CA08#12755#45.4167#-75.7#-570760#6240;4#Ottawa, Ontario, Canada#CA#CA08#12755#45.4167#-75.7#-570760#6339;4#Ottawa, Ontario, Canada#CA#CA08#12755#45.4167#-75.7#-570760#6410;4#Ottawa, Ontario, Canada#CA#CA08#12755#45.4167#-75.7#-570760#7724;4#Ottawa, Ontario, Canada#CA#CA08#12755#45.4167#-75.7#-570760#8683;4#Ottawa, Ontario, Canada#CA#CA08#12755#45.4167#-75.7#-570760#9048;1#Irish#EI#EI##53#-8#EI#2273;1#Canada#CA#CA##60#-96#CA#22;1#Canada#CA#CA##60#-96#CA#65;1#Canada#CA#CA##60#-96#CA#108;1#Canada#CA#CA##60#-96#CA#139;1#Canada#CA#CA##60#-96#CA#169;1#Canada#CA#CA##60#-96#CA#756;1#Canada#CA#CA##60#-96#CA#839;1#Canada#CA#CA##60#-96#CA#859;1#Canada#CA#CA##60#-96#CA#944;1#Canada#CA#CA##60#-96#CA#993;1#Canada#CA#CA##60#-96#CA#1456;1#Canada#CA#CA##60#-96#CA#1521;1#Canada#CA#CA##60#-96#CA#1548;1#Canada#CA#CA##60#-96#CA#1666;1#Canada#CA#CA##60#-96#CA#1763;1#Canada#CA#CA##60#-96#CA#2357;1#Canada#CA#CA##60#-96#CA#5528;1#Canada#CA#CA##60#-96#CA#6212;1#Canada#CA#CA##60#-96#CA#6248;1#Canada#CA#CA##60#-96#CA#6347;1#Canada#CA#CA##60#-96#CA#6418;1#Canada#CA#CA##60#-96#CA#7502;1#Canada#CA#CA##60#-96#CA#7545;1#Canada#CA#CA##60#-96#CA#7732;1#Canada#CA#CA##60#-96#CA#8691;1#Canada#CA#CA##60#-96#CA#8741;1#Canada#CA#CA##60#-96#CA#9056;1#Canada#CA#CA##60#-96#CA#9191;1#Canada#CA#CA##60#-96#CA#9210;1#Canada#CA#CA##60#-96#CA#9271;1#Canada#CA#CA##60#-96#CA#9527;1#Canada#CA#CA##60#-96#CA#9695;4#Quebec, Quebec, Canada#CA#CA10#12750#47.5#-72#-571850#100","Ottawa Senators,122;Canadian Tire,210;Philadelphia Flyers,261;Tampa Bay Lightning,342;Pink Lake,672;Mer Bleue,690;Gatineau Park,775;Fall Colours Chairlift Ride,957;Ottawa Pet,1406;Ottawa Parent,1632;Child Expo,1647;Sonder Tour,1773;Canadian Tire Centre Friday,1804;Mikhail Laxton,2057;Elgin United Church,2080;Norwood Old Town Hall,2121;Irish Descendants,2147;Jenn Grant,2200;Pontypool Community Centre,2230;Julian Taylor,2249;Indigenous Theatre,2371;Bear Grease,2392;Albums Live,2579;Classic Albums Live,2646;Led Zeppelin,2662;National Arts Centre,2791;Wolfgang Sessions,2967;Wild Night,2995;Casino Lac-Leamy,3170;Secret Service,3252;Rachel Marron,3350;Sawmill Haunt,3445;After Dark,3771;Wesley Clover,3942;After Dark,3970;Senators Community,4029;Haunting Season,4101;Haunting Season,4162;Haunted Hayride,4349;Legget Drive,4591;Proulx Maple,4798;Side Laboratory,4915;Berry Farm,5252;Pumpkin Fest,5271;Upper Canada Village,5496;Fort Henry,5744;Ottawa Farmer Market,6199;Ottawa Farmer Market,6361;Aberdeen Square,6411;Byron Linear Park,6482;Ray Friel Complex,6558;Nepean Woods Park,6643;Carp Farmer Market,6733;Farmer Market,6816;Farmer Market,6911;Log Farm,6950;Parliament Hill,7096;Centre Block,7110;Virtual Experience,7193;Parliament Building,7328;Canada Building,7498;West Block,7556;Brockville Aquatarium,7736;Tall Ships,7750;Kingston Farmers Market,7835;Springer Market,7898;Cornwall Kinsmen Farmer Market,8027;Centre Saturday,8174;Five Days,8306;Gem Storm,8387;Ottawa Gee-Gees,8582;Minto Sports,8676;Carleton Ravens,8807;Carleton Ice,8901;Ottawa Gee-Gees,8943;Carleton Ravens,9040;Ottawa Gee-Gees,9127;Toronto Metropolitan,9173;Carleton Ravens,9229;Ontario Tech,9247;Carleton Ravens,9445;Ottawa Gee-Gees,9541;Carleton Ravens,9635;Kingston Memorial,9731;Ontario Tech,9791;Carleton Ravens,9845;Toronto Metropolitan,9891;Carleton Ravens,9956;Toronto Metropolitan,10000",4,gkg_allnames_exact_validity_aware,2026-08-03T20:42:18Z,Codex manual review,true,,2026-08-03,URL path and GKG AllNames context establish an article-context reference to the registered NHL club,,
e303d541-4051-5ccd-b566-ccb35f91570e,PHI-current,PHI,Q192083,Philadelphia Flyers,2026-02-01,https://www.blueshirtbanter.com/media-bytes-schneider-on-the-block-ping-ponging-panarin-more-knives-for-miller/,blueshirtbanter.com,"2#Florida, United States#US#USFL##27.8333#-81.717#FL#1931;2#Florida, United States#US#USFL##27.8333#-81.717#FL#2195;2#Florida, United States#US#USFL##27.8333#-81.717#FL#2472;3#Washington, Washington, United States#US#USDC#DC001#38.8951#-77.0364#531871#1944;3#Washington, Washington, United States#US#USDC#DC001#38.8951#-77.0364#531871#2296;1#Russia#RS#RS##60#100#RS#1852;3#Philadelphia, Pennsylvania, United States#US#USPA#PA101#39.9523#-75.1638#1209052#1794","Media Bytes,28;Every Sunday,85;New York Rangers,215;Media Bytes,283;Blueshirt Banter,307;Blueshirt Banter,434;Elliotte Friedman,501;Braden Schneider,713;Chris Drury,876;Artemi Panarin,1360;East Coast,1493;East Coast,1724;Philadelphia Flyers,1864",5,gkg_allnames_exact_validity_aware,2026-08-03T20:42:18Z,Codex manual review,true,,2026-08-03,URL path and GKG AllNames context establish an article-context reference to the registered NHL club,,
7d58fdd5-c105-5c4f-84ca-fed232f8a665,PIT-current,PIT,Q193643,Pittsburgh Penguins,2025-12-29,https://www.eastbaytimes.com/2025/12/29/team-canada-exec-talks-macklin-celebrini-as-final-olympic-roster-decisions-loom/,eastbaytimes.com,"1#Canadian#CA#CA##60#-96#CA#393;1#Canadian#CA#CA##60#-96#CA#1672;1#Canadian#CA#CA##60#-96#CA#2580;3#Dallas, Texas, United States#US#USTX#TX113#32.7831#-96.8067#1380944#1061;4#Calgary, Alberta, Canada#CA#CA01#12549#51.0833#-114.083#-561990#168;4#Milano, Lombardia, Italy#IT#IT09#18363#45.4667#9.2#-121726#3240;1#Canada#CA#CA##60#-96#CA#125;1#Canada#CA#CA##60#-96#CA#176;1#Canada#CA#CA##60#-96#CA#935;1#Canada#CA#CA##60#-96#CA#1148;1#Canada#CA#CA##60#-96#CA#1291;1#Canada#CA#CA##60#-96#CA#1346;1#Canada#CA#CA##60#-96#CA#3590","Macklin Celebrini,46;Hockey Canada,125;National Teams Orientation Camp,158;Anaheim Ducks,489;Pittsburgh Penguins,845;Sidney Crosby,867;Dallas Stars,1113;Jim Nill,1138;Bay Area News Group,1932;Hobey Baker Award,2598;Doug Armstrong,2739;Olympic Games,3446;Hockey Night,3765",1,gkg_allnames_exact_validity_aware,2026-08-03T20:42:18Z,Codex manual review,true,,2026-08-03,URL path and GKG AllNames context establish an article-context reference to the registered NHL club,,
0af85fb4-ddf1-59b4-9c01-3a8fc2230222,PIT-current,PIT,Q193643,Pittsburgh Penguins,2025-01-06,https://www.nytimes.com/athletic/6039700/2025/01/05/penguins-sullivan-overtime-hurricanes/,nytimes.com,"3#Tampa Bay, Florida, United States#US#USFL#FL103#27.765#-82.5825#294169#8932;2#Florida, United States#US#USFL##27.8333#-81.717#FL#755;2#Florida, United States#US#USFL##27.8333#-81.717#FL#8166;4#Ottawa, Ontario, Canada#CA#CA08#12755#45.4167#-75.7#-570760#8912","Lenovo Center,318;Pittsburgh Penguins,733;Sidney Crosby,1357;Carolina Hurricanes,1469;Metropolitan Division,2523;Kevin Hayes,2732;Dustin Tokarski,2797;Pittsburgh Penguins,2996;Michael Bunting,3276;Pittsburgh Penguins,3376;Jalen Chatfield,3673;Carolina Hurricanes,3886;Columbus Blue Jackets,4201;Connor McDavid,4242;Eastern Conference,5635;Jordan Staal,5836;Evgeni Malkin,5899;Harlem Globetrotter-type,6649;Tristan Jarry,7102;Jordan Martinook,7518;Kris Letang,8372;Ryan Shea,8454;Bryan Rust,9032;Dmitry Orlov,9125;Tampa Bay,9499",2,gkg_allnames_exact_validity_aware,2026-08-03T20:42:18Z,Codex manual review,true,,2026-08-03,URL path and GKG AllNames context establish an article-context reference to the registered NHL club,,
e651ac30-3abc-5230-a711-ef3d4e7a5497,PIT-current,PIT,Q193643,Pittsburgh Penguins,2023-12-11,https://www.newyorktelegraph.com/news/274061092/ex-nhl-player-coach-tony-granato-diagnosed-with-lymphoma,newyorktelegraph.com,"2#Colorado, United States#US#USCO##39.0646#-105.327#CO#1431;3#Chicago, Illinois, United States#US#USIL#IL031#41.85#-87.6501#423587#401;3#Los Angeles, California, United States#US#USCA#CA037#34.0522#-118.244#1662328#1082","Columbus Dispatch,49;United States,65;Tony Granato,105;New York Rangers,1002;Los Angeles Kings,1141;San Jose Sharks,1176;Bill Masterton Trophy,1325;Colorado Avalanche,1534;Pittsburgh Penguins,1740;Detroit Red Wings,1777;Field Level,2086",3,gkg_allnames_exact_validity_aware,2026-08-03T20:42:18Z,Codex manual review,true,,2026-08-03,URL path and GKG AllNames context establish an article-context reference to the registered NHL club,,
9a309226-2f8d-54a8-aaa8-f441dcb7d5ce,PIT-current,PIT,Q193643,Pittsburgh Penguins,2024-03-25,https://www.wkbn.com/home/avalanche-rally-past-penguins-for-9th-straight-win/,wkbn.com,"3#Denver, Colorado, United States#US#USCO#CO031#39.7392#-104.985#201738#6;2#Colorado, United States#US#USCO##39.0646#-105.327#CO#125;2#Colorado, United States#US#USCO##39.0646#-105.327#CO#495;2#Colorado, United States#US#USCO##39.0646#-105.327#CO#1086;2#Colorado, United States#US#USCO##39.0646#-105.327#CO#1909;2#Colorado, United States#US#USCO##39.0646#-105.327#CO#2368;2#Colorado, United States#US#USCO##39.0646#-105.327#CO#2458","Jonathan Drouin,36;Colorado Avalanche,129;Pittsburgh Penguins,194;Wayne Gretzky,428;Yakov Trenin,481;Alex Nedeljkovic,874;Tristan Jarry,979;Jared Bednar,1165;Bryan Rust,1367;Jesse Puljujarvi,1389;Pierre-Olivier Joseph,1415;Mikko Rantanen,1536;Joe Sakic,2444;Noel Acciari,2810;Mike Sullivan,2861;Carolina Hurricanes,2964;Montreal Canadiens,3024",4,gkg_allnames_exact_validity_aware,2026-08-03T20:42:18Z,Codex manual review,true,,2026-08-03,URL path and GKG AllNames context establish an article-context reference to the registered NHL club,,
b9a89635-5efd-5d8a-a08c-ee6a4cba2085,PIT-current,PIT,Q193643,Pittsburgh Penguins,2025-03-24,https://www.tsn.ca/travis-yost-special-teams-say-a-lot-about-this-year-s-cup-contenders-1.2275964,tsn.ca,"2#Colorado, United States#US#USCO##39.0646#-105.327#CO#3857;3#Los Angeles, California, United States#US#USCA#CA037#34.0522#-118.244#1662328#1947;3#Los Angeles, California, United States#US#USCA#CA037#34.0522#-118.244#1662328#2816;4#Winnipeg, Manitoba, Canada#CA#CA03#12577#49.8833#-97.1667#-576096#3108;2#Minnesota, United States#US#USMN##45.7326#-93.9196#MN#3301;2#Minnesota, United States#US#USMN##45.7326#-93.9196#MN#3427","Stanley Cup,62;Stanley Cup,370;Stanley Cup,1019;Stanley Cup,1474;Vegas Golden Knights,1793;Los Angeles Kings,2086;Pittsburgh Penguins,2110;Carolina Hurricanes,2948;Los Angeles Kings,2970;San Jose Sharks,3156;Winnipeg Jets,3260;New York,3771;Edmonton Oilers,4025;Colorado Avalanche,4059;Patrick Roy,4496",5,gkg_allnames_exact_validity_aware,2026-08-03T20:42:18Z,Codex manual review,true,,2026-08-03,URL path and GKG AllNames context establish an article-context reference to the registered NHL club,,
3fd4d474-9cf7-5223-a60f-2263051bc002,SEA-current,SEA,Q59422166,Seattle Kraken,2024-10-02,https://paherald.sk.ca/avoiding-early-whl-season-over-reaction-is-cool/,paherald.sk.ca,"4#Medicine Hat, Alberta, Canada#CA#CA01#12520#50.0333#-110.683#-569088#3659;2#Louisiana, United States#US#USLA##31.1801#-91.8749#LA#6042;4#Red Deer, Alberta, Canada#CA#CA01#154724#52.2667#-113.8#-572071#3731;4#Red Deer, Alberta, Canada#CA#CA01#154724#52.2667#-113.8#-572071#4147;4#Red Deer, Alberta, Canada#CA#CA01#154724#52.2667#-113.8#-572071#4392;4#Saskatoon, Saskatchewan, Canada#CA#CA11#154724#52.1333#-106.667#-573213#4501;1#Canadian#CA#CA##60#-96#CA#6516;4#Rimouski, Quebec, Canada#CA#CA10#12780#48.4333#-68.5167#-572272#233;2#Arizona, United States#US#USAZ##33.7712#-111.388#AZ#5267;4#Quebec, Quebec, Canada#CA#CA10#12750#47.5#-72#-571850#250;4#Prince Albert, Saskatchewan, Canada#CA#CA11#154724#53.2#-105.75#-571717#1378;4#Prince Albert, Saskatchewan, Canada#CA#CA11#154724#53.2#-105.75#-571717#2498;4#Swift Current, Saskatchewan, Canada#CA#CA11#12800#50.2833#-107.767#-574445#2069;4#Swift Current, Saskatchewan, Canada#CA#CA11#12800#50.2833#-107.767#-574445#2593;4#Swift Current, Saskatchewan, Canada#CA#CA11#12800#50.2833#-107.767#-574445#2721","Memorial Cup,186;Darren Steinke,643;Braxton Whitehead,664;Regina Parts,684;Art Hauser Centre,766;Prince Albert Raiders,1391;Tomas Mrsic,1600;Louis Blues,1619;Lukas Dragicevic,1644;Seattle Kraken,1662;Norwin Panocha,1684;Buffalo Sabres,1702;Curtis Hunt,1971;Swift Current Broncos,2115;Gino De Paoli,2180;Prince Albert,2560;Central Division,2702;Swift Current,2789;East Division,2853;Peter Anholt,3152;Memorial Cup,3533;Medicine Hat,3776;Red Deer,3843;Red Deer,4274;Saskatoon Blades,4627;Braxton Whitehead,5270;Arizona State University Sun Devils,5459;Louisiana State University Tigers,6242;New York Post,6374",1,gkg_allnames_exact_validity_aware,2026-08-03T20:42:18Z,Codex manual review,true,,2026-08-03,URL path and GKG AllNames context establish an article-context reference to the registered NHL club,,
ba34eff7-f652-5681-90fa-8da64ae49b30,SEA-current,SEA,Q59422166,Seattle Kraken,2025-02-02,https://www.fitzhugh.ca/alberta-news/talbot-and-larkin-lead-red-wings-past-flames-3-1-for-5th-straight-win-10169504,fitzhugh.ca,"3#Philadelphia, Pennsylvania, United States#US#USPA#PA101#39.9523#-75.1638#1209052#1261;4#Calgary, Alberta, Canada#CA#CA01#12549#51.0833#-114.083#-561990#7;4#Calgary, Alberta, Canada#CA#CA01#12549#51.0833#-114.083#-561990#162;4#Calgary, Alberta, Canada#CA#CA01#12549#51.0833#-114.083#-561990#746;4#Calgary, Alberta, Canada#CA#CA01#12549#51.0833#-114.083#-561990#1198;4#Vancouver, British Columbia, Canada#CA#CA02#12552#49.25#-123.133#-575268#522;4#Vancouver, British Columbia, Canada#CA#CA02#12552#49.25#-123.133#-575268#1835","Dylan Larkin,46;Cam Talbot,84;Detroit Red Wings,149;Calgary Flames,173;Andrew Copp,268;Eastern Conference,358;Red Wings,440;Western Conference,585;Dustin Wolf,756;Dominik Shine,994;Grand Rapids,1146;Morgan Frost,1200;Joel Farabee,1217;Red Wings,1557;Red Wings,1859;Seattle Kraken,1924",2,gkg_allnames_exact_validity_aware,2026-08-03T20:42:18Z,Codex manual review,true,,2026-08-03,URL path and GKG AllNames context establish an article-context reference to the registered NHL club,,
5cc7cc80-fce7-5127-ae29-cb3fbf01a975,SEA-current,SEA,Q59422166,Seattle Kraken,2026-03-24,https://www.640wxsm.com/2026/03/23/ducks-closing-in-on-division-title-but-cant-overlook-canucks/,640wxsm.com,"4#Vancouver, British Columbia, Canada#CA#CA02#12552#49.25#-123.133#-575268#132;4#Vancouver, British Columbia, Canada#CA#CA02#12552#49.25#-123.133#-575268#1590;4#Vancouver, British Columbia, Canada#CA#CA02#12552#49.25#-123.133#-575268#2120;4#Vancouver, British Columbia, Canada#CA#CA02#12552#49.25#-123.133#-575268#2646;1#Canadian#CA#CA##60#-96#CA#177;3#Anaheim, California, United States#US#USCA#CA059#33.8353#-117.915#1652663#11;3#Anaheim, California, United States#US#USCA#CA059#33.8353#-117.915#1652663#388;3#Anaheim, California, United States#US#USCA#CA059#33.8353#-117.915#1652663#1107;3#Anaheim, California, United States#US#USCA#CA059#33.8353#-117.915#1652663#1697;3#Philadelphia, Pennsylvania, United States#US#USPA#PA101#39.9523#-75.1638#1209052#896;3#Los Angeles, California, United States#US#USCA#CA037#34.0522#-118.244#1662328#1202","Anaheim Ducks,18;Stanley Cup,69;Vancouver Canucks,136;Pacific Division,364;Troy Terry,573;Buffalo Sabres,662;Montreal Canadiens,849;Philadelphia Flyers,941;Vegas Golden Knights,1178;Edmonton Oilers,1218;Los Angeles Kings,1255;Seattle Kraken,1289;San Jose Sharks,1323;Joel Quenneville,1406;Louis Blues,2141;Filip Hronek,2348;Rogers Arena,2910",3,gkg_allnames_exact_validity_aware,2026-08-03T20:42:18Z,Codex manual review,true,,2026-08-03,URL path and GKG AllNames context establish an article-context reference to the registered NHL club,,
b33a6e4e-3e75-5822-8611-2f1bc5e9b0ea,SEA-current,SEA,Q59422166,Seattle Kraken,2026-03-11,https://www.el-balad.com/16876371,el-balad.com,"4#Milan, Lombardia, Italy#IT#IT09#18363#45.4667#9.2#-121726#1692","Macklin Celebrini,50;Buffalo Sabres,114;Lindy Ruff,131;Macklin Celebrini,383;Lindy Ruff,410;Macklin Celebrini,1351;San Jose,1372;Winter Olympics,1788;San Jose,2308;San Jose,3486;Seattle Kraken,3642;Western Conference,3669;San Jose,3853;Atlantic Division-leading,4087;Yaroslav Askarov,4371;New York Islanders,4523;Philipp Kurashev,4731;Ryan Reaves,4831;Alex Wennberg,4889;Winger Pavol Regenda,4931;Nick Leddy,4957;San Jose,5252;Macklin Celebrini,5573;San Jose,5644",4,gkg_allnames_exact_validity_aware,2026-08-03T20:42:18Z,Codex manual review,true,,2026-08-03,URL path and GKG AllNames context establish an article-context reference to the registered NHL club,,
d2625826-3e15-559a-8a3e-81cbd4f77575,SEA-current,SEA,Q59422166,Seattle Kraken,2025-03-05,https://ottawacitizen.com/ottawa-senators/lots-moving-parts-trade-deadline-on-deck,ottawacitizen.com,"4#Ottawa, Ontario, Canada#CA#CA08#12755#45.4167#-75.7#-570760#6;4#Ottawa, Ontario, Canada#CA#CA08#12755#45.4167#-75.7#-570760#119;4#Ottawa, Ontario, Canada#CA#CA08#12755#45.4167#-75.7#-570760#449;4#Ottawa, Ontario, Canada#CA#CA08#12755#45.4167#-75.7#-570760#558;4#Ottawa, Ontario, Canada#CA#CA08#12755#45.4167#-75.7#-570760#831;4#Ottawa, Ontario, Canada#CA#CA08#12755#45.4167#-75.7#-570760#1532;4#Ottawa, Ontario, Canada#CA#CA08#12755#45.4167#-75.7#-570760#1593;4#Ottawa, Ontario, Canada#CA#CA08#12755#45.4167#-75.7#-570760#1650;4#Ottawa, Ontario, Canada#CA#CA08#12755#45.4167#-75.7#-570760#2126;4#Ottawa, Ontario, Canada#CA#CA08#12755#45.4167#-75.7#-570760#2187;4#Ottawa, Ontario, Canada#CA#CA08#12755#45.4167#-75.7#-570760#2244;4#Ottawa, Ontario, Canada#CA#CA08#12755#45.4167#-75.7#-570760#6078;4#Ottawa, Ontario, Canada#CA#CA08#12755#45.4167#-75.7#-570760#6746;4#Ottawa, Ontario, Canada#CA#CA08#12755#45.4167#-75.7#-570760#7419;4#Ottawa, Ontario, Canada#CA#CA08#12755#45.4167#-75.7#-570760#8531;4#Ottawa, Ontario, Canada#CA#CA08#12755#45.4167#-75.7#-570760#8611;4#Ottawa, Ontario, Canada#CA#CA08#12755#45.4167#-75.7#-570760#8722;4#Ottawa, Ontario, Canada#CA#CA08#12755#45.4167#-75.7#-570760#8968;4#Ottawa, Ontario, Canada#CA#CA08#12755#45.4167#-75.7#-570760#9047;3#Chicago, Illinois, United States#US#USIL#IL031#41.85#-87.6501#423587#3191;3#Chicago, Illinois, United States#US#USIL#IL031#41.85#-87.6501#423587#5789;1#Canadian#CA#CA##60#-96#CA#3370;1#Canadian#CA#CA##60#-96#CA#8914;1#Canadian#CA#CA##60#-96#CA#8946;3#Philadelphia, Pennsylvania, United States#US#USPA#PA101#39.9523#-75.1638#1209052#6544;1#Canada#CA#CA##60#-96#CA#14;1#Canada#CA#CA##60#-96#CA#127;1#Canada#CA#CA##60#-96#CA#457;1#Canada#CA#CA##60#-96#CA#566;1#Canada#CA#CA##60#-96#CA#839;1#Canada#CA#CA##60#-96#CA#1359;1#Canada#CA#CA##60#-96#CA#1540;1#Canada#CA#CA##60#-96#CA#1601;1#Canada#CA#CA##60#-96#CA#1658;1#Canada#CA#CA##60#-96#CA#1953;1#Canada#CA#CA##60#-96#CA#2134;1#Canada#CA#CA##60#-96#CA#2195;1#Canada#CA#CA##60#-96#CA#2252;1#Canada#CA#CA##60#-96#CA#2594;1#Canada#CA#CA##60#-96#CA#2921;1#Canada#CA#CA##60#-96#CA#6086;1#Canada#CA#CA##60#-96#CA#6754;1#Canada#CA#CA##60#-96#CA#7351;1#Canada#CA#CA##60#-96#CA#7427;1#Canada#CA#CA##60#-96#CA#8436;1#Canada#CA#CA##60#-96#CA#8539;1#Canada#CA#CA##60#-96#CA#8619;1#Canada#CA#CA##60#-96#CA#8730;1#Canada#CA#CA##60#-96#CA#8976;1#Canada#CA#CA##60#-96#CA#9055;1#Canada#CA#CA##60#-96#CA#9081;2#New York, United States#US#USNY##42.1497#-74.9384#NY#496;2#New York, United States#US#USNY##42.1497#-74.9384#NY#605;2#New York, United States#US#USNY##42.1497#-74.9384#NY#1803;2#New York, United States#US#USNY##42.1497#-74.9384#NY#2397;2#New York, United States#US#USNY##42.1497#-74.9384#NY#8658","Ottawa Senators,16;Josh Norris,480;New York Rangers,501;Mika Zibanejad,523;Ottawa Senators,566;Josh Norris,585;New York Rangers,606;Mika Zibanejad,628;Ottawa Senator,831;Elizabeth Payne,1341;David Pugliese,1361;Andrew Duffy,1379;Bruce Deachman,1399;Ottawa Citizen,1554;New York Times,1760;Elizabeth Payne,1910;David Pugliese,1930;Andrew Duffy,1948;Bruce Deachman,1968;Ottawa Citizen,2123;New York Times,2329;Chicago Blackhawks,3038;Canadian Tire Centre,3208;Linus Ullmark,3567;Josh Norris,3932;Postmedia Network,4744;Jacob Bernard-Docker,5102;Tyler Kleven,5408;Brady Tkachuk,5992;Seattle Kraken,6092;Philadelphia Flyers,6449;Scott Laughton,6481;Brady Tkachuk,6865;Gary Bettman,7159;Ottawa Senator Drake Batherson,7322;Drake Batherson,7513;Yanni Gourde,7642;Tampa Bay Lightning,7689;Oliver Bjorkstrand,7722;Stanley Cup,7791;Gary Bettman,8374;Josh Norris,8505;New York Rangers,8526;Mika Zibanejad,8548;Janet Gretzky,8669",5,gkg_allnames_exact_validity_aware,2026-08-03T20:42:18Z,Codex manual review,true,,2026-08-03,URL path and GKG AllNames context establish an article-context reference to the registered NHL club,,
188c8b72-9b3d-5cc8-a754-7736cc38d5ca,SJS-current,SJS,Q206381,San Jose Sharks,2025-11-23,https://www.santacruzsentinel.com/2025/11/22/san-jose-sharks-jeff-skinner-michael-misa-ottawa-senators-world-juniors-sam-dickinson/,santacruzsentinel.com,"4#Calgary, Alberta, Canada#CA#CA01#12549#51.0833#-114.083#-561990#271;2#Minnesota, United States#US#USMN##45.7326#-93.9196#MN#1351;4#Abbotsford, British Columbia, Canada#CA#CA02#12550#49.05#-122.3#-559845#2716;4#Abbotsford, British Columbia, Canada#CA#CA02#12550#49.05#-122.3#-559845#2880;1#Canadian#CA#CA##60#-96#CA#1365;1#Canadian#CA#CA##60#-96#CA#1543;1#Canadian#CA#CA##60#-96#CA#1691;4#Niagara Falls, Ontario, Canada#CA#CA08#30536#43.1#-79.05#-570141#1502;4#Ottawa, Ontario, Canada#CA#CA08#12755#45.4167#-75.7#-570760#2089;1#Canada#CA#CA##60#-96#CA#279;1#Canada#CA#CA##60#-96#CA#1284;1#Canada#CA#CA##60#-96#CA#1510;1#Canada#CA#CA##60#-96#CA#1956;1#Canada#CA#CA##60#-96#CA#2097;1#Canada#CA#CA##60#-96#CA#2724;1#Canada#CA#CA##60#-96#CA#2888","San Jose Sharks,34;Jeff Skinner,73;Michael Misa,90;Calgary Flames,289;Ryan Warsofsky,656;Colorado Avalanche,727;Vancouver Canucks,787;Vegas Golden Knights,860;Junior Championship,1406;Niagara Falls,1612;Canadian Hockey League,1664;Saginaw Spirit,1755;Sam Dickinson,2044;World Juniors,2115;Ottawa Senators,2241;Abbotsford Canucks,2891;San Jose,3075;Filip Bystedt,3286;Luca Cagnoni,3635;Colin White,3759",1,gkg_allnames_exact_validity_aware,2026-08-03T20:42:18Z,Codex manual review,true,,2026-08-03,URL path and GKG AllNames context establish an article-context reference to the registered NHL club,,
ef58fab7-7874-5056-8263-47c9f54b5e2f,SJS-current,SJS,Q206381,San Jose Sharks,2024-02-02,https://www.mirror.co.uk/3am/us-celebrity-news/harry-meghan-leaving-california-going-32029249,mirror.co.uk,"4#Sydney, New South Wales, Australia#AS#AS02#154637#-33.8833#151.217#-1603135#1289;1#United States#US#US##39.828175#-98.5795#US#620;1#Germany#GM#GM##51.5#10.5#GM#2510;4#London, London, City Of, United Kingdom#UK#UKH9#40110#51.5#-0.116667#-2601889#1209;4#Toronto, Ontario, Canada#CA#CA08#12686#43.6667#-79.4167#-574890#1267;1#American#US#US##39.828175#-98.5795#US#2883;4#Sussex, New Brunswick, Canada#CA#CA04#12601#45.7167#-65.5167#-574388#28;4#Sussex, New Brunswick, Canada#CA#CA04#12601#45.7167#-65.5167#-574388#211;4#Sussex, New Brunswick, Canada#CA#CA04#12601#45.7167#-65.5167#-574388#742;2#California, United States#US#USCA##36.17#-119.746#CA#92;1#Canada#CA#CA##60#-96#CA#36;1#Canada#CA#CA##60#-96#CA#115;1#Canada#CA#CA##60#-96#CA#155;1#Canada#CA#CA##60#-96#CA#324;1#Canada#CA#CA##60#-96#CA#789;1#Canada#CA#CA##60#-96#CA#1093;1#Canada#CA#CA##60#-96#CA#1275;1#Canada#CA#CA##60#-96#CA#1452;1#Canada#CA#CA##60#-96#CA#1472;1#Canada#CA#CA##60#-96#CA#1734;1#Canada#CA#CA##60#-96#CA#2085;1#Canada#CA#CA##60#-96#CA#2306;4#Vancouver, British Columbia, Canada#CA#CA02#12552#49.25#-123.133#-575268#316;4#Vancouver, British Columbia, Canada#CA#CA02#12552#49.25#-123.133#-575268#1444;4#Vancouver, British Columbia, Canada#CA#CA02#12552#49.25#-123.133#-575268#2077;4#Vancouver, British Columbia, Canada#CA#CA02#12552#49.25#-123.133#-575268#2298","Prince Harry,49;Meghan Markle,67;Invictus Games Vancouver Whistler,344;Winter Training Camp,445;United States,652;Royal Family,745;Invictus Games,878;Prince Harry,994;Sir Keith Mills,1014;Invictus Games,1243;Vancouver Island,2183;Vancouver Canucks,2409;San Jose Sharks,2442;Canadian Invictus Games,2556",2,gkg_allnames_exact_validity_aware,2026-08-03T20:42:18Z,Codex manual review,true,,2026-08-03,URL path and GKG AllNames context establish an article-context reference to the registered NHL club,,
42e48099-2126-508e-be32-3ff952d0294f,SJS-current,SJS,Q206381,San Jose Sharks,2024-04-09,https://www.mercurynews.com/2024/04/09/reviewing-the-tomas-hertl-trade-five-sharks-questions-going-forward/,mercurynews.com,"4#Toronto, Ontario, Canada#CA#CA08#12686#43.6667#-79.4167#-574890#784;3#Nashville, Tennessee, United States#US#USTN#TN037#36.1659#-86.7844#1652484#5085;3#Nashville, Tennessee, United States#US#USTN#TN037#36.1659#-86.7844#1652484#5317;3#Nashville, Tennessee, United States#US#USTN#TN037#36.1659#-86.7844#1652484#5390;3#Nashville, Tennessee, United States#US#USTN#TN037#36.1659#-86.7844#1652484#5628;4#Frolunda, Vastra Gotalands Lan, Sweden#SW#SW28#26268#58.5833#13.8667#-2480829#5873;4#Frolunda, Vastra Gotalands Lan, Sweden#SW#SW28#26268#58.5833#13.8667#-2480829#5920;1#Swedish#SW#SW##62#15#SW#5896;2#Tennessee, United States#US#USTN##35.7449#-86.7489#TN#5112;2#Tennessee, United States#US#USTN##35.7449#-86.7489#TN#5344;2#Tennessee, United States#US#USTN##35.7449#-86.7489#TN#5417;2#Tennessee, United States#US#USTN##35.7449#-86.7489#TN#5655","San Jose Sharks,67;Tomas Hertl,101;Vegas Golden Knights,127;Golden Knights,440;San Jose,511;Star Game,812;David Edstrom,1008;Hasso Plattner,1199;Jonathan Becher,1235;San Jose,1349;Kelly McCrimmon,1479;Mike Grier,1791;Golden Knights,3161;Mikael Granlund,4006;Jan Rutta,4021;Mackenzie Blackwood,4046;Logan Couture,4576;Edouard Vlasic,4796;Mario Ferraro,4814;David Quinn,5257;David Edstrom,5397;Vegas Golden Knights,5466;Bridgestone Arena,5562;Getty Images,5652;David Edstrom,5699;Vegas Golden Knights,5768;Bridgestone Arena,5864;Getty Images,5954;Swedish Hockey,6164;Sam Cosentino,6324;National Hockey League,6416;Joe Thornton,7673",3,gkg_allnames_exact_validity_aware,2026-08-03T20:42:18Z,Codex manual review,true,,2026-08-03,URL path and GKG AllNames context establish an article-context reference to the registered NHL club,,
66e9b1fa-3ca0-5e30-9368-500dd94b0503,SJS-current,SJS,Q206381,San Jose Sharks,2024-03-08,https://www.paradisepost.com/2024/03/07/nhl-trade-deadline-two-sharks-wingers-could-be-moved-soon/,paradisepost.com,"3#Dallas, Texas, United States#US#USTX#TX113#32.7831#-96.8067#1380944#2133","Anthony Duclair,30;Alexander Barabanov,54;San Jose Sharks,123;New York Islanders,309;David Quinn,979;Curtis Pashelka,1353;Magnus Chrona,2007;Kaapo Kahkonen,2075;Dallas Stars,2271;Florida Panthers,2397;Tomas Hertl,2846;Logan Couture,2864;Mikael Granlund,2949;Roope Hintz,3231;Toronto Maple Leafs,3353;San Jose,3438;San Jose,4401;Mike Grier,4742",4,gkg_allnames_exact_validity_aware,2026-08-03T20:42:18Z,Codex manual review,true,,2026-08-03,URL path and GKG AllNames context establish an article-context reference to the registered NHL club,,
f68b59ec-d2b5-56f2-8bc4-32476100f31a,SJS-current,SJS,Q206381,San Jose Sharks,2026-06-26,https://jetradio1400.iheart.com/content/2026-06-26-nhl-draft-begins-friday-in-buffalo/,iheart.com,"4#Toronto, Ontario, Canada#CA#CA08#12686#43.6667#-79.4167#-574890#113","KeyBank Center,105;Toronto Maple Leafs,141;Penn State,204;Gavin McKenna,225;Penn State,427;Maple Leafs,514;San Jose Sharks,539;Vancouver Canucks,562;Buffalo Sabres,582;New York Rangers,608;Bowen Byram,761;Maple Leafs,1474",5,gkg_allnames_exact_validity_aware,2026-08-03T20:42:18Z,Codex manual review,true,,2026-08-03,URL path and GKG AllNames context establish an article-context reference to the registered NHL club,,
adf326d7-4705-5e83-bc16-cbfa7c7ffeb5,STL-current,STL,Q207735,St. Louis Blues,2024-12-15,https://www.pressherald.com/2024/12/14/bruins-pick-up-maine-native-oliver-wahlstrom-off-waivers/,,,,1,gkg_allnames_exact_validity_aware,2026-08-03T20:42:18Z,Codex manual review,true,,2026-08-03,URL path and GKG AllNames context establish an article-context reference to the registered NHL club,,
49b111b6-e209-5046-835c-372941821ecc,STL-current,STL,Q207735,St. Louis Blues,2025-03-10,https://eyesonisles.com/hogberg-returns-and-boqvist-to-play-center-as-ny-islanders-visit-anaheim-ducks-01jnypwy3sgj,,,,2,gkg_allnames_exact_validity_aware,2026-08-03T20:42:18Z,Codex manual review,true,,2026-08-03,URL path and GKG AllNames context establish an article-context reference to the registered NHL club,,
d28c465f-9879-51eb-939a-b682a6df1109,STL-current,STL,Q207735,St. Louis Blues,2024-06-08,https://www.iltalehti.fi/nhl/a/3043ff52-15d6-4554-a55c-2fbcbde157a0,,,,3,gkg_allnames_exact_validity_aware,2026-08-03T20:42:18Z,Codex manual review,true,,2026-08-03,URL path and GKG AllNames context establish an article-context reference to the registered NHL club,,
afd17040-f302-5831-a7a7-ec07cb15968a,STL-current,STL,Q207735,St. Louis Blues,2024-09-05,https://www.dailymail.co.uk/tvshowbiz/article-13815423/Candace-Cameron-Bure-tribute-father-law-death.html,,,,4,gkg_allnames_exact_validity_aware,2026-08-03T20:42:18Z,Codex manual review,true,,2026-08-03,URL path and GKG AllNames context establish an article-context reference to the registered NHL club,,
18ac907e-9b76-5f5c-bc7f-18932191bdbf,STL-current,STL,Q207735,St. Louis Blues,2024-11-18,https://kfan.iheart.com/content/2024-11-18-wild-vs-blues-prediction-picks-november-19/,,,,5,gkg_allnames_exact_validity_aware,2026-08-03T20:42:18Z,Codex manual review,true,,2026-08-03,URL path and GKG AllNames context establish an article-context reference to the registered NHL club,,
be691563-ece3-5eb6-8aa9-93ee79ce42e1,TBL-current,TBL,Q201864,Tampa Bay Lightning,2024-04-02,https://www.sbsun.com/2024/04/02/after-disappointing-road-trip-kings-need-to-hold-of-st-louis-for-final-playoff-spot/,sbsun.com,"3#Dallas, Texas, United States#US#USTX#TX113#32.7831#-96.8067#1380944#1840;3#Dallas, Texas, United States#US#USTX#TX113#32.7831#-96.8067#1380944#2358;2#California, United States#US#USCA##36.17#-119.746#CA#200;1#Canada#CA#CA##60#-96#CA#27;2#Minnesota, United States#US#USMN##45.7326#-93.9196#MN#1312","Seattle Kraken,304;Vancouver Canucks,465;San Jose Sharks,637;Chicago Blackhawks,660;Louis Blues,985;Vladislav Gavrikov,1157;New York Islanders,1410;Minnesota Wild,1430;Tampa Bay Lightning,1454;Dallas Stars,2567;Laurent Brossoit,2790;Jim Hiller,3144;Anze Kopitar,3273;King Brandt Clarke,3787;San Jose,4076;Bally Sports,4276;Bally Sports,4387",1,gkg_allnames_exact_validity_aware,2026-08-03T20:42:18Z,Codex manual review,true,,2026-08-03,URL path and GKG AllNames context establish an article-context reference to the registered NHL club,,
dc0d506b-a55b-59ce-9512-0938ee895fb5,TBL-current,TBL,Q201864,Tampa Bay Lightning,2025-05-02,https://www.tsn.ca/new-york-rangers-hire-mike-sullivan-as-new-head-coach-1.2299482,tsn.ca,"2#New York, United States#US#USNY##42.1497#-74.9384#NY#12;2#New York, United States#US#USNY##42.1497#-74.9384#NY#867;2#New York, United States#US#USNY##42.1497#-74.9384#NY#1179;3#Phoenix, Arizona, United States#US#USAZ#AZ013#33.4484#-112.074#44784#2548;4#Calgary, Alberta, Canada#CA#CA01#12549#51.0833#-114.083#-561990#2514;3#Marshfield, New York, United States#US#USNY#NY029#42.5428#-78.8417#956574#1452;2#Florida, United States#US#USFL##27.8333#-81.717#FL#2738;3#Tampa Bay, Florida, United States#US#USFL#FL103#27.765#-82.5825#294169#1704;1#United States#US#US##39.828175#-98.5795#US#626;1#United States#US#US##39.828175#-98.5795#US#929;1#United States#US#US##39.828175#-98.5795#US#1467;1#United States#US#US##39.828175#-98.5795#US#1719;1#United States#US#US##39.828175#-98.5795#US#2563;1#American#US#US##39.828175#-98.5795#US#1851","New York Rangers,21;Pittsburgh Penguins,276;Peter Laviolette,337;Chris Drury,518;Stanley Cups,633;Team United States,664;New York,919;United States,983;John Tortorella,1189;New York,1238;Insider Darren Dreger,1274;Boston Bruins,1635;Tampa Bay Lightning,1824;Vancouver Canucks,1877;Stanley Cup,2241;Stanley Cup,2311;San Jose Sharks,2665;Calgary Flames,2685;Phoenix Coyotes,2717;Stanley Cup,2876;Florida Panthers,2902;Metropolitan Division,3012;Chris Drury,3127",2,gkg_allnames_exact_validity_aware,2026-08-03T20:42:18Z,Codex manual review,true,,2026-08-03,URL path and GKG AllNames context establish an article-context reference to the registered NHL club,,
2dd43db8-9e73-59f9-a38b-3cc89c50e0c9,TBL-current,TBL,Q201864,Tampa Bay Lightning,2024-01-20,https://kissfm1071.iheart.com/content/2024-01-20-lightning-earn-fifth-straight-win/,iheart.com,,"Tampa Bay Lightning,24;Buffalo Sabres,68;Tyler Motte,224;Red Wings,491;Red Wings,593",3,gkg_allnames_exact_validity_aware,2026-08-03T20:42:18Z,Codex manual review,true,,2026-08-03,URL path and GKG AllNames context establish an article-context reference to the registered NHL club,,
81bb6444-9e3a-51bc-995d-0d0133412a38,TBL-current,TBL,Q201864,Tampa Bay Lightning,2026-04-05,https://www.wgrz.com/article/syndication/associatedpress/protas-scores-in-return-from-injury-as-capitals-keep-playoff-hopes-alive-with-6-2-win-over-sabres/616-1183ba1a-cc58-4ecd-8e2c-1bac2dcd6952,wgrz.com,"3#Washington, Washington, United States#US#USDC#DC001#38.8951#-77.0364#531871#173;3#Washington, Washington, United States#US#USDC#DC001#38.8951#-77.0364#531871#389;3#Washington, Washington, United States#US#USDC#DC001#38.8951#-77.0364#531871#494;3#Washington, Washington, United States#US#USDC#DC001#38.8951#-77.0364#531871#1009;3#Washington, Washington, United States#US#USDC#DC001#38.8951#-77.0364#531871#1699;3#Washington, Washington, United States#US#USDC#DC001#38.8951#-77.0364#531871#1924","Washington Capitals,194;Buffalo Sabres,218;Aliaksei Protas,421;Washington Capitals,497;Buffalo Sabres,521;Connor McMichael,584;Dylan Strome,633;Ryan Leonard,651;Tom Wilson,666;Beck Malenstyn,882;Alex Ovechkin,1206;Alex Lyon,1431;Colten Ellis,1471;Tampa Bay Lightning,2098;New York Rangers,2149",4,gkg_allnames_exact_validity_aware,2026-08-03T20:42:18Z,Codex manual review,true,,2026-08-03,URL path and GKG AllNames context establish an article-context reference to the registered NHL club,,
164cbe45-8181-5fb4-9ad1-34d8a57dacfa,TBL-current,TBL,Q201864,Tampa Bay Lightning,2024-03-10,https://www.mercurynews.com/2024/03/09/newest-sharks-goalie-and-los-gatos-native-making-history/,mercurynews.com,"4#Calgary, Alberta, Canada#CA#CA01#12549#51.0833#-114.083#-561990#673;3#Washington, Washington, United States#US#USDC#DC001#38.8951#-77.0364#531871#979;3#Chicago, Illinois, United States#US#USIL#IL031#41.85#-87.6501#423587#1968;1#Americans#US#US##39.828175#-98.5795#US#1485;4#Ottawa, Ontario, Canada#CA#CA08#12755#45.4167#-75.7#-570760#112;3#Philadelphia, Pennsylvania, United States#US#USPA#PA101#39.9523#-75.1638#1209052#486","Goalie Devin Cooley,34;San Jose Sharks,94;Ottawa Senators,119;Los Gatos,157;Santa Clara County,251;Magnus Chrona,320;Santa Clara County,544;Dustin Wolf,595;San Jose,613;Hunter McKown,628;Calgary Flames,687;Columbus Blue Jackets,713;Tampa Bay Lightning,838;Boston Bruins,861;Buffalo Sabres,941;Washington Capitals,1023;San Jose Shark,1151;Buffalo Sabres,1499;Rochester Americans,1523;Curtis Pashelka,1706;Los Gatos High School,1811;Milwaukee Admirals,2047;Chicago Wolves,2071;Mackenzie Blackwood,2227;David Quinn,2391",5,gkg_allnames_exact_validity_aware,2026-08-03T20:42:18Z,Codex manual review,true,,2026-08-03,URL path and GKG AllNames context establish an article-context reference to the registered NHL club,,
c3581da3-967c-5908-a279-f0b62e41b3db,TOR-current,TOR,Q203384,Toronto Maple Leafs,2025-12-01,http://www.floridastatesman.com/news/278731201/surging-flyers-return-home-to-face-surprising-penguins,floridastatesman.com,"3#Tampa Bay, Florida, United States#US#USFL#FL103#27.765#-82.5825#294169#403;3#Tampa Bay, Florida, United States#US#USFL#FL103#27.765#-82.5825#294169#1789;1#Jersey#JE#JE##49.216667#-2.116667#JE#570;1#Jersey#JE#JE##49.216667#-2.116667#JE#606;2#Florida, United States#US#USFL##27.8333#-81.717#FL#488;2#Pennsylvania, United States#US#USPA##40.5773#-77.264#PA#3124;3#Philadelphia, Pennsylvania, United States#US#USPA#PA101#39.9523#-75.1638#1209052#95;3#Philadelphia, Pennsylvania, United States#US#USPA#PA101#39.9523#-75.1638#1209052#315;3#Philadelphia, Pennsylvania, United States#US#USPA#PA101#39.9523#-75.1638#1209052#1466;3#Philadelphia, Pennsylvania, United States#US#USPA#PA101#39.9523#-75.1638#1209052#1761;3#Philadelphia, Pennsylvania, United States#US#USPA#PA101#39.9523#-75.1638#1209052#3072;2#New Jersey, United States#US#USNJ##40.314#-74.5089#NJ#570;2#New Jersey, United States#US#USNJ##40.314#-74.5089#NJ#606","Dennis Schneidler-Imagn Images,50;Philadelphia Flyers,112;Pittsburgh Penguins,263;Tampa Bay,394;Florida Panthers,484;New York Islanders,547;New Jersey,562;New Jersey,605;Owen Tippett,623;Matvei Michkov,642;Travis Konecny,890;Trevor Zegras,1367;Rick Tocchet,1563;Tampa Bay,1860;Toronto Maple Leafs,2019;Tristan Jarry,2114;Dan Muse,2244;Bobby Brink,3308;Field Level,3398",1,gkg_allnames_exact_validity_aware,2026-08-03T20:42:18Z,Codex manual review,true,,2026-08-03,URL path and GKG AllNames context establish an article-context reference to the registered NHL club,,
9f736c95-04a4-5c86-b9f9-07f30137e338,TOR-current,TOR,Q203384,Toronto Maple Leafs,2025-01-28,https://www.yardbarker.com/nhl/articles/seravalli_hurricanes_at_least_inquired_about_leafs_marner_before_rantanen_trade/s1_15332_41651030,yardbarker.com,"3#Taylor Hall, Colorado, United States#US#USCO#CO051#38.5483#-106.919#1795049#242;4#Toronto, Ontario, Canada#CA#CA08#12686#43.6667#-79.4167#-574890#2251;2#Colorado, United States#US#USCO##39.0646#-105.327#CO#167;2#Colorado, United States#US#USCO##39.0646#-105.327#CO#429","Mikko Rantanen,123;Carolina Hurricanes,150;Taylor Hall,248;Chicago Blackhawks,292;Maple Leaf,755;Maple Leaf,840;Frank Seravalli,1348;Carolina Hurricanes,1426;Mitch Marner,1463;Toronto Maple Leafs,2364;Mitch Marner,2383",2,gkg_allnames_exact_validity_aware,2026-08-03T20:42:18Z,Codex manual review,true,,2026-08-03,URL path and GKG AllNames context establish an article-context reference to the registered NHL club,,
74ab0df4-a6f5-500f-81f2-04848e5bcea4,TOR-current,TOR,Q203384,Toronto Maple Leafs,2023-12-24,https://editorinleaf.com/posts/the-toronto-maple-leafs-should-be-beyond-their-lack-of-preparedness-01hja2x3ysff,editorinleaf.com,"1#Canadian#CA#CA##60#-96#CA#2669;4#Toronto, Ontario, Canada#CA#CA08#12686#43.6667#-79.4167#-574890#49;4#Toronto, Ontario, Canada#CA#CA08#12686#43.6667#-79.4167#-574890#189;4#Toronto, Ontario, Canada#CA#CA08#12686#43.6667#-79.4167#-574890#742;4#Toronto, Ontario, Canada#CA#CA08#12686#43.6667#-79.4167#-574890#820;4#Toronto, Ontario, Canada#CA#CA08#12686#43.6667#-79.4167#-574890#2472;4#Ottawa, Ontario, Canada#CA#CA08#12755#45.4167#-75.7#-570760#622","Toronto Maple Leafs,61;New York Rangers,167;Toronto Maple Leafs,196;Atlantic Division,251;Cup-contending Rangers,367;Buffalo Sabres,531;Columbus Blue Jackets,609;Ottawa Senators,629;Toronto Maple Leafs,822;Sheldon Keefe,1060;Ilya Samsonov,1395;Mitch Marner,1630;Blue Jackets,2204;Toronto Maple Leafs,2530",3,gkg_allnames_exact_validity_aware,2026-08-03T20:42:18Z,Codex manual review,true,,2026-08-03,URL path and GKG AllNames context establish an article-context reference to the registered NHL club,,
29214438-0ae3-5cf2-9e70-337dac1a1e01,TOR-current,TOR,Q203384,Toronto Maple Leafs,2024-10-27,https://www.yardbarker.com/nhl/articles/maple_leafs_bruins_takeaways_36_seconds_of_madness_myers_reopens_the_no_6_debate_stolarz_steady/s1_15332_41130332,yardbarker.com,"4#Toronto, Ontario, Canada#CA#CA08#12686#43.6667#-79.4167#-574890#140;4#Toronto, Ontario, Canada#CA#CA08#12686#43.6667#-79.4167#-574890#1710;4#Toronto, Ontario, Canada#CA#CA08#12686#43.6667#-79.4167#-574890#2257;4#Toronto, Ontario, Canada#CA#CA08#12686#43.6667#-79.4167#-574890#2453;4#Toronto, Ontario, Canada#CA#CA08#12686#43.6667#-79.4167#-574890#2675;4#Winnipeg, Manitoba, Canada#CA#CA03#12577#49.8833#-97.1667#-576096#4277;3#Los Angeles, California, United States#US#USCA#CA037#34.0522#-118.244#1662328#3367","Original Six,99;Toronto Maple Leafs,165;David Pastrnak,284;Auston Matthews,332;Morgan Rielly,409;Maple Leafs,482;Maple Leaf,746;Louis Blues,950;Chris Tanev,1188;Anthony Stolarz,1208;Bobby McMann,1320;Philippe Myers,1354;John Tavares,1401;Max Pacioretty,1420;Justin Brazeau,1438;Mark Kastelic,1691;Maple Leafs,2242;Oliver Ekman-Larsson,2499;Anthony Stolarz,2523;Matthew Knies,2584;Columbus Blue Jackets,2874;Louis Blues,2950;Timothy Liljegren,3302;Maple Leafs,3408;Conor Timmins,3443;Timothy Liljegren,3520;Los Angeles,3580;Jake McCabe,3962;Simon Benoit,4131;Maple Leafs,4411;Maple Leafs,4642;Maple Leafs,4823;New York Rangers,5002;Mika Zibanejad,5025",4,gkg_allnames_exact_validity_aware,2026-08-03T20:42:18Z,Codex manual review,true,,2026-08-03,URL path and GKG AllNames context establish an article-context reference to the registered NHL club,,
cecd9575-199c-5603-bdd2-336163326a39,TOR-current,TOR,Q203384,Toronto Maple Leafs,2026-04-11,http://www.bostonstar.com/news/278976331/maple-leafs-panthers-play-out-the-string-with-youngsters,bostonstar.com,"1#American#US#US##39.828175#-98.5795#US#3178;4#Montreal, Quebec, Canada#CA#CA10#12713#45.5#-73.5833#-569541#2533;2#Florida, United States#US#USFL##27.8333#-81.717#FL#99;2#Florida, United States#US#USFL##27.8333#-81.717#FL#1445;4#Toronto, Ontario, Canada#CA#CA08#12686#43.6667#-79.4167#-574890#57;4#Toronto, Ontario, Canada#CA#CA08#12686#43.6667#-79.4167#-574890#809;4#Toronto, Ontario, Canada#CA#CA08#12686#43.6667#-79.4167#-574890#1317;4#Toronto, Ontario, Canada#CA#CA08#12686#43.6667#-79.4167#-574890#1665;4#Toronto, Ontario, Canada#CA#CA08#12686#43.6667#-79.4167#-574890#2005;4#Toronto, Ontario, Canada#CA#CA08#12686#43.6667#-79.4167#-574890#3283;3#Boston, Massachusetts, United States#US#USMA#MA025#42.3584#-71.0598#617565#917;3#Boston, Massachusetts, United States#US#USMA#MA025#42.3584#-71.0598#617565#1098;4#Ottawa, Ontario, Canada#CA#CA08#12755#45.4167#-75.7#-570760#2836","Marc DesRosiers-Imagn Images,48;Toronto Maple Leafs,76;Florida Panthers,107;Stanley Cup,187;Atlantic Division,343;Maple Leafs,388;New York,570;Artur Akhtyamov,614;Maple Leafs,742;Craig Berube,761;Boston Bruins,990;Maple Leafs,1138;Seattle Kraken,1406;Florida Panther,1520;Maple Leafs,1571;Sunny Mehta,1682;Luke Haymes,1919;Easton Cowan,2009;Anthony Stolarz,2332;Dakota Joshua,2359;Seth Jones,2529;Aleksander Barkov,2678;Aaron Ekblad,2696;Brad Marchand,2715;Sam Reinhart,2733;Matthew Tkachuk,2767;Paul Maurice,2896;Ottawa Senators,2964;Marek Alscher,3038;Ludvig Jansson,3057;Field Level,3610",5,gkg_allnames_exact_validity_aware,2026-08-03T20:42:18Z,Codex manual review,true,,2026-08-03,URL path and GKG AllNames context establish an article-context reference to the registered NHL club,,
db9d735c-88e0-5e56-967d-1cf30edd9621,UTA-hockey-club,UTA,Q125520712,Utah Hockey Club,2025-03-25,https://editorinleaf.com/the-toronto-maple-leafs-are-getting-some-offence-from-an-unexpected-source-01jq05ydscr8,editorinleaf.com,"2#Utah, United States#US#USUT##40.1135#-111.854#UT#2304;4#Toronto, Ontario, Canada#CA#CA08#12686#43.6667#-79.4167#-574890#106;4#Toronto, Ontario, Canada#CA#CA08#12686#43.6667#-79.4167#-574890#258;4#Toronto, Ontario, Canada#CA#CA08#12686#43.6667#-79.4167#-574890#869;4#Toronto, Ontario, Canada#CA#CA08#12686#43.6667#-79.4167#-574890#2490;4#Toronto, Ontario, Canada#CA#CA08#12686#43.6667#-79.4167#-574890#2899","Toronto Maple Leafs,128;Toronto Maple Leafs,278;Auston Matthews,307;Mitch Marner,325;William Nylander,347;John Tavares,364;Maple Leafs,512;Morgan Rielly,870;Toronto Maple Leafs,918;Maple Leafs,1387;Anaheim Ducks,1732;Michael Kesselring,2439;Utah Hockey Club,2463;Maple Leafs,2625;Oliver Ekman-Larsson,2900",1,gkg_allnames_exact_validity_aware,2026-08-03T20:42:18Z,Codex manual review,true,,2026-08-03,URL path and GKG AllNames context establish an article-context reference to the registered NHL club,,
b664541d-0fef-5579-ae04-a8524a924925,UTA-hockey-club,UTA,Q125520712,Utah Hockey Club,2024-11-01,https://www.yardbarker.com/nhl/articles/4_interesting_facts_about_oilers_recent_call_up_drake_caggiula/s1_15245_41160371,yardbarker.com,"2#Arizona, United States#US#USAZ##33.7712#-111.388#AZ#3743;3#University Of North Dakota, North Dakota, United States#US#USND#ND035#47.9205#-97.0704#1032604#1102;2#North Dakota, United States#US#USND##47.5362#-99.793#ND#1102;2#North Dakota, United States#US#USND##47.5362#-99.793#ND#2890;2#Utah, United States#US#USUT##40.1135#-111.854#UT#2517;3#Chicago, Illinois, United States#US#USIL#IL031#41.85#-87.6501#423587#5087;3#Chicago, Illinois, United States#US#USIL#IL031#41.85#-87.6501#423587#5810","With Connor McDavid,20;Edmonton Oilers,53;Drake Caggiula,86;Noah Philp,101;Bakersfield Condors,130;Nashville Predators,211;Corey Perry,284;Was Once Named,1085;Four Most Outstanding,1120;North Dakota,1193;Fighting Hawks,1216;Hockey Online,1958;Male Athlete,2055;Year Award,2073;Jeff Anderson Scholarship Award,2137;Most Valuable,2164;Four Most Outstanding,2235;Fighting Hawks,2386;Schmaltz Formed One,2460;Best Lines,2478;College Known,2495;Brad Berry,2568;Brock Boeser,2617;Vancouver Canucks,2645;Nick Schmaltz,2671;Utah Hockey Club,2706;Brad Elliott Schlossman,2974;North Dakota,3122;Fighting Hawks,3583;Oilers D-man Troy Stecher,3698;Connor McDavid,4171;Leon Draisaitl,4191;Ryan Nugent-Hopkins,4216;Darnell Nurse,4239;Premier Elite Athlete Collegiate,4849;Traded From,5206;Oilers Allowed Caggiula,5234;His Favourite Players From His,5278;Jason Garrison,5461;Chicago Blackhawks,5492;D-man Brandon Manning,5530;Patrick Kane,6341;Stanley Cup,6424",2,gkg_allnames_exact_validity_aware,2026-08-03T20:42:18Z,Codex manual review,true,,2026-08-03,URL path and GKG AllNames context establish an article-context reference to the registered NHL club,,
8ef6a2f9-382a-5764-acaf-ad7aea20cbe8,UTA-hockey-club,UTA,Q125520712,Utah Hockey Club,2024-08-21,https://edmonton.ctvnews.ca/edmonton-oilers-single-game-tickets-go-on-sale-next-week-theme-night-schedule-announced-1.7008944,edmonton.ctvnews.ca,"1#Ukrainian#UP#UP##49#32#UP#1047;3#Tampa Bay, Florida, United States#US#USFL#FL103#27.765#-82.5825#294169#817;2#Colorado, United States#US#USCO##39.0646#-105.327#CO#1234;2#Florida, United States#US#USFL##27.8333#-81.717#FL#888;2#Florida, United States#US#USFL##27.8333#-81.717#FL#1621;2#New Jersey, United States#US#USNJ##40.314#-74.5089#NJ#580;3#Washington, Washington, United States#US#USDC#DC001#38.8951#-77.0364#531871#1089;1#Canadian#CA#CA##60#-96#CA#1121;1#Canadians#CA#CA##60#-96#CA#358;1#Canadians#CA#CA##60#-96#CA#864;3#Dallas, Texas, United States#US#USTX#TX113#32.7831#-96.8067#1380944#1399;2#Utah, United States#US#USUT##40.1135#-111.854#UT#980;2#Utah, United States#US#USUT##40.1135#-111.854#UT#1350;2#Utah, United States#US#USUT##40.1135#-111.854#UT#1690","Edmonton Oilers,17;Indigenous Celebration,201;Next Gen,215;Hockey Fights Cancer,241;Welcoming New Canadians,379;Dia De Los,394;Dia De Los,663;Indigenous Celebration,744;Celebrating Oil,814;Hockey Fights,885;Welcoming New,954;Next Gen,1079;New Year,1136;Ukrainian Heritage,1209;Canadian Armed Forces Appreciation,1298;Lunar New Year,1366;Celebrating Black,1435;South Asian,1505;Fan Appreciation,1699;Florida Panthers,1862;Stanley Cup Final,1885;Utah Hockey Club,1938;New Year,2005",3,gkg_allnames_exact_validity_aware,2026-08-03T20:42:18Z,Codex manual review,true,,2026-08-03,URL path and GKG AllNames context establish an article-context reference to the registered NHL club,,
056aef41-3373-532c-9758-45717d8e495b,UTA-hockey-club,UTA,Q125520712,Utah Hockey Club,2024-11-18,https://starsandsticks.com/alex-ovechkin-continues-dominance-over-vegas-to-bring-him-28-closer-to-wayne-gretzky-01jcyth5k57w,starsandsticks.com,"2#Utah, United States#US#USUT##40.1135#-111.854#UT#248;2#Utah, United States#US#USUT##40.1135#-111.854#UT#386;2#Utah, United States#US#USUT##40.1135#-111.854#UT#1847;3#Washington, Washington, United States#US#USDC#DC001#38.8951#-77.0364#531871#14;2#Colorado, United States#US#USCO##39.0646#-105.327#CO#178","Washington Capitals,24;Western Conference,59;Vegas Golden,110;Utah Hockey Club,259;Monumental Sports Network,322;Utah Monday,394;Great Eight,426;Jean Beliveau,734;Johnny Bucyk,752;Shane Doan,779;Gordie Howe,796;Jaormir Jagr,825;Nicklas Lidstrom,847;Joe Nieuwendyk,867;Jean Ratelle,885;Luc Robitaille,905;Teemu Selanne,924;Sam Reinhart,1112;Leon Draisaitl,1131;Phil Esposito,1338;Great Eight,1581;Logan Thompson,1675;Golden Knights,1845;Las Vegas,1911",4,gkg_allnames_exact_validity_aware,2026-08-03T20:42:18Z,Codex manual review,true,,2026-08-03,URL path and GKG AllNames context establish an article-context reference to the registered NHL club,,
bfdfb0d2-e54d-5c4b-9d48-b656354ac60c,UTA-hockey-club,UTA,Q125520712,Utah Hockey Club,2024-12-28,https://www.saltlakecitysun.com/news/274891415/generous-flyers-aim-to-tighten-up-defensively-vs-ducks,saltlakecitysun.com,"2#Utah, United States#US#USUT##40.1135#-111.854#UT#1579;3#Philadelphia, Pennsylvania, United States#US#USPA#PA101#39.9523#-75.1638#1209052#68;3#Philadelphia, Pennsylvania, United States#US#USPA#PA101#39.9523#-75.1638#1209052#273;3#Philadelphia, Pennsylvania, United States#US#USPA#PA101#39.9523#-75.1638#1209052#2953","Charles LeClaire-Imagn Images,49;Philadelphia Flyers,82;Anaheim Ducks,100;Pittsburgh Penguins,385;Sidney Crosby,514;Noah Cates,586;John Tortorella,710;Matvei Michkov,953;Utah Hockey Club,1692;Vegas Golden,1824;Greg Cronin,1968;Nashville Predators,2144;Detroit Red Wings,2180;John Gibson,2516;Lukas Dostal,2533;Radko Gudas,2821;Field Level,3195",5,gkg_allnames_exact_validity_aware,2026-08-03T20:42:18Z,Codex manual review,true,,2026-08-03,URL path and GKG AllNames context establish an article-context reference to the registered NHL club,,
1bae258f-da7b-57c7-9fa0-e4a7e6163a18,UTA-mammoth,UTA,Q125520712,Utah Mammoth,2025-12-15,http://www.pittsburghstar.com/news/278755132/dylan-guenther-scores-ot-winner-as-mammoth-edge-penguins,pittsburghstar.com,"2#Utah, United States#US#USUT##40.1135#-111.854#UT#119","Charles LeClaire-Imagn Images,49;Utah Mammoth,135;Pittsburgh Penguins,195;Nate Schmidt,255;Sean Durzi,270;Karle Vejmelka,383;Bryan Rust,803;Sergei Murashov,865;Stuart Skinner,934;Brett Kulak,961;San Jose,1584;Field Level,2459",1,gkg_allnames_exact_validity_aware,2026-08-03T20:42:18Z,Codex manual review,true,,2026-08-03,URL path and GKG AllNames context establish an article-context reference to the registered NHL club,,
57529456-153d-54c6-ae70-444e36657b5f,UTA-mammoth,UTA,Q125520712,Utah Mammoth,2025-12-16,https://www.nhl.com/bruins/news/need-to-know-bruins-vs-mammoth,nhl.com,"2#Utah, United States#US#USUT##40.1135#-111.854#UT#138;2#Utah, United States#US#USUT##40.1135#-111.854#UT#419;3#Boston, Massachusetts, United States#US#USMA#MA025#42.3584#-71.0598#617565#6;3#Boston, Massachusetts, United States#US#USMA#MA025#42.3584#-71.0598#617565#48;3#Salt Lake, Utah, United States#US#USUT#UT027#39.1559#-112.691#1436291#289","Boston Bruins,39;Utah Mammoth,116;Salt Lake City,276;Marco Sturm,509;Winnipeg Jets,905;Nikita Zadorov,998;Jonathan Aspirot,1334",2,gkg_allnames_exact_validity_aware,2026-08-03T20:42:18Z,Codex manual review,true,,2026-08-03,URL path and GKG AllNames context establish an article-context reference to the registered NHL club,,
22b1e9e0-9d44-5d49-b0ee-25395c482155,UTA-mammoth,UTA,Q125520712,Utah Mammoth,2026-03-07,https://www.cjme.com/2026/03/07/the-green-zone-replay-friday-march-6/,cjme.com,"2#Utah, United States#US#USUT##40.1135#-111.854#UT#330;2#Utah, United States#US#USUT##40.1135#-111.854#UT#396;2#Utah, United States#US#USUT##40.1135#-111.854#UT#484","Green Zone Replay,22;Deadline Recap,97;Drew Remenda,276;Utah Mammoth,369;Utah Mammoth,438;MacKenzie Weegar,496;Nick Olczyk,539;Stanley Cup,661",3,gkg_allnames_exact_validity_aware,2026-08-03T20:42:18Z,Codex manual review,true,,2026-08-03,URL path and GKG AllNames context establish an article-context reference to the registered NHL club,,
eef548a3-1f60-55d8-8e7f-3d9cdb809b29,UTA-mammoth,UTA,Q125520712,Utah Mammoth,2026-01-01,http://www.coloradostar.com/news/278784917/mammoth-islanders-look-to-start-new-year-on-right-note,coloradostar.com,"2#New York, United States#US#USNY##42.1497#-74.9384#NY#56;2#New York, United States#US#USNY##42.1497#-74.9384#NY#341;2#New York, United States#US#USNY##42.1497#-74.9384#NY#902;2#New York, United States#US#USNY##42.1497#-74.9384#NY#1217;2#Arizona, United States#US#USAZ##33.7712#-111.388#AZ#2161;2#Arizona, United States#US#USAZ##33.7712#-111.388#AZ#2261;2#Utah, United States#US#USUT##40.1135#-111.854#UT#73;2#Utah, United States#US#USUT##40.1135#-111.854#UT#352;2#Utah, United States#US#USUT##40.1135#-111.854#UT#2067;2#Utah, United States#US#USUT##40.1135#-111.854#UT#2253;2#Utah, United States#US#USUT##40.1135#-111.854#UT#2593;2#Utah, United States#US#USUT##40.1135#-111.854#UT#2860;3#Elmont, New York, United States#US#USNY#NY059#40.7009#-73.7129#949582#386;2#Colorado, United States#US#USCO##39.0646#-105.327#CO#2419;2#Colorado, United States#US#USCO##39.0646#-105.327#CO#2910","Talia Sprague-Imagn Images,46;New York Islanders,73;Utah Mammoth,90;New York,357;New Year,382;Chicago Blackhawks,544;Carolina Hurricanes,907;Kyle Palmieri,979;Alexander Romanov,1028;Ilya Sorokin,1366;Colorado Avalanche,3136;Steven Stamkos,3212;Mikhail Sergachev,3426;Field Level,3608",4,gkg_allnames_exact_validity_aware,2026-08-03T20:42:18Z,Codex manual review,true,,2026-08-03,URL path and GKG AllNames context establish an article-context reference to the registered NHL club,,
1af408d5-9cb5-5d56-a7fa-739bba29d42b,UTA-mammoth,UTA,Q125520712,Utah Mammoth,2025-12-13,http://www.saltlakecitysun.com/news/278752263/mammoth-tallies-3-in-the-third-to-outlast-kraken,saltlakecitysun.com,"3#Salt Lake City, Utah, United States#US#USUT#UT035#40.7608#-111.891#1454997#220;2#Utah, United States#US#USUT##40.1135#-111.854#UT#142;2#Utah, United States#US#USUT##40.1135#-111.854#UT#1523;2#Utah, United States#US#USUT##40.1135#-111.854#UT#1926;2#Utah, United States#US#USUT##40.1135#-111.854#UT#2420","Rob Gray-Imagn Images,41;Utah Mammoth,159;Seattle Kraken,196;Salt Lake,225;Kailer Yamamoto,294;Lawson Crouse,357;Karel Vejmelka,455;Ben Meyers,517;Goalie Philipp Grubauer,643;Ryan Lindgren,707;Freddy Gaudreau,1537;Andre Tourigny,2432;Field Level,2785",5,gkg_allnames_exact_validity_aware,2026-08-03T20:42:18Z,Codex manual review,true,,2026-08-03,URL path and GKG AllNames context establish an article-context reference to the registered NHL club,,
8afe4c48-f945-5913-bfc4-71a6da659089,VAN-current,VAN,Q192890,Vancouver Canucks,2023-12-14,https://www.nhl.com/news/on-campus-macklin-celebrini-tops-ncaa-players-to-watch-at-2024-wjc,nhl.com,"1#Sweden#SW#SW##62#15#SW#81;1#Sweden#SW#SW##62#15#SW#90;1#Sweden#SW#SW##62#15#SW#4734;1#United States#US#US##39.828175#-98.5795#US#234;1#United States#US#US##39.828175#-98.5795#US#685;1#United States#US#US##39.828175#-98.5795#US#914;1#United States#US#US##39.828175#-98.5795#US#1193;1#United States#US#US##39.828175#-98.5795#US#1247;1#United States#US#US##39.828175#-98.5795#US#1545;1#United States#US#US##39.828175#-98.5795#US#1942;1#United States#US#US##39.828175#-98.5795#US#2115;1#United States#US#US##39.828175#-98.5795#US#2351;1#United States#US#US##39.828175#-98.5795#US#2623;1#United States#US#US##39.828175#-98.5795#US#2856;1#United States#US#US##39.828175#-98.5795#US#2917;1#United States#US#US##39.828175#-98.5795#US#3649;1#United States#US#US##39.828175#-98.5795#US#3762;1#United States#US#US##39.828175#-98.5795#US#3972;1#United States#US#US##39.828175#-98.5795#US#4072;1#United States#US#US##39.828175#-98.5795#US#4783;3#University Of Massachusetts, Massachusetts, United States#US#USMA#MA015#42.389#-72.5287#601175#2608;4#Gothenburg, Vastra Gotalands Lan, Sweden#SW#SW28#26247#57.7167#11.9667#-2482986#73;2#Arizona, United States#US#USAZ##33.7712#-111.388#AZ#2771;1#Czechia#EZ#EZ##49.75#15#EZ#2434;1#Czechia#EZ#EZ##49.75#15#EZ#2646;3#Boston University, Massachusetts, United States#US#USMA#MA025#42.334#-71.1048#1971024#899;3#Boston University, Massachusetts, United States#US#USMA#MA025#42.334#-71.1048#1971024#2902;3#Boston University, Massachusetts, United States#US#USMA#MA025#42.334#-71.1048#1971024#4768;1#Latvia#LG#LG##57#25#LG#3301;2#Michigan, United States#US#USMI##43.3504#-84.5603#MI#615;2#Michigan, United States#US#USMI##43.3504#-84.5603#MI#1430;2#Michigan, United States#US#USMI##43.3504#-84.5603#MI#4464;3#Boston College, Massachusetts, United States#US#USMA#MA017#42.3357#-71.1712#600858#2100;3#Boston College, Massachusetts, United States#US#USMA#MA017#42.3357#-71.1712#600858#3747;3#Philadelphia, Pennsylvania, United States#US#USPA#PA101#39.9523#-75.1638#1209052#2336;2#Massachusetts, United States#US#USMA##42.2373#-71.5314#MA#2608;2#Massachusetts, United States#US#USMA##42.2373#-71.5314#MA#3533;3#Detroit, Michigan, United States#US#USMI#MI163#42.3314#-83.0458#1617959#1530;1#Canada#CA#CA##60#-96#CA#451;1#Canada#CA#CA##60#-96#CA#653;1#Canada#CA#CA##60#-96#CA#994;1#Canada#CA#CA##60#-96#CA#1209;1#Canada#CA#CA##60#-96#CA#1644;1#Canadian#CA#CA##60#-96#CA#491","Junior Championship,57;United States,249;Canadian Hockey League,523;United States,709;Columbus Blue Jackets,784;Boston University,928;Macklin Celebrini,963;United States,1211;United States,1271;Michigan State,1489;Detroit Red Wings,1612;United States,2031;Boston College,2215;Philadelphia Flyers,2487;Arizona Coyotes,2956;Boston University,3094;Hockey East,3311;Hobey Baker Award,3401;Montreal Canadiens,3468;Boston Bruins,3852;Boston College,4046;New York Rangers,4189;United States,4387;Louis Blues,4683;Michigan State,4841;Buffalo Sabres,5038;Boston University,5173;Vancouver Canucks,5341",1,gkg_allnames_exact_validity_aware,2026-08-03T20:42:18Z,Codex manual review,true,,2026-08-03,URL path and GKG AllNames context establish an article-context reference to the registered NHL club,,
f0f8610f-b346-53f9-8757-9b3b9990f3ab,VAN-current,VAN,Q192890,Vancouver Canucks,2026-06-16,http://www.cincinnatisun.com/news/279127091/john-tortorella-out-as-golden-knights-head-coach,cincinnatisun.com,"3#Philadelphia, Pennsylvania, United States#US#USPA#PA101#39.9523#-75.1638#1209052#2062;2#Utah, United States#US#USUT##40.1135#-111.854#UT#534;2#Colorado, United States#US#USCO##39.0646#-105.327#CO#640","Nathan Ray Seebeck-Imagn Images,51;Vegas Golden Knights,133;Golden Knights,216;Carolina Hurricanes,248;Stanley Cup,280;Bruce Cassidy,374;Golden Knights,466;Pacific Division,513;Utah Mammoth,583;Anaheim Ducks,601;Colorado Avalanche,697;Western Conference,723;Golden Knights,847;Kelly McCrimmon,879;Stanley Cup,1138;Golden Knight,1396;Stanley Cup-winning,2022;Tampa Bay Lightning,2060;Jack Adams Award,2097;New York Rangers,2142;Vancouver Canucks,2165;Columbus Blue Jackets,2192;Field Level,2233",2,gkg_allnames_exact_validity_aware,2026-08-03T20:42:18Z,Codex manual review,true,,2026-08-03,URL path and GKG AllNames context establish an article-context reference to the registered NHL club,,
d630bd1a-296e-563a-88fd-2e584cd51beb,VAN-current,VAN,Q192890,Vancouver Canucks,2023-11-21,https://www.campbellrivermirror.com/trending-now/prince-harry-drops-the-puck-for-the-canucks-and-the-invictus-games-7113177,campbellrivermirror.com,"4#Vancouver, British Columbia, Canada#CA#CA02#12552#49.25#-123.133#-575268#95;4#Vancouver, British Columbia, Canada#CA#CA02#12552#49.25#-123.133#-575268#686;4#Vancouver, British Columbia, Canada#CA#CA02#12552#49.25#-123.133#-575268#1380;4#Sussex, New Brunswick, Canada#CA#CA04#12601#45.7167#-65.5167#-574388#33","Prince Harry,13;Vancouver Canucks,102;San Jose,218;Invictus Games Foundation,296;Meghan Markle,462;David Eby,521;Sports Minister Lana,581;Tomas Hertl,824;Rick Tocchet,1097;San Jose,1460;Prince Philip,1624;Wayne Gretzky,1652;Gordon Campbell,1693",3,gkg_allnames_exact_validity_aware,2026-08-03T20:42:18Z,Codex manual review,true,,2026-08-03,URL path and GKG AllNames context establish an article-context reference to the registered NHL club,,
7df79008-25aa-51d9-a357-36cd485dc08f,VAN-current,VAN,Q192890,Vancouver Canucks,2024-12-03,https://www.timescolonist.com/bc-news/vancouver-transit-braces-for-swift-impact-as-parking-cost-spikes-to-150-9893370,timescolonist.com,"4#Vancouver, British Columbia, Canada#CA#CA02#12552#49.25#-123.133#-575268#9;4#Vancouver, British Columbia, Canada#CA#CA02#12552#49.25#-123.133#-575268#41;4#Vancouver, British Columbia, Canada#CA#CA02#12552#49.25#-123.133#-575268#979;4#Vancouver, British Columbia, Canada#CA#CA02#12552#49.25#-123.133#-575268#2029;4#Vancouver, British Columbia, Canada#CA#CA02#12552#49.25#-123.133#-575268#2415;4#Vancouver, British Columbia, Canada#CA#CA02#12552#49.25#-123.133#-575268#2988;4#Toronto, Ontario, Canada#CA#CA08#12686#43.6667#-79.4167#-574890#3596;4#Burrard Inlet, British Columbia, Canada#CA#CA02#12552#49.3#-123.233#-561888#1034;1#Canada#CA#CA##60#-96#CA#17;1#Canada#CA#CA##60#-96#CA#49;1#Canada#CA#CA##60#-96#CA#790;1#Canada#CA#CA##60#-96#CA#987;1#Canada#CA#CA##60#-96#CA#1042;1#Canada#CA#CA##60#-96#CA#2037;1#Canada#CA#CA##60#-96#CA#2405;1#Canada#CA#CA##60#-96#CA#2423;1#Canada#CA#CA##60#-96#CA#2996;1#Canada#CA#CA##60#-96#CA#3604;4#Sheraton, British Columbia, Canada#CA#CA02#154724#54.1667#-125.483#-573538#2397;1#Canadian#CA#CA##60#-96#CA#4996;1#Canadian#CA#CA##60#-96#CA#5052","Metro Vancouver,28;Taylor Swift,132;Waterfront Station,776;Canada Line,814;Expo Line,856;West Coast Express,890;Burrard Inlet,1063;Tina Lovegreen,1380;Rogers Arena,1744;Vancouver Canucks,2099;Sheraton Vancouver Wall Centre,2485;Chris May,2887;Better Business Bureau,3328;Scam Tracker,3474;Chuck Chiang,5096;Canadian Press,5150",4,gkg_allnames_exact_validity_aware,2026-08-03T20:42:18Z,Codex manual review,true,,2026-08-03,URL path and GKG AllNames context establish an article-context reference to the registered NHL club,,
924bad06-5069-58c8-9b6a-01d0542ad0ec,VAN-current,VAN,Q192890,Vancouver Canucks,2024-09-25,https://www.tricitynews.com/highlights/hold-my-beer-canucks-are-finally-getting-new-seats-with-cupholders-9568022,tricitynews.com,1#Canada#CA#CA##60#-96#CA#484;1#America#US#US##39.828175#-98.5795#US#1682,"Vancouver Canucks,49;Stanley Cup Final,481;Team Canada,534;Rogers Arena,663;North Plaza,811;Irwin Seating Company,1666;North America,1801",5,gkg_allnames_exact_validity_aware,2026-08-03T20:42:18Z,Codex manual review,true,,2026-08-03,URL path and GKG AllNames context establish an article-context reference to the registered NHL club,,
e03ff710-318f-515a-96fd-b847b152c7fe,VGK-current,VGK,Q24725640,Vegas Golden Knights,2025-07-18,https://www.bowenislandundercurrent.com/highlights/an-in-depth-look-at-vancouver-canucks-2025-26-schedule-10959671,bowenislandundercurrent.com,"3#Philadelphia, Pennsylvania, United States#US#USPA#PA101#39.9523#-75.1638#1209052#2198;3#Philadelphia, Pennsylvania, United States#US#USPA#PA101#39.9523#-75.1638#1209052#4089;3#Philadelphia, Pennsylvania, United States#US#USPA#PA101#39.9523#-75.1638#1209052#7915;2#Florida, United States#US#USFL##27.8333#-81.717#FL#2016;2#Florida, United States#US#USFL##27.8333#-81.717#FL#2038;2#Florida, United States#US#USFL##27.8333#-81.717#FL#4591;1#Jersey#JE#JE##49.216667#-2.116667#JE#2125;1#Jersey#JE#JE##49.216667#-2.116667#JE#4009;4#Toronto, Ontario, Canada#CA#CA08#12686#43.6667#-79.4167#-574890#2295;4#Toronto, Ontario, Canada#CA#CA08#12686#43.6667#-79.4167#-574890#4229;4#Ottawa, Ontario, Canada#CA#CA08#12755#45.4167#-75.7#-570760#4267;4#Ottawa, Ontario, Canada#CA#CA08#12755#45.4167#-75.7#-570760#8029;3#Las Vegas, Nevada, United States#US#USNV#NV003#36.175#-115.137#847388#2957;3#Tampa Bay, Florida, United States#US#USFL#FL103#27.765#-82.5825#294169#4554;4#Montreal, Quebec, Canada#CA#CA10#12713#45.5#-73.5833#-569541#4248;4#Montreal, Quebec, Canada#CA#CA10#12713#45.5#-73.5833#-569541#7975;1#Canada#CA#CA##60#-96#CA#73;1#Canada#CA#CA##60#-96#CA#445;1#Canada#CA#CA##60#-96#CA#1266;1#Canada#CA#CA##60#-96#CA#1868;1#Canada#CA#CA##60#-96#CA#2277;1#Canada#CA#CA##60#-96#CA#2303;1#Canada#CA#CA##60#-96#CA#2342;1#Canada#CA#CA##60#-96#CA#4237;1#Canada#CA#CA##60#-96#CA#4256;1#Canada#CA#CA##60#-96#CA#4275;1#Canada#CA#CA##60#-96#CA#7174;1#Canada#CA#CA##60#-96#CA#7570;1#Canada#CA#CA##60#-96#CA#7983;1#Canada#CA#CA##60#-96#CA#8037;1#Italy#IT#IT##42.833333#12.833333#IT#5656;4#Vancouver, British Columbia, Canada#CA#CA02#12552#49.25#-123.133#-575268#65;4#Vancouver, British Columbia, Canada#CA#CA02#12552#49.25#-123.133#-575268#437;4#Vancouver, British Columbia, Canada#CA#CA02#12552#49.25#-123.133#-575268#1258;4#Vancouver, British Columbia, Canada#CA#CA02#12552#49.25#-123.133#-575268#1860;4#Vancouver, British Columbia, Canada#CA#CA02#12552#49.25#-123.133#-575268#2269;4#Vancouver, British Columbia, Canada#CA#CA02#12552#49.25#-123.133#-575268#2334","Vancouver Canuck,74;Vancouver Canucks,452;Calgary Flames,758;Edmonton Oilers,777;San Jose Sharks,831;New York,1389;Louis Blues,2003;Stanley Cup Champions,2112;Florida Panthers,2138;New Jersey Devils,2271;Philadelphia Flyers,2371;Noah Juulsen,2400;Toronto Maple Leaf,2464;Pacific Division,2843;Vegas Golden Knights,3083;Las Vegas,3192;Pacific Division,3280;Golden Knights,3428;East Coast,4282;New Jersey Devils,4323;New York Rangers,4345;New York Islanders,4369;Boston Bruins,4388;Carolina Hurricanes,4866;Tampa Bay Lightning,4891;Western Conference,5528;Blake McCurdy,6336;Micah McCurdy,6595;San Jose Sharks,6910;Gavin McKenna,7108;Macklin Celebrini,7129;Prime Monday Night,7772;Hockey Night,8147;Prime Video,8232;Prime Monday Night,8298;Prime Video,8407;Louis Blues,8473;Philadelphia Flyers,8546;Montreal Canadiens,8607;Ottawa Senators,8663",1,gkg_allnames_exact_validity_aware,2026-08-03T20:42:18Z,Codex manual review,true,,2026-08-03,URL path and GKG AllNames context establish an article-context reference to the registered NHL club,,
21e73b74-a35b-57c4-99a8-0c9a2fead10a,VGK-current,VGK,Q24725640,Vegas Golden Knights,2025-10-16,http://www.bignewsnetwork.com/news/278639009/matthew-schaefer-starts-strong-but-islanders-wobble-into-clash-vs-oilers,bignewsnetwork.com,"2#Florida, United States#US#USFL##27.8333#-81.717#FL#1807;2#New York, United States#US#USNY##42.1497#-74.9384#NY#124;2#New York, United States#US#USNY##42.1497#-74.9384#NY#525;2#New York, United States#US#USNY##42.1497#-74.9384#NY#1525;3#Washington, Washington, United States#US#USDC#DC001#38.8951#-77.0364#531871#946;3#Elmont, New York, United States#US#USNY#NY059#40.7009#-73.7129#949582#343","Brad Penner-Imagn Images,45;New York Islanders,143;Edmonton Oilers,354;Winnipeg Jets,457;New York Rangers,547;Victor Hedman,1136;Tampa Bay Lightning,1171;Scott Mayfield,1680;Western Conference,1858;Florida Panthers,1893;Stanley Cup Finals,1919;Calvin Pickard,2198;Calgary Flames,2359;Adam Henrique,2459;Vegas Golden Knights,2642;Field Level,2979",2,gkg_allnames_exact_validity_aware,2026-08-03T20:42:18Z,Codex manual review,true,,2026-08-03,URL path and GKG AllNames context establish an article-context reference to the registered NHL club,,
bb2974bc-f66e-517f-9a2b-067dff131997,VGK-current,VGK,Q24725640,Vegas Golden Knights,2024-02-09,https://apnews.com/article/golden-knights-coyotes-score-ac52d7aabb161dfb107ce4416f406d10,apnews.com,"2#Arizona, United States#US#USAZ##33.7712#-111.388#AZ#163;2#Minnesota, United States#US#USMN##45.7326#-93.9196#MN#3563;3#Tempe, Arizona, United States#US#USAZ#AZ013#33.4148#-111.909#12233#5","Jonathan Marchessault,53;Adin Hill,101;Vegas Golden Knights,145;Arizona Coyotes,170;Nicolas Hague,229;Chandler Stephenson,253;Golden Knights,309;Bruce Cassidy,471;Clayton Keller,712;Karel Vejmelka,1482;Nicolas Roy,2036;Ivan Barbashev,2099;Stanley Cup,2350;Golden Knights,2374;Juuso Valimaki,2810;Mark Stone,3010;Golden Knights,3082;Andre Tourigny,3330;Barrett Hayton,3679;Matt Dumba,3762;Host Minnesota,3835",3,gkg_allnames_exact_validity_aware,2026-08-03T20:42:18Z,Codex manual review,true,,2026-08-03,URL path and GKG AllNames context establish an article-context reference to the registered NHL club,,
53cde87d-307e-5a04-8e5b-509457a5970c,VGK-current,VGK,Q24725640,Vegas Golden Knights,2025-06-07,https://www.1075thegame.com/2025/06/06/stars-fire-peter-deboer-after-3rd-straight-west-finals-exit/,1075thegame.com,"2#Florida, United States#US#USFL##27.8333#-81.717#FL#952;1#Jersey#JE#JE##49.216667#-2.116667#JE#974;3#Dallas, Texas, United States#US#USTX#TX113#32.7831#-96.8067#1380944#10","Dallas Stars,17;Peter DeBoer,47;Western Conference,115;Vegas Golden Knights,283;Edmonton Oilers,329;Jake Oettinger,460;Stanley Cup,746;Jim Nill,783;Florida Panthers,1025;New Jersey Devils,1048;San Jose Sharks,1069;Golden Knights,1089;Stanley Cup Final,1146",4,gkg_allnames_exact_validity_aware,2026-08-03T20:42:18Z,Codex manual review,true,,2026-08-03,URL path and GKG AllNames context establish an article-context reference to the registered NHL club,,
f003d2c8-595e-55c5-8244-89a73ee8778a,VGK-current,VGK,Q24725640,Vegas Golden Knights,2026-01-17,http://www.torontotelegraph.com/news/278813994/trending-upward-jets-aim-to-hand-leafs-3rd-straight-loss,torontotelegraph.com,"4#Toronto, Ontario, Canada#CA#CA08#12686#43.6667#-79.4167#-574890#144;4#Toronto, Ontario, Canada#CA#CA08#12686#43.6667#-79.4167#-574890#1540;4#Toronto, Ontario, Canada#CA#CA08#12686#43.6667#-79.4167#-574890#1934;4#Toronto, Ontario, Canada#CA#CA08#12686#43.6667#-79.4167#-574890#2402;4#Toronto, Ontario, Canada#CA#CA08#12686#43.6667#-79.4167#-574890#2771;2#Minnesota, United States#US#USMN##45.7326#-93.9196#MN#244;2#Minnesota, United States#US#USMN##45.7326#-93.9196#MN#932;4#Winnipeg, Manitoba, Canada#CA#CA03#12577#49.8833#-97.1667#-576096#53;4#Winnipeg, Manitoba, Canada#CA#CA03#12577#49.8833#-97.1667#-576096#849;4#Winnipeg, Manitoba, Canada#CA#CA03#12577#49.8833#-97.1667#-576096#1061","Matt Krohn-Imagn Images,43;Winnipeg Jets,65;Toronto Maple Leafs,155;Minnesota Wild,247;Jonathan Toews,369;Scott Arniel,586;Louis Blues,1051;Chicago Blackhawks,1074;Maple Leafs,1531;New Year,1617;Mitch Marner,1686;Vegas Golden Knights,1715;Jack Eichel,1839;John Tavares,2076;Eastern Conference,2479;William Nylander,2567;Craig Berube,2851;Maple Leafs,3066;Field Level,3099",5,gkg_allnames_exact_validity_aware,2026-08-03T20:42:18Z,Codex manual review,true,,2026-08-03,URL path and GKG AllNames context establish an article-context reference to the registered NHL club,,
52ed0aad-3984-514e-bf0e-4d8b33aa36a8,WPG-current,WPG,Q472741,Winnipeg Jets,2024-06-30,https://www.tsn.ca/ivan-demidov-dreams-come-true-in-unbelievable-city-like-montreal-1.2141983,tsn.ca,"3#Los Angeles, California, United States#US#USCA#CA037#34.0522#-118.244#1662328#3011;1#French#FR#FR##46#2#FR#4265;3#Chicago, Illinois, United States#US#USIL#IL031#41.85#-87.6501#423587#2862;1#America#US#US##39.828175#-98.5795#US#719;3#Anaheim, California, United States#US#USCA#CA059#33.8353#-117.915#1652663#3328;4#Petersburg, Sankt-Peterburg, Russia#RS#RS66#25095#59.8944#30.2642#-2996338#638;1#Russian#RS#RS##60#100#RS#143;4#Winnipeg, Manitoba, Canada#CA#CA03#12577#49.8833#-97.1667#-576096#3849;4#Toronto, Ontario, Canada#CA#CA08#12686#43.6667#-79.4167#-574890#3251;4#Calgary, Alberta, Canada#CA#CA01#12549#51.0833#-114.083#-561990#1219;4#Calgary, Alberta, Canada#CA#CA01#12549#51.0833#-114.083#-561990#2221;4#Calgary, Alberta, Canada#CA#CA01#12549#51.0833#-114.083#-561990#2438;4#Montreal, Quebec, Canada#CA#CA10#12713#45.5#-73.5833#-569541#208;4#Montreal, Quebec, Canada#CA#CA10#12713#45.5#-73.5833#-569541#515;4#Montreal, Quebec, Canada#CA#CA10#12713#45.5#-73.5833#-569541#2955;4#Montreal, Quebec, Canada#CA#CA10#12713#45.5#-73.5833#-569541#4099;4#London, London, City Of, United Kingdom#UK#UKH9#40110#51.5#-0.116667#-2601889#3780;1#Canadian#CA#CA##60#-96#CA#957;1#Canadian#CA#CA##60#-96#CA#2259;1#Canadian#CA#CA##60#-96#CA#4295;1#Canada#CA#CA##60#-96#CA#216;1#Canada#CA#CA##60#-96#CA#523;1#Canada#CA#CA##60#-96#CA#1094;1#Canada#CA#CA##60#-96#CA#1227;1#Canada#CA#CA##60#-96#CA#1744;1#Canada#CA#CA##60#-96#CA#1930;1#Canada#CA#CA##60#-96#CA#2229;1#Canada#CA#CA##60#-96#CA#2446;1#Canada#CA#CA##60#-96#CA#2963;1#Canada#CA#CA##60#-96#CA#3259;1#Canada#CA#CA##60#-96#CA#3857;1#Canada#CA#CA##60#-96#CA#4107;4#Ottawa, Ontario, Canada#CA#CA08#12755#45.4167#-75.7#-570760#1086;4#Ottawa, Ontario, Canada#CA#CA08#12755#45.4167#-75.7#-570760#1736;1#Russia#RS#RS##60#100#RS#604;1#Russia#RS#RS##60#100#RS#646","Ivan Demidov,27;Montreal Canadiens,220;North America,743;Celine Dion,837;Ottawa Senators,1142;Carter Yakemchuk,1225;Western Hockey League,1254;Calgary Flames,2334;Zayne Parekh,2411;Ontario Hockey League,2440;Saginaw Spirit,2456;Michael Hage,2974;Chicago Steel,2997;Los Angeles Kings,3132;Matvei Gridin,3247;Toronto Maple Leafs,3351;Anaheim Ducks,3416;Ben Danford,3506;Edmonton Oilers,3630;Vancouver Canucks,3909;Winnipeg Jets,3927;Canadian Press,4414",1,gkg_allnames_exact_validity_aware,2026-08-03T20:42:18Z,Codex manual review,true,,2026-08-03,URL path and GKG AllNames context establish an article-context reference to the registered NHL club,,
c3bf3ceb-0dfe-5895-8757-e11727585574,WPG-current,WPG,Q472741,Winnipeg Jets,2026-01-21,https://www.winnipegfreepress.com/this-just-in/jets-down-blues-3-1,winnipegfreepress.com,"1#Canada#CA#CA##60#-96#CA#20;1#Canada#CA#CA##60#-96#CA#113;1#Canada#CA#CA##60#-96#CA#461;1#Canada#CA#CA##60#-96#CA#533;4#Winnipeg, Manitoba, Canada#CA#CA03#12577#49.8833#-97.1667#-576096#12;4#Winnipeg, Manitoba, Canada#CA#CA03#12577#49.8833#-97.1667#-576096#453;4#Winnipeg, Manitoba, Canada#CA#CA03#12577#49.8833#-97.1667#-576096#525;2#Florida, United States#US#USFL##27.8333#-81.717#FL#783","Winnipeg Jets,18;Louis Blues,98;Canada Life,120;Mark Scheifele,163;Eric Comrie,429;Joel Hofer,489;Western Conference,678",2,gkg_allnames_exact_validity_aware,2026-08-03T20:42:18Z,Codex manual review,true,,2026-08-03,URL path and GKG AllNames context establish an article-context reference to the registered NHL club,,
9236efac-d704-50e1-8a3f-3dba159044af,WPG-current,WPG,Q472741,Winnipeg Jets,2024-03-19,https://www.bignewsnetwork.com/news/274182397/coach-rick-bowness-leaves-jets-for-minor-medical-procedure,bignewsnetwork.com,"3#Dallas, Texas, United States#US#USTX#TX113#32.7831#-96.8067#1380944#1710;1#United States#US#US##39.828175#-98.5795#US#1725;2#Colorado, United States#US#USCO##39.0646#-105.327#CO#1691","Sam Navarro-United States,46;Winnipeg Jets,125;Rick Bowness,144;New York Rangers,200;Scott Arniel,386;Mark Scheifele,1111;Central Division,1796;Colorado Avalanche,1824;Stanley Cup Final,2040;Tampa Bay Lightning,2085;Field Level,2114",3,gkg_allnames_exact_validity_aware,2026-08-03T20:42:18Z,Codex manual review,true,,2026-08-03,URL path and GKG AllNames context establish an article-context reference to the registered NHL club,,
90d72ef6-f2ee-5159-99db-003da05ef85e,WPG-current,WPG,Q472741,Winnipeg Jets,2025-05-05,https://www.winnipegfreepress.com/canada/2025/05/05/search-into-fourth-day-for-two-children-missing-in-rural-nova-scotia,winnipegfreepress.com,"4#Winnipeg, Manitoba, Canada#CA#CA03#12577#49.8833#-97.1667#-576096#5860;4#Winnipeg, Manitoba, Canada#CA#CA03#12577#49.8833#-97.1667#-576096#5915;4#Winnipeg, Manitoba, Canada#CA#CA03#12577#49.8833#-97.1667#-576096#5952;4#Pictou, Nova Scotia, Canada#CA#CA07#12632#45.6667#-62.7#-571268#5656;1#Canadian#CA#CA##60#-96#CA#1108;1#Canadian#CA#CA##60#-96#CA#6595","Nova Scotia,152;Lansdowne Station,298;Lily Sullivan,435;Jack Sullivan,467;Nova Scotia,954;Jack Sullivan,1054;Lily Sullivan,1100;Nova Scotia Ground Search,1228;Rescue Association,1251;Carlie McCann,2116;Amy Hansen,2344;Gairloch Road,5066;Jack Sullivan,5500;Robert Parker,5920;Pictou County,6023;Free Press,6240;Winnipeg Jets,6272;Mike McIntyre,6316;Ken Wiebe,6330;Canadian Press,6955;Lyndsay Armstrong,7041;Keith Doucette,7061;Michael MacDonald,7083",4,gkg_allnames_exact_validity_aware,2026-08-03T20:42:18Z,Codex manual review,false,unrelated missing-children article; Winnipeg Jets entity is publisher-page contamination,2026-08-03,URL subject and GKG context show the extracted club name is outside the article's substantive context,,
b576683f-b1e2-546f-ad52-260b0a9c17b4,WPG-current,WPG,Q472741,Winnipeg Jets,2026-03-12,https://torontosun.com/opinion/columnists/dismissing-three-big-lies-iran-war,torontosun.com,"4#Toronto, Ontario, Canada#CA#CA08#12686#43.6667#-79.4167#-574890#1294;4#Toronto, Ontario, Canada#CA#CA08#12686#43.6667#-79.4167#-574890#1820;4#Toronto, Ontario, Canada#CA#CA08#12686#43.6667#-79.4167#-574890#3832;4#Toronto, Ontario, Canada#CA#CA08#12686#43.6667#-79.4167#-574890#8375;4#Toronto, Ontario, Canada#CA#CA08#12686#43.6667#-79.4167#-574890#8533;4#Toronto, Ontario, Canada#CA#CA08#12686#43.6667#-79.4167#-574890#8609;4#Toronto, Ontario, Canada#CA#CA08#12686#43.6667#-79.4167#-574890#8708;4#Toronto, Ontario, Canada#CA#CA08#12686#43.6667#-79.4167#-574890#8847;4#Toronto, Ontario, Canada#CA#CA08#12686#43.6667#-79.4167#-574890#8942;4#Toronto, Ontario, Canada#CA#CA08#12686#43.6667#-79.4167#-574890#9066;1#Spanish#SP#SP##40#-4#SP#3750;4#Tehran, Tehran, Iran#IR#IR26#41130#35.75#51.5148#10074674#6452;1#Canada#CA#CA##60#-96#CA#1182;1#Canada#CA#CA##60#-96#CA#1240;1#Canada#CA#CA##60#-96#CA#1302;1#Canada#CA#CA##60#-96#CA#1708;1#Canada#CA#CA##60#-96#CA#1766;1#Canada#CA#CA##60#-96#CA#1828;1#Canada#CA#CA##60#-96#CA#2281;1#Canada#CA#CA##60#-96#CA#2608;1#Canada#CA#CA##60#-96#CA#3840;1#Canada#CA#CA##60#-96#CA#8181;1#Canada#CA#CA##60#-96#CA#8383;1#Canada#CA#CA##60#-96#CA#8541;1#Canada#CA#CA##60#-96#CA#8617;1#Canada#CA#CA##60#-96#CA#8716;1#Canada#CA#CA##60#-96#CA#8855;1#Canada#CA#CA##60#-96#CA#8950;1#Canada#CA#CA##60#-96#CA#9032;1#Canada#CA#CA##60#-96#CA#9074;1#Lebanon#LE#LE##33.833333#35.833333#LE#679;1#Vietnam#VM#VM##16.166667#107.833333#VM#3719;4#Budapest, Budapest, Hungary#HU#HU05#17514#47.5#19.0833#-850553#7742;1#Israel#IS#IS##31.5#34.75#IS#594;2#New York, United States#US#USNY##42.1497#-74.9384#NY#1586;2#New York, United States#US#USNY##42.1497#-74.9384#NY#2112;2#New York, United States#US#USNY##42.1497#-74.9384#NY#7512;4#Beijing, Beijing, China#CH#CH22#13001#39.9289#116.388#-1898541#6476;1#Jamaican#JM#JM##18.25#-77.5#JM#8747;1#American#US#US##39.828175#-98.5795#US#3759;1#American#US#US##39.828175#-98.5795#US#5649;1#American#US#US##39.828175#-98.5795#US#6399;1#American#US#US##39.828175#-98.5795#US#7229;1#American#US#US##39.828175#-98.5795#US#7902;1#Iran#IR#IR##32#53#IR#52;1#Iran#IR#IR##32#53#IR#564;1#Iran#IR#IR##32#53#IR#887;1#Iran#IR#IR##32#53#IR#4548;1#Iran#IR#IR##32#53#IR#4609;1#Iran#IR#IR##32#53#IR#4764;1#Iran#IR#IR##32#53#IR#5525;1#Iran#IR#IR##32#53#IR#6022;1#Iran#IR#IR##32#53#IR#6458;1#Iran#IR#IR##32#53#IR#6921;1#Lebanese#LE#LE##33.833333#35.833333#LE#507;4#Winnipeg, Manitoba, Canada#CA#CA03#12577#49.8833#-97.1667#-576096#9024;1#United States#US#US##39.828175#-98.5795#US#585;1#United States#US#US##39.828175#-98.5795#US#1012;1#United States#US#US##39.828175#-98.5795#US#3445;1#United States#US#US##39.828175#-98.5795#US#4424;1#United States#US#US##39.828175#-98.5795#US#5479;1#United States#US#US##39.828175#-98.5795#US#6539;1#United States#US#US##39.828175#-98.5795#US#7500;1#United States#US#US##39.828175#-98.5795#US#8281;1#Iranian#IR#IR##32#53#IR#5337;1#Iranian#IR#IR##32#53#IR#6298;1#Israeli#IS#IS##31.5#34.75#IS#471;1#Israeli#IS#IS##31.5#34.75#IS#660;1#Hungary#HU#HU##47#20#HU#7702;1#Hungary#HU#HU##47#20#HU#7751;1#Hungary#HU#HU##47#20#HU#7761;1#Italy#IT#IT##42.833333#12.833333#IT#8328;3#Washington Square Park, New York, United States#US#USNY#NY061#40.7309#-73.9976#968870#7485","United States,638;Donald Trump,905;United States,1090;Toronto Sun,1327;New York Times,1625;Toronto Sun,1822;New York Times,2120;United States,3401;Middle East,3452;Postmedia Network,3933;Midday Sun,4086;United States,4430;Supreme Leader Ali Khamenei,5113;Mojtaba Khamenei,5261;United States,6636;Washington Square Park,7637;New York City,7654;State Marco Rubio,7819;Prime Minister Viktor Orban,7899;Mark Carney,8232;Pierre Poilievre,8268;Minister Mark Carney,8305;Blue Jays,8384;Team United States,8431;Team Italy,8478;William Nylander,8625;Morgan Rielly,8643;Toronto Maple Leafs,8670;Bobby McMann,8953;Toronto Maple Leafs,9017;Bobby McMann,9037;Winnipeg Jets,9084",5,gkg_allnames_exact_validity_aware,2026-08-03T20:42:18Z,Codex manual review,false,unrelated international-affairs opinion article; Winnipeg Jets entity is publisher-page contamination,2026-08-03,URL subject and GKG context show the extracted club name is outside the article's substantive context,,
b68f0acc-cec3-5367-9df3-f6e47a1c4bc8,WSH-current,WSH,Q204627,Washington Capitals,2024-12-22,https://www.allaboutthejersey.com/2024/12/22/24325011/weekly-metropolitan-division-snapshot-new-jersey-devils-first-caps-second-canes-third-pens-fourth,allaboutthejersey.com,"3#Philadelphia, Pennsylvania, United States#US#USPA#PA101#39.9523#-75.1638#1209052#15369;3#Philadelphia, Pennsylvania, United States#US#USPA#PA101#39.9523#-75.1638#1209052#15816;3#Philadelphia, Pennsylvania, United States#US#USPA#PA101#39.9523#-75.1638#1209052#15959;3#Philadelphia, Pennsylvania, United States#US#USPA#PA101#39.9523#-75.1638#1209052#16875;3#Philadelphia, Pennsylvania, United States#US#USPA#PA101#39.9523#-75.1638#1209052#18026;3#Philadelphia, Pennsylvania, United States#US#USPA#PA101#39.9523#-75.1638#1209052#30957;4#Montreal, Quebec, Canada#CA#CA10#12713#45.5#-73.5833#-569541#32221;3#Taylor Hall, Ohio, United States#US#USOH#OH169#40.8103#-81.9376#1700839#24272;1#Jersey#JE#JE##49.216667#-2.116667#JE#264;1#Jersey#JE#JE##49.216667#-2.116667#JE#1241;1#Jersey#JE#JE##49.216667#-2.116667#JE#1291;1#Jersey#JE#JE##49.216667#-2.116667#JE#14199;1#Jersey#JE#JE##49.216667#-2.116667#JE#23599;3#Boston, Massachusetts, United States#US#USMA#MA025#42.3584#-71.0598#617565#8294;3#Boston, Massachusetts, United States#US#USMA#MA025#42.3584#-71.0598#617565#32364;2#Pennsylvania, United States#US#USPA##40.5773#-77.264#PA#19470;3#Los Angeles, California, United States#US#USCA#CA037#34.0522#-118.244#1662328#8182;3#Los Angeles, California, United States#US#USCA#CA037#34.0522#-118.244#1662328#11815;3#Los Angeles, California, United States#US#USCA#CA037#34.0522#-118.244#1662328#12653;3#Los Angeles, California, United States#US#USCA#CA037#34.0522#-118.244#1662328#17033;3#Los Angeles, California, United States#US#USCA#CA037#34.0522#-118.244#1662328#17560;2#Ohio, United States#US#USOH##40.3736#-82.7755#OH#2179;2#Ohio, United States#US#USOH##40.3736#-82.7755#OH#2254;3#Dallas, Texas, United States#US#USTX#TX113#32.7831#-96.8067#1380944#5214;3#Dallas, Texas, United States#US#USTX#TX113#32.7831#-96.8067#1380944#22215;2#California, United States#US#USCA##36.17#-119.746#CA#19737;3#Washington, Washington, United States#US#USDC#DC001#38.8951#-77.0364#531871#461;3#Washington, Washington, United States#US#USDC#DC001#38.8951#-77.0364#531871#5096;3#Washington, Washington, United States#US#USDC#DC001#38.8951#-77.0364#531871#5163;3#Washington, Washington, United States#US#USDC#DC001#38.8951#-77.0364#531871#7469;3#Washington, Washington, United States#US#USDC#DC001#38.8951#-77.0364#531871#10212;2#New York, United States#US#USNY##42.1497#-74.9384#NY#4594;2#New York, United States#US#USNY##42.1497#-74.9384#NY#19972;2#New York, United States#US#USNY##42.1497#-74.9384#NY#20021;2#New York, United States#US#USNY##42.1497#-74.9384#NY#21266;2#New York, United States#US#USNY##42.1497#-74.9384#NY#21492;2#New York, United States#US#USNY##42.1497#-74.9384#NY#21835;2#New York, United States#US#USNY##42.1497#-74.9384#NY#23908;2#New York, United States#US#USNY##42.1497#-74.9384#NY#23959;3#Long Island, Pennsylvania, United States#US#USPA#PA081#41.2023#-77.2469#1179861#9465;3#Long Island, Pennsylvania, United States#US#USPA#PA081#41.2023#-77.2469#1179861#15449;4#Winnipeg, Manitoba, Canada#CA#CA03#12577#49.8833#-97.1667#-576096#408;3#Chicago, Illinois, United States#US#USIL#IL031#41.85#-87.6501#423587#5902;3#Chicago, Illinois, United States#US#USIL#IL031#41.85#-87.6501#423587#6973;3#Chicago, Illinois, United States#US#USIL#IL031#41.85#-87.6501#423587#23985;3#Chicago, Illinois, United States#US#USIL#IL031#41.85#-87.6501#423587#25036;3#Anaheim, California, United States#US#USCA#CA059#33.8353#-117.915#1652663#19752;4#Toronto, Ontario, Canada#CA#CA08#12686#43.6667#-79.4167#-574890#8372;4#Toronto, Ontario, Canada#CA#CA08#12686#43.6667#-79.4167#-574890#25902;2#Illinois, United States#US#USIL##40.3363#-89.0022#IL#5885","Roster Freeze,54;Metropolitan Division,181;New Jersey,275;Washington Capitals,480;Carolina Hurricanes,544;Happened Last Week,1312;New Jersey Devils,1337;Jordan Binnington,1439;Luke Hughes,1545;Ondrej Palat,1586;Stefan Noesen,1722;Brenden Dillon,1890;Jacob Markstrom,2009;Jesper Bratt,2131;Blue Jackets,2310;Elvis Merzlikins,2441;Columbus Blue Jackets,2694;Zach Aston-Reese,2752;Zach Werenski,2870;Dougie Hamilton,2977;Dmirti Voronkov,3000;Sean Monahan,3039;Jack Hughes,3321;Jack Hughes,3402;Tristan Jarry,3905;Jacob Markstrom,3974;Sidney Crosby,3995;Evgeni Malkin,4031;Nico Hischier,4092;Stefan Noesen,4136;Nico Hischier,4351;Coming Up This Week,4675;New York,4824;Happened Last Week,5380;Washington Capitals,5407;Jacob Chychrun,5514;John Carlson,5668;Roope Hintz,5718;Lian Bischsel,5777;Charlie Lindgren,5799;Jason Robertson,6008;Luc Dubois,6297;Andrew Mangiapane,6344;Frank Nazar,6498;John Carlson,6518;Ilya Mikheyev,6674;Jacob Chychrun,6705;Logan Thompson,6902;Ryan Donato,7026;Charlie Lindgren,7474;Aliaksei Protas,7585;Andrew Mangiapane,7617;Jakub Vrana,7687;Sebastian Aho,8025;Seth Jarvis,8046;Coming Up This Week,8434;Los Angeles,8535;After Christmas,8664;Alexander Ovechkin,8774;Happened Last Week,8983;Carolina Hurricanes,9010;Dustin Tokarski,9053;William Carrier,9340;Dmitri Voronkov,9460;Jordan Martinook,9570;Jordan Staal,9606;Carolina Hurricanes,9806;Long Island,9826;Pytor Kochetkov,9939;Alexander Romanov,10141;Jordan Martinook,10235;Tyson Jost,10373;Sebastian Aho,10441;Coming Up This Week,11623;Happened Last Week,12246;Pittsburgh Penguins,12273;Los Angeles,12292;Adrian Kempe,12400;Evgeni Malkin,12566;Matt Grzelcyk,12840;Erik Karlsson,13040;Rickard Rakell,13087;Los Angeles,13175;Wilkes-Barre Penguin,13320;Bryan Rust,13725;Luke Evangelista,13851;Erik Karlsson,14001;Rickard Rakell,14091;Brady Skjei,14211;Erik Karlsson,14241;Bryan Rust,14383;Evgeni Malkin,14426;New Jersey,14768;Sidney Crosby,14924;Evgeni Malkin,14996;Nico Hischier,15235;Coming Up This Week,15838;After Christmas,16023;Happened Last Week,16452;Philadelphia Flyers,16557;Red Wings,16630;Red Wings,16920;Joe Veleno,16974;Sean Couturier,17163;Owen Tippett,17210;Patrick Kane,17324;Kevin Fiala,17756;Noah Cates,17791;Tanner Jeannot,17875;Tyson Foerster,17974;Anze Kopitar,18043;Warren Foegele,18208;Jordan Spence,18255;Quinton Byfield,18409;Aleksei Kolosov,18513;Mathieu Olivier,18818;Mikael Pyyhtia,18883;Elvis Merzlikins,18940;Morgan Frost,19102;Noah Cates,19184;Kirill Marchenko,19259;Jake Christiansen,19418;Tyson Foerster,19535;Travis Konecny,19562;Owen Tippett,19613;Coming Up This Week,20084;Happened Last Week,20745;New York Rangers,20769;Former Ranger Pavel Buchnevich,20840;Ryan Lindgren,20997;Jonathan Quick,21042;Robert Thomas,21089;Alexis Lafreniere,21352;Will Cuylle,21371;Juuse Saros,21715;Luke Schenn,21876;Adam Wilsby,22099;Kaapo Kakko,22410;Will Borges,22448;Nashville Vincent Trocheck,22825;Jacob Trouba,22968;Igor Shesterkin,22999;Roope Hintz,23266;Miro Heiskanen,23770;Chris Kreider,24063;Coming Up This Week,24263;New Jersey,24521;Tampa Bay,24710;Happened Last Week,24867;New York Islanders,24893;Ryan Pulock,25115;Taylor Hall,25192;Maxim Tsyplakov,25428;Alexander Romanov,25468;Noah Dobson,25684;Connor Bedard,25756;Ilya Sorokin,25876;Andrei Svechnikov,26323;Jordan Martinook,26416;Tyson Jost,26500;Sebastian Aho,26594;Gabriel Pageau,27236;Isaiah George,27606;Coming Up This Week,28317;Happened Last Week,28888;Columbus Blue Jackets,28917;Blue Jackets,28963;Dustin Tokarski,28997;William Carrier,29154;Dmitri Voronkov,29335;Jordan Staal,29503;Tampa Bay,29703;Blue Jackets,29739;Luke Glendening,29868;Nate Perbix,29885;Jake Guentzel,30006;Mitchell Chaffee,30087;Blue Jackets,30155;Adam Fantilli,30277;Ryan McDonagh,30371;Elvis Merzlikins,30786;Jack Hughes,31005;Blue Jackets,31031;Ivan Provorov,31118;Zach Aston-Reese,31144;Timo Meier,31270;Dmitri Voronkov,31431;Dougie Hamilton,31466;Jake Allen,31565;Timo Meier,31806;Jack Hughes,31830;Blue Jackets,31880;Cole Sillinger,31933;Jack Hughes,31953;Jake Allen,32010;Blue Jacket,32196;Noah Cates,32533;Kirill Marchenko,32638;Morgan Frost,32701;Blue Jackets,32886;Tyson Foerster,32952;Travis Konecny,32987;Owen Tippett,33150;Blue Jackets,33294;Coming Up This Week,33456;Blue Jackets,33476;Blue Jackets,33592;Boxing Day,33656;Blue Jackets,33788;Weekly Metropolitan Division,34001;Blue Jackets,34381",1,gkg_allnames_exact_validity_aware,2026-08-03T20:42:18Z,Codex manual review,true,,2026-08-03,URL path and GKG AllNames context establish an article-context reference to the registered NHL club,,
000ba5d4-bc2b-5534-b45f-a5e1d16a9ed0,WSH-current,WSH,Q204627,Washington Capitals,2025-06-10,https://www.japersrink.com/2024-25-rink-wrap-connor-mcmichael/,japersrink.com,"3#Washington, Washington, United States#US#USDC#DC001#38.8951#-77.0364#531871#129","From Beauvillier,17;Washington Capitals,149;Signed Through,527;Expiry Status,555;Restricted Free,574;Scouting Report,601;Key Stat,711;Connor McMichael,863;Alex Ovechkin,1942;Rate Connor McMichael,2689",2,gkg_allnames_exact_validity_aware,2026-08-03T20:42:18Z,Codex manual review,true,,2026-08-03,URL path and GKG AllNames context establish an article-context reference to the registered NHL club,,
67123e43-073c-51c7-b744-615d2e47f0e6,WSH-current,WSH,Q204627,Washington Capitals,2025-12-16,http://www.heraldglobe.com/news/278756773/after-goal-in-wild-debut-quinn-hughes-targets-encore-vs-capitals,heraldglobe.com,"3#Saint Paul, Minnesota, United States#US#USMN#MN123#44.9444#-93.0933#662851#340;3#Washington, Washington, United States#US#USDC#DC001#38.8951#-77.0364#531871#285;3#Washington, Washington, United States#US#USDC#DC001#38.8951#-77.0364#531871#1118;3#Washington, Washington, United States#US#USDC#DC001#38.8951#-77.0364#531871#2138;3#Washington, Washington, United States#US#USDC#DC001#38.8951#-77.0364#531871#2737;2#Minnesota, United States#US#USMN##45.7326#-93.9196#MN#83;2#Minnesota, United States#US#USMN##45.7326#-93.9196#MN#213;2#Minnesota, United States#US#USMN##45.7326#-93.9196#MN#1106;2#Minnesota, United States#US#USMN##45.7326#-93.9196#MN#2310","Nick Wosika-Imagn Images,44;Minnesota Wild,95;Washington Capitals,306;Saint Paul,337;Boston Bruins,408;Brock Faber,532;John Carlson,1327;Kirill Kaprizov,2101;Tom Wilson,2282;Filip Gustavsson,2516;Jesper Wallstedt,2536;Logan Thompson,2957;Charlie Lindgren,2977;Field Level,3389",3,gkg_allnames_exact_validity_aware,2026-08-03T20:42:18Z,Codex manual review,true,,2026-08-03,URL path and GKG AllNames context establish an article-context reference to the registered NHL club,,
6a110ae5-a074-51e3-b97a-991b71d1d2d7,WSH-current,WSH,Q204627,Washington Capitals,2026-01-10,https://www.ridus.ru/ovechkin-pobil-rekord-nhl-zabrosiv-916-yu-shajbu-v-karere-767106.html,ridus.ru,"3#Washington, Washington, United States#US#USDC#DC001#38.8951#-77.0364#531871#89;1#Russian#RS#RS##60#100#RS#63;3#Chicago, Illinois, United States#US#USIL#IL031#41.85#-87.6501#423587#343;3#Chicago, Illinois, United States#US#USIL#IL031#41.85#-87.6501#423587#508;1#Canadian#CA#CA##60#-96#CA#575","Washington Capitals,100;Alexander Ovechkin,122;Chicago Blackhawks,347;Canadian Wayne,547",4,gkg_allnames_exact_validity_aware,2026-08-03T20:42:18Z,Codex manual review,true,,2026-08-03,URL path and GKG AllNames context establish an article-context reference to the registered NHL club,,
5c699ec4-da81-5535-b7d5-179e43c28bb4,WSH-current,WSH,Q204627,Washington Capitals,2025-01-24,https://www.saratogian.com/2025/01/24/new-jersey-devils-goaltender-jacob-markstrom-out-4-6-weeks-with-knee-injury/,saratogian.com,"3#Boston, Massachusetts, United States#US#USMA#MA025#42.3584#-71.0598#617565#282;3#Boston, Massachusetts, United States#US#USMA#MA025#42.3584#-71.0598#617565#997;1#American#US#US##39.828175#-98.5795#US#1314;1#Sweden#SW#SW##62#15#SW#888;1#Jersey#JE#JE##49.216667#-2.116667#JE#71;1#Jersey#JE#JE##49.216667#-2.116667#JE#1084;1#Jersey#JE#JE##49.216667#-2.116667#JE#1257;2#New Jersey, United States#US#USNJ##40.314#-74.5089#NJ#71;2#New Jersey, United States#US#USNJ##40.314#-74.5089#NJ#1084;2#New Jersey, United States#US#USNJ##40.314#-74.5089#NJ#1257;3#Washington, Washington, United States#US#USDC#DC001#38.8951#-77.0364#531871#737;4#Montreal, Quebec, Canada#CA#CA10#12713#45.5#-73.5833#-569541#967;4#Montreal, Quebec, Canada#CA#CA10#12713#45.5#-73.5833#-569541#1452;3#Newark, New Jersey, United States#US#USNJ#NJ013#40.7357#-74.1724#878762#27","New Jersey Devils,57;Jacob Markstrom,84;Justin Brazeau,303;Four Nations,405;Metropolitan Division,740;Washington Capitals,771;Four Nations Face-Off,849;Bell Centre,992;New Jersey,1098;Isaac Poulter,1316;American Hockey League,1357;Montreal Canadiens,1495",5,gkg_allnames_exact_validity_aware,2026-08-03T20:42:18Z,Codex manual review,true,,2026-08-03,URL path and GKG AllNames context establish an article-context reference to the registered NHL club,,
73d06164-e60c-5bb0-812d-9293746bfc54,BOS-current,BOS,Q194121,Boston Bruins,2026-04-04,http://www.pittsburghstar.com/news/278962927/bruins-will-attempt-to-regroup-for-playoff-push-vs-lightning,pittsburghstar.com,"4#Winnipeg, Manitoba, Canada#CA#CA03#12577#49.8833#-97.1667#-576096#2207;2#Florida, United States#US#USFL##27.8333#-81.717#FL#148;2#Florida, United States#US#USFL##27.8333#-81.717#FL#909;2#Florida, United States#US#USFL##27.8333#-81.717#FL#1293;2#Utah, United States#US#USUT##40.1135#-111.854#UT#3238;3#Philadelphia, Pennsylvania, United States#US#USPA#PA101#39.9523#-75.1638#1209052#621;3#Boston, Massachusetts, United States#US#USMA#MA025#42.3584#-71.0598#617565#170;3#Boston, Massachusetts, United States#US#USMA#MA025#42.3584#-71.0598#617565#1090;3#Boston, Massachusetts, United States#US#USMA#MA025#42.3584#-71.0598#617565#1753;4#Ottawa, Ontario, Canada#CA#CA08#12755#45.4167#-75.7#-570760#466;3#Tampa Bay, Florida, United States#US#USFL#FL103#27.765#-82.5825#294169#256;3#Tampa Bay, Florida, United States#US#USFL#FL103#27.765#-82.5825#294169#2499","Sam Navarro-Imagn Images,44;Stanley Cup,140;Florida Panthers,166;Boston Bruins,189;Tampa Bay Lightning,263;Detroit Red Wings,557;Columbus Blue Jackets,583;Philadelphia Flyers,643;Marco Sturm,695;Aleksander Barkov,849;Sam Reinhart,867;Bruin Brad,889;Fraser Minten,984;Morgan Geekie,1566;Bobby Orr,1797;Phil Esposito,1815;Pittsburgh Penguins,2014;Winnipeg Jets,2318;Gage Goncalves,2456;Oliver Bjorkstrand,2479;Tampa Bay,2644;Jon Cooper,2661;Montreal Canadiens,2908;Andrei Vasilevskiy,3336;Karel Vejmelka,3473;Field Level,3500",1,gkg_raw_archive_exact_name_deterministic_supplement,2026-08-03T22:38:28Z,Codex manual review,true,,2026-08-03,URL subject and GKG AllNames context establish a substantive article-context reference to the registered NHL club,20260404000000-444,20260404000000
0760a3c8-5355-5734-a374-e544eabad32b,BOS-current,BOS,Q194121,Boston Bruins,2023-10-26,https://www.cbsnews.com/boston/news/jim-montgomery-bruins-head-coach-former-maine-player-condolances-lewiston-shooting-victims-families-nhl/,cbsnews.com,"3#University Of Maine, Maine, United States#US#USME#ME019#44.8992#-68.6692#577565#629;3#University Of Maine, Maine, United States#US#USME#ME019#44.8992#-68.6692#577565#849;3#Boston, Massachusetts, United States#US#USMA#MA025#42.3584#-71.0598#617565#6;3#Boston, Massachusetts, United States#US#USMA#MA025#42.3584#-71.0598#617565#467;3#Boston, Massachusetts, United States#US#USMA#MA025#42.3584#-71.0598#617565#1189;3#Boston, Massachusetts, United States#US#USMA#MA025#42.3584#-71.0598#617565#1589;2#Maine, United States#US#USME##44.6074#-69.3977#ME#213;2#Maine, United States#US#USME##44.6074#-69.3977#ME#380;2#Maine, United States#US#USME##44.6074#-69.3977#ME#629;2#Maine, United States#US#USME##44.6074#-69.3977#ME#849;2#Maine, United States#US#USME##44.6074#-69.3977#ME#1084;2#Maine, United States#US#USME##44.6074#-69.3977#ME#1521;2#Maine, United States#US#USME##44.6074#-69.3977#ME#1758","Jim Montgomery,102;Boston Bruins,475;Black Bears,914;Boston Bruins Foundation,1202;Anaheim Ducks,1382;New England Patriots,1549;Robert Kraft,1572;Boston Celtics,1604;New England,1794",2,gkg_raw_archive_exact_name_deterministic_supplement,2026-08-03T22:38:28Z,Codex manual review,true,,2026-08-03,URL subject and GKG AllNames context establish a substantive article-context reference to the registered NHL club,20231026210000-456,20231026210000
fb003f8b-87b0-5672-854b-e01c8f569296,BOS-current,BOS,Q194121,Boston Bruins,2025-10-30,https://www.yardbarker.com/nhl/articles/islanders_hurricanes_enter_showdown_plagued_by_blown_leads/s1_17050_42984551,yardbarker.com,"3#Dallas, Texas, United States#US#USTX#TX113#32.7831#-96.8067#1380944#2659;2#Colorado, United States#US#USCO##39.0646#-105.327#CO#2242;3#Los Angeles, California, United States#US#USCA#CA037#34.0522#-118.244#1662328#2210;3#Philadelphia, Pennsylvania, United States#US#USPA#PA101#39.9523#-75.1638#1209052#1005;2#New York, United States#US#USNY##42.1497#-74.9384#NY#12;2#New York, United States#US#USNY##42.1497#-74.9384#NY#310;2#New York, United States#US#USNY##42.1497#-74.9384#NY#898;2#New York, United States#US#USNY##42.1497#-74.9384#NY#1193","New York Islander,22;New York,321;Metropolitan Division,403;Boston Bruins,599;Vegas Golden,715;Kyle Palmieri,883;New York,948;New York,1243;Eastern Conference,1602;Ryan Pulock,1738;Hartford Whalers,2148;Los Angeles Kings,2352;Colorado Avalanche,2375;Jaccob Slavin,2576;William Carrier,2626;Eric Robinson,2661;Shayne Gostisbehere,2731;Golden Knights,2810;Logan Stankoven,2962;Golden Knights,3056;Jordan Martinook,3298",3,gkg_raw_archive_exact_name_deterministic_supplement,2026-08-03T22:38:28Z,Codex manual review,false,"URL subject is unrelated to the target club or the club appears only in incidental, standings, publisher-page, or related-content context",2026-08-03,URL subject and GKG AllNames context do not establish the club as a substantive article subject,20251030000000-581,20251030000000
6d87cadd-7015-53b1-8d10-3a5eb0be3011,BOS-current,BOS,Q194121,Boston Bruins,2023-10-26,https://www.wgmd.com/tim-wakefields-wife-stacy-shares-powerful-message-late-husband-left-for-her/,wgmd.com,,"Stacy Wakefield,16;Boston Red Sox,48;Tim Wakefield,68;Boston Bruins,307;Red Sox,1391;World Series,1484;Red Sox,1586;Pittsburgh Pirate,1649;Tim Wakefield,1920;Red Sox,1938;Red Sox Nation,2178",4,gkg_raw_archive_exact_name_deterministic_supplement,2026-08-03T22:38:28Z,Codex manual review,false,"URL subject is unrelated to the target club or the club appears only in incidental, standings, publisher-page, or related-content context",2026-08-03,URL subject and GKG AllNames context do not establish the club as a substantive article subject,20231026120000-1638,20231026120000
617f7de0-1dca-5b67-9dbe-42391f78dce1,BOS-current,BOS,Q194121,Boston Bruins,2024-11-27,https://www.burnabynow.com/highlights/canucks-lines-vs-bruins-november-26-2024-9865845,burnabynow.com,"4#Calgary, Alberta, Canada#CA#CA01#12549#51.0833#-114.083#-561990#287;4#Ottawa, Ontario, Canada#CA#CA08#12755#45.4167#-75.7#-570760#1873","Vancouver Canucks,38;Boston Bruins,80;Brock Boeser,101;Calgary Flames,302;Nikita Zadorov,329;Elias Lindholm,348;Jake DeBrusk,1595;Elias Pettersson,2111;Kiefer Sherwood,2131;Brock Boeser,2877;Pius Suter,3144;Dakota Joshua,3166;Danton Heinen,3264;Teddy Blueger,3282;Max Sasson,3426;Carson Soucy,3873;Tyler Myers,3889;Quinn Hughes,3996;Tyler Myers,4207;Carson Soucy,4231;Noah Juulsen,4276;Vincent Desharnais,4307;Kevin Lankinen,4384;Jim Montgomery,4885;Jack Adams Award,4919;Joe Sacco,5096;David Pastrnak,5642;Jeremy Swayman,5846",5,gkg_raw_archive_exact_name_deterministic_supplement,2026-08-03T22:38:28Z,Codex manual review,true,,2026-08-03,URL subject and GKG AllNames context establish a substantive article-context reference to the registered NHL club,20241127000000-290,20241127000000
c9fc09ba-3b85-5c0e-80ed-14e05de5e8c5,BOS-current,BOS,Q194121,Boston Bruins,2026-01-16,https://www.wmur.com/article/bruins-retire-zdeno-chara-number-01152026/70014641,wmur.com,"3#Boston, Massachusetts, United States#US#USMA#MA025#42.3584#-71.0598#617565#6;3#Boston, Massachusetts, United States#US#USMA#MA025#42.3584#-71.0598#617565#205;3#Boston, Massachusetts, United States#US#USMA#MA025#42.3584#-71.0598#617565#288;3#Boston, Massachusetts, United States#US#USMA#MA025#42.3584#-71.0598#617565#530;3#Boston, Massachusetts, United States#US#USMA#MA025#42.3584#-71.0598#617565#1003;3#Boston, Massachusetts, United States#US#USMA#MA025#42.3584#-71.0598#617565#1214;3#Boston, Massachusetts, United States#US#USMA#MA025#42.3584#-71.0598#617565#1376;3#Boston, Massachusetts, United States#US#USMA#MA025#42.3584#-71.0598#617565#1797;3#Boston, Massachusetts, United States#US#USMA#MA025#42.3584#-71.0598#617565#2153;3#Boston, Massachusetts, United States#US#USMA#MA025#42.3584#-71.0598#617565#2317;3#Boston, Massachusetts, United States#US#USMA#MA025#42.3584#-71.0598#617565#2721","Boston Bruins,14;Boston Bruins,950;Seattle Kraken,1029;Stanley Cup,1180;Hockey Hall,1224;Raymond Bourque,1420;Boston Bruins,1930;Seattle Kraken,2009;Stanley Cup,2162;Hockey Hall,2240;Raymond Bourque,2385",6,gkg_raw_archive_exact_name_deterministic_supplement,2026-08-03T22:38:28Z,Codex manual review,true,,2026-08-03,URL subject and GKG AllNames context establish a substantive article-context reference to the registered NHL club,20260116030000-281,20260116030000
e2561984-f388-5abb-9f38-1c1e8fd22caa,BOS-current,BOS,Q194121,Boston Bruins,2023-10-26,https://www.jacksonprogress-argus.com/fieldlevel/winless-sharks-in-rough-road-test-vs-lightning/article_c2cb6b5e-5647-5b38-b220-565ba4337c6c.html,jacksonprogress-argus.com,"2#Colorado, United States#US#USCO##39.0646#-105.327#CO#440;4#Toronto, Ontario, Canada#CA#CA08#12686#43.6667#-79.4167#-574890#2000;2#Florida, United States#US#USFL##27.8333#-81.717#FL#577;3#Tampa, Florida, United States#US#USFL#FL057#27.9475#-82.4584#292005#42;3#Tampa, Florida, United States#US#USFL#FL057#27.9475#-82.4584#292005#241","San Jose Sharks,20;San Jose,128;Sunshine State,196;Tampa Bay Lightning,246;Vegas Golden Knights,391;Colorado Avalanche,415;Boston Bruins,433;David Quinn,456;Eastern Conference,531;Aleksander Barkov,807;Mackenzie Blackwood,973;Stanley Cup Final,1076;San Jose,1588;Pacific Division,1664;Western Conference,1772;Filip Zadina,1819;Carolina Hurricanes,1998;Toronto Maple Leafs,2086;Jon Cooper,2178;Brayden Point,2203;Alex Barre-Boulet,2274;Jonas Johansson,2340;Tommy Novak,2789",7,gkg_raw_archive_exact_name_deterministic_supplement,2026-08-03T22:38:28Z,Codex manual review,false,"URL subject is unrelated to the target club or the club appears only in incidental, standings, publisher-page, or related-content context",2026-08-03,URL subject and GKG AllNames context do not establish the club as a substantive article subject,20231026000000-1811,20231026000000
052ea33b-8297-5f79-b1fd-73ce55daa6d0,BOS-current,BOS,Q194121,Boston Bruins,2024-11-27,https://www.saltlakecitysun.com/news/274796848/canucks-look-to-extend-road-winning-streak-in-clash-vs-penguins,saltlakecitysun.com,"4#Winnipeg, Manitoba, Canada#CA#CA03#12577#49.8833#-97.1667#-576096#1835;3#Boston, Massachusetts, United States#US#USMA#MA025#42.3584#-71.0598#617565#225;3#Boston, Massachusetts, United States#US#USMA#MA025#42.3584#-71.0598#617565#542;3#Boston, Massachusetts, United States#US#USMA#MA025#42.3584#-71.0598#617565#888;3#Boston, Massachusetts, United States#US#USMA#MA025#42.3584#-71.0598#617565#1204;3#Boston, Massachusetts, United States#US#USMA#MA025#42.3584#-71.0598#617565#1493;4#Vancouver, British Columbia, Canada#CA#CA02#12552#49.25#-123.133#-575268#59;4#Vancouver, British Columbia, Canada#CA#CA02#12552#49.25#-123.133#-575268#381","Winslow Townson-Imagn Images,48;Vancouver Canucks,74;Pittsburgh Penguins,161;Boston Bruins,239;Rick Tocchet,469;Kevin Lankinen,677;Arturs Silovs,963;Unlike Lankinen,994;Jake DeBrusk,1476;Utah Hockey Club,1819;Montreal Canadiens,2000;Eastern Conference,2026;Alex Nedeljkovic,2338;Philip Tomasino,2698;Nashville Predators,2765;Evgeni Malkin,3002;Field Level,3310",8,gkg_raw_archive_exact_name_deterministic_supplement,2026-08-03T22:38:28Z,Codex manual review,false,"URL subject is unrelated to the target club or the club appears only in incidental, standings, publisher-page, or related-content context",2026-08-03,URL subject and GKG AllNames context do not establish the club as a substantive article subject,20241127180000-826,20241127180000
a37ef9ba-19fe-5044-b484-9c7dae02c80b,BOS-current,BOS,Q194121,Boston Bruins,2026-01-16,http://www.massachusettssun.com/news/278812619/red-wings-continue-line-alterations-as-surging-sharks-arrive,massachusettssun.com,"3#Washington, Washington, United States#US#USDC#DC001#38.8951#-77.0364#531871#1905","Rick Osentoski-Imagn Images,47;Todd McLellan,71;Red Wing,108;San Jose Sharks,206;Red Wings,1042;Boston Bruins,1088;Emmitt Finnie,1787;Washington Capitals,2099;Pavol Regenda,2229;San Jose,2346;Ryan Warsofsky,2367;Red Wings,2928;San Jose,2976;Field Level,3057",9,gkg_raw_archive_exact_name_deterministic_supplement,2026-08-03T22:38:28Z,Codex manual review,false,"URL subject is unrelated to the target club or the club appears only in incidental, standings, publisher-page, or related-content context",2026-08-03,URL subject and GKG AllNames context do not establish the club as a substantive article subject,20260116150000-1290,20260116150000
315fa600-0223-5e75-a5f9-d50aea532ddc,BOS-current,BOS,Q194121,Boston Bruins,2024-10-26,https://www.defendingbigd.com/dallas-stars-afterwords-breat-of-fresh-air-boston-bruins-win-power-play/,defendingbigd.com,"3#Dallas, Texas, United States#US#USTX#TX113#32.7831#-96.8067#1380944#133;3#Dallas, Texas, United States#US#USTX#TX113#32.7831#-96.8067#1380944#1265;3#Dallas, Texas, United States#US#USTX#TX113#32.7831#-96.8067#1380944#1443;3#Dallas, Texas, United States#US#USTX#TX113#32.7831#-96.8067#1380944#1721;3#Dallas, Texas, United States#US#USTX#TX113#32.7831#-96.8067#1380944#1850;3#Dallas, Texas, United States#US#USTX#TX113#32.7831#-96.8067#1380944#6250;3#Boston, Massachusetts, United States#US#USMA#MA025#42.3584#-71.0598#617565#47;3#Boston, Massachusetts, United States#US#USMA#MA025#42.3584#-71.0598#617565#631;3#Boston, Massachusetts, United States#US#USMA#MA025#42.3584#-71.0598#617565#4440;3#Boston, Massachusetts, United States#US#USMA#MA025#42.3584#-71.0598#617565#5122","Boston Bruins,56;Dallas Stars,130;Tyler Seguin,697;Matt Dumba,1957;Matt Duchene,2219;Matt Duchene,2503;Jason Robertson,2681;Tyler Seguin,2699;Jeremy Swayman,3738;Logan Stankoven,4154;Mason Marchment,4818;Enter Seguin,4946;Thomas Harley,5192;Casey DeSmith,5762;Radek Faksa,6444;Ryan Suter,6782;Matt Dumba,6836;Victory Green,7096;Ilya Lyubushkin,7188;Nils Lundkvist,7250",10,gkg_raw_archive_exact_name_deterministic_supplement,2026-08-03T22:38:28Z,Codex manual review,true,,2026-08-03,URL subject and GKG AllNames context establish a substantive article-context reference to the registered NHL club,20241026000000-197,20241026000000
7591f602-ea02-5fca-a62d-210a6572343c,BOS-current,BOS,Q194121,Boston Bruins,2023-10-26,https://www.bignewsnetwork.com/news/274011060/winless-sharks-in-rough-road-test-vs-lightning,bignewsnetwork.com,"2#Colorado, United States#US#USCO##39.0646#-105.327#CO#488;2#Florida, United States#US#USFL##27.8333#-81.717#FL#625;4#Toronto, Ontario, Canada#CA#CA08#12686#43.6667#-79.4167#-574890#2048;1#United States#US#US##39.828175#-98.5795#US#120;1#United States#US#US##39.828175#-98.5795#US#319;3#Tampa, Florida, United States#US#USFL#FL057#27.9475#-82.4584#292005#105;3#Tampa, Florida, United States#US#USFL#FL057#27.9475#-82.4584#292005#304","Nathan Ray Seebeck-United States,53;San Jose Sharks,86;San Jose,194;Sunshine State,262;Tampa Bay Lightning,312;Vegas Golden Knights,457;Colorado Avalanche,481;Boston Bruins,499;David Quinn,522;Eastern Conference,597;Aleksander Barkov,873;Mackenzie Blackwood,1039;Stanley Cup Final,1142;San Jose,1654;Pacific Division,1730;Western Conference,1838;Filip Zadina,1885;Carolina Hurricanes,2064;Toronto Maple Leafs,2152;Jon Cooper,2244;Brayden Point,2269;Alex Barre-Boulet,2340;Jonas Johansson,2406;Tommy Novak,2855",11,gkg_raw_archive_exact_name_deterministic_supplement,2026-08-03T22:38:28Z,Codex manual review,false,"URL subject is unrelated to the target club or the club appears only in incidental, standings, publisher-page, or related-content context",2026-08-03,URL subject and GKG AllNames context do not establish the club as a substantive article subject,20231026000000-132,20231026000000
3424cc0c-e8fa-530f-9d80-623ca7276bb0,BOS-current,BOS,Q194121,Boston Bruins,2024-11-27,https://www.squamishchief.com/highlights/canucks-lines-vs-bruins-november-26-2024-9865845,squamishchief.com,"4#Ottawa, Ontario, Canada#CA#CA08#12755#45.4167#-75.7#-570760#1873;4#Calgary, Alberta, Canada#CA#CA01#12549#51.0833#-114.083#-561990#287","Vancouver Canucks,38;Boston Bruins,80;Brock Boeser,101;Calgary Flames,302;Nikita Zadorov,329;Elias Lindholm,348;Jake DeBrusk,1595;Elias Pettersson,2111;Kiefer Sherwood,2131;Brock Boeser,2877;Pius Suter,3144;Dakota Joshua,3166;Danton Heinen,3264;Teddy Blueger,3282;Max Sasson,3426;Carson Soucy,3873;Tyler Myers,3889;Quinn Hughes,3996;Tyler Myers,4207;Carson Soucy,4231;Noah Juulsen,4276;Vincent Desharnais,4307;Kevin Lankinen,4384;Jim Montgomery,4885;Jack Adams Award,4919;Joe Sacco,5096;David Pastrnak,5642;Jeremy Swayman,5846",12,gkg_raw_archive_exact_name_deterministic_supplement,2026-08-03T22:38:28Z,Codex manual review,true,,2026-08-03,URL subject and GKG AllNames context establish a substantive article-context reference to the registered NHL club,20241127000000-844,20241127000000
afc12e7a-dcef-52f8-b757-0b7f0ff8a71b,BOS-current,BOS,Q194121,Boston Bruins,2026-01-16,https://aldergrovestar.com/2026/01/15/abbotsford-canucks-defender-kirill-kudryavtsev-named-to-ahl-all-star-classic/,aldergrovestar.com,"2#Colorado, United States#US#USCO##39.0646#-105.327#CO#1921;1#Russia#RS#RS##60#100#RS#606;1#Russian#RS#RS##60#100#RS#112;4#Vancouver, British Columbia, Canada#CA#CA02#12552#49.25#-123.133#-575268#504;4#Vancouver, British Columbia, Canada#CA#CA02#12552#49.25#-123.133#-575268#1039;1#American#US#US##39.828175#-98.5795#US#75;1#American#US#US##39.828175#-98.5795#US#440","Abbotsford Canucks,19;Kirill Kudryavtsev,49;American Hockey League,90;Christian Wolanin,227;Arshdeep Bains,259;Star Classic,351;American Hockey League,514;Vancouver Canucks,595;Ontario Hockey League,731;Marie Greyhounds,760;Kirill Kudryavtsev,1237;Star Classic,1309;Abbotsford Canucks,1435;Abbotsford Canucks,1693;Ryan Johnson,1722;Pacific Division,1964;Colorado Eagles,2088;Pacific Division,2125;Abbotsford Canucks,2218;Star Challenge,2597;Star Skills Competition,2688;Eastern Conference,2723;Western Conference,2746;Abbotsford Canucks,2880;Providence Bruins,2933;Michael DiPietro,2957;Bridgeport Islanders,2982;Boston Bruins,3047;New York Islanders,3122",13,gkg_raw_archive_exact_name_deterministic_supplement,2026-08-03T22:38:28Z,Codex manual review,false,"URL subject is unrelated to the target club or the club appears only in incidental, standings, publisher-page, or related-content context",2026-08-03,URL subject and GKG AllNames context do not establish the club as a substantive article subject,20260116000000-1319,20260116000000
d55f07d4-c926-5d84-a259-6d269f596221,BOS-current,BOS,Q194121,Boston Bruins,2023-10-26,https://www.heraldglobe.com/news/274011060/winless-sharks-in-rough-road-test-vs-lightning,heraldglobe.com,"1#United States#US#US##39.828175#-98.5795#US#120;1#United States#US#US##39.828175#-98.5795#US#319;1#United States#US#US##39.828175#-98.5795#US#338;3#Tampa, Florida, United States#US#USFL#FL057#27.9475#-82.4584#292005#105;3#Tampa, Florida, United States#US#USFL#FL057#27.9475#-82.4584#292005#304;2#Florida, United States#US#USFL##27.8333#-81.717#FL#640;4#Toronto, Ontario, Canada#CA#CA08#12686#43.6667#-79.4167#-574890#2063;2#Colorado, United States#US#USCO##39.0646#-105.327#CO#503","Nathan Ray Seebeck-United States,52;San Jose Sharks,85;San Jose,193;Sunshine State,261;Tampa Bay Lightning,311;Vegas Golden Knights,456;Colorado Avalanche,480;Boston Bruins,498;David Quinn,521;Eastern Conference,596;Aleksander Barkov,872;Mackenzie Blackwood,1038;Stanley Cup Final,1141;San Jose,1653;Pacific Division,1729;Western Conference,1837;Filip Zadina,1884;Carolina Hurricanes,2063;Toronto Maple Leafs,2151;Jon Cooper,2243;Brayden Point,2268;Alex Barre-Boulet,2339;Jonas Johansson,2405;Tommy Novak,2854",14,gkg_raw_archive_exact_name_deterministic_supplement,2026-08-03T22:38:28Z,Codex manual review,false,"URL subject is unrelated to the target club or the club appears only in incidental, standings, publisher-page, or related-content context",2026-08-03,URL subject and GKG AllNames context do not establish the club as a substantive article subject,20231026000000-1585,20231026000000
0df0d15e-d4ab-5bd2-9bdd-2d6a34b71566,BOS-current,BOS,Q194121,Boston Bruins,2026-04-04,http://www.pittsburghstar.com/news/278962862/panthers-could-be-spoilers-as-they-open-back-to-back-set-at-penguins,pittsburghstar.com,"1#Canada#CA#CA##60#-96#CA#474;1#Canada#CA#CA##60#-96#CA#2831;3#Tampa Bay, Florida, United States#US#USFL#FL103#27.765#-82.5825#294169#1688;4#Ottawa, Ontario, Canada#CA#CA08#12755#45.4167#-75.7#-570760#466;3#Boston, Massachusetts, United States#US#USMA#MA025#42.3584#-71.0598#617565#818;3#Boston, Massachusetts, United States#US#USMA#MA025#42.3584#-71.0598#617565#1001;3#Boston, Massachusetts, United States#US#USMA#MA025#42.3584#-71.0598#617565#1089;2#New Jersey, United States#US#USNJ##40.314#-74.5089#NJ#2183;2#Florida, United States#US#USFL##27.8333#-81.717#FL#53;2#Florida, United States#US#USFL##27.8333#-81.717#FL#380;2#Florida, United States#US#USFL##27.8333#-81.717#FL#747;2#Florida, United States#US#USFL##27.8333#-81.717#FL#2146;3#Washington, Washington, United States#US#USDC#DC001#38.8951#-77.0364#531871#2220","Sam Navarro-Imagn Images,44;Florida Panthers,69;Stanley Cup,355;Ottawa Senators,512;Eastern Conference,545;Brad Marchand,747;Sam Reinhart,765;Niko Mikkola,782;Boston Bruins,885;Paul Maurice,1019;Cole Schwindt,1499;Tampa Bay Lightning,1815;Metropolitan Division,1974;New York Islanders,2083;Columbus Blue Jackets,2157;New Jersey,2329;Dan Muse,2488;Team Canada,3027;Anthony Mantha,3059;Field Level,3194",15,gkg_raw_archive_exact_name_deterministic_supplement,2026-08-03T22:38:28Z,Codex manual review,false,"URL subject is unrelated to the target club or the club appears only in incidental, standings, publisher-page, or related-content context",2026-08-03,URL subject and GKG AllNames context do not establish the club as a substantive article subject,20260404000000-701,20260404000000
ef4a70b2-666b-54ea-8eca-879679c0d156,BOS-current,BOS,Q194121,Boston Bruins,2023-10-26,https://www.massachusettssun.com/news/274011060/winless-sharks-in-rough-road-test-vs-lightning,massachusettssun.com,"2#Florida, United States#US#USFL##27.8333#-81.717#FL#625;3#Tampa, Florida, United States#US#USFL#FL057#27.9475#-82.4584#292005#105;3#Tampa, Florida, United States#US#USFL#FL057#27.9475#-82.4584#292005#304;4#Toronto, Ontario, Canada#CA#CA08#12686#43.6667#-79.4167#-574890#2048;1#United States#US#US##39.828175#-98.5795#US#120;1#United States#US#US##39.828175#-98.5795#US#319;2#Colorado, United States#US#USCO##39.0646#-105.327#CO#488","Nathan Ray Seebeck-United States,52;San Jose Sharks,85;San Jose,193;Sunshine State,261;Tampa Bay Lightning,311;Vegas Golden Knights,456;Colorado Avalanche,480;Boston Bruins,498;David Quinn,521;Eastern Conference,596;Aleksander Barkov,872;Mackenzie Blackwood,1038;Stanley Cup Final,1141;San Jose,1653;Pacific Division,1729;Western Conference,1837;Filip Zadina,1884;Carolina Hurricanes,2063;Toronto Maple Leafs,2151;Jon Cooper,2243;Brayden Point,2268;Alex Barre-Boulet,2339;Jonas Johansson,2405;Tommy Novak,2854",16,gkg_raw_archive_exact_name_deterministic_supplement,2026-08-03T22:38:28Z,Codex manual review,false,"URL subject is unrelated to the target club or the club appears only in incidental, standings, publisher-page, or related-content context",2026-08-03,URL subject and GKG AllNames context do not establish the club as a substantive article subject,20231026030000-213,20231026030000
588c83d2-3057-563c-a51e-15a0b03fcd87,BOS-current,BOS,Q194121,Boston Bruins,2025-10-30,http://www.coloradostar.com/news/278663859/islanders-hurricanes-enter-showdown-plagued-by-blown-leads,coloradostar.com,"2#Colorado, United States#US#USCO##39.0646#-105.327#CO#2288;3#Dallas, Texas, United States#US#USTX#TX113#32.7831#-96.8067#1380944#2705;2#New York, United States#US#USNY##42.1497#-74.9384#NY#60;2#New York, United States#US#USNY##42.1497#-74.9384#NY#356;2#New York, United States#US#USNY##42.1497#-74.9384#NY#944;2#New York, United States#US#USNY##42.1497#-74.9384#NY#1239;3#Philadelphia, Pennsylvania, United States#US#USPA#PA101#39.9523#-75.1638#1209052#1051;3#Los Angeles, California, United States#US#USCA#CA037#34.0522#-118.244#1662328#2256","Dennis Schneidler-Imagn Images,50;New York Islander,76;New York,375;Metropolitan Division,457;Boston Bruins,653;Vegas Golden,769;Kyle Palmieri,937;New York,1002;New York,1297;Eastern Conference,1656;Ryan Pulock,1794;Hartford Whalers,2204;Los Angeles Kings,2408;Colorado Avalanche,2431;Jaccob Slavin,2632;William Carrier,2682;Eric Robinson,2717;Shayne Gostisbehere,2787;Golden Knights,2866;Logan Stankoven,3018;Golden Knights,3112;Jordan Martinook,3356;Field Level,3521",17,gkg_raw_archive_exact_name_deterministic_supplement,2026-08-03T22:38:28Z,Codex manual review,false,"URL subject is unrelated to the target club or the club appears only in incidental, standings, publisher-page, or related-content context",2026-08-03,URL subject and GKG AllNames context do not establish the club as a substantive article subject,20251030000000-1077,20251030000000
3dfa2941-cdf0-5a85-bd10-db7c62b6a75a,BOS-current,BOS,Q194121,Boston Bruins,2024-11-27,https://nesn.com/2024/11/nesn-to-celebrate-boston-bruins-centennial-game-with-series-of-festivities/,nesn.com,"3#Boston, Massachusetts, United States#US#USMA#MA025#42.3584#-71.0598#617565#6;3#Boston, Massachusetts, United States#US#USMA#MA025#42.3584#-71.0598#617565#108;3#Boston, Massachusetts, United States#US#USMA#MA025#42.3584#-71.0598#617565#328;3#Boston, Massachusetts, United States#US#USMA#MA025#42.3584#-71.0598#617565#659;3#Boston, Massachusetts, United States#US#USMA#MA025#42.3584#-71.0598#617565#1710","Boston Bruins Centennial Game,113;Montreal Canadiens,194;Boston Bruins,316;Centennial Game,421;Boston Bruins,652;Bruins Hockey,1095;Boston Bruins,1638;Centennial Game,1757",18,gkg_raw_archive_exact_name_deterministic_supplement,2026-08-03T22:38:28Z,Codex manual review,true,,2026-08-03,URL subject and GKG AllNames context establish a substantive article-context reference to the registered NHL club,20241127180000-742,20241127180000
31e9e080-850b-5a17-888a-c722fc0b6cf5,BOS-current,BOS,Q194121,Boston Bruins,2025-10-30,https://www.640wxsm.com/2025/10/29/islanders-hurricanes-enter-showdown-plagued-by-blown-leads/,640wxsm.com,"2#Colorado, United States#US#USCO##39.0646#-105.327#CO#2242;3#Dallas, Texas, United States#US#USTX#TX113#32.7831#-96.8067#1380944#2675;2#New York, United States#US#USNY##42.1497#-74.9384#NY#12;2#New York, United States#US#USNY##42.1497#-74.9384#NY#310;2#New York, United States#US#USNY##42.1497#-74.9384#NY#898;2#New York, United States#US#USNY##42.1497#-74.9384#NY#1193;3#Philadelphia, Pennsylvania, United States#US#USPA#PA101#39.9523#-75.1638#1209052#1005;3#Los Angeles, California, United States#US#USCA#CA037#34.0522#-118.244#1662328#2210","New York Islander,22;New York,321;Metropolitan Division,403;Boston Bruins,599;Vegas Golden,715;Kyle Palmieri,883;New York,948;New York,1243;Eastern Conference,1602;Ryan Pulock,1738;Hartford Whalers,2148;Los Angeles Kings,2352;Colorado Avalanche,2375;Jaccob Slavin,2586;William Carrier,2636;Eric Robinson,2671;Shayne Gostisbehere,2741;Golden Knights,2830;Logan Stankoven,2982;Golden Knights,3076;Jordan Martinook,3318",19,gkg_raw_archive_exact_name_deterministic_supplement,2026-08-03T22:38:28Z,Codex manual review,false,"URL subject is unrelated to the target club or the club appears only in incidental, standings, publisher-page, or related-content context",2026-08-03,URL subject and GKG AllNames context do not establish the club as a substantive article subject,20251030000000-1595,20251030000000
892abedc-7175-5efd-a99a-1b5a66b9a7d0,BOS-current,BOS,Q194121,Boston Bruins,2024-11-27,https://www.torontotelegraph.com/news/274795201/kevin-lankinen-stars-in-goal-in-canucks-beat-bruins,torontotelegraph.com,"4#Vancouver, British Columbia, Canada#CA#CA02#12552#49.25#-123.133#-575268#151;4#Vancouver, British Columbia, Canada#CA#CA02#12552#49.25#-123.133#-575268#518;3#Boston, Massachusetts, United States#US#USMA#MA025#42.3584#-71.0598#617565#194;3#Boston, Massachusetts, United States#US#USMA#MA025#42.3584#-71.0598#617565#766;3#Boston, Massachusetts, United States#US#USMA#MA025#42.3584#-71.0598#617565#1554","Winslow Townson-Imagn Images,48;Jake DeBrusk,117;Vancouver Canucks,171;Boston Bruins,205;Conor Garland,1218;Marc McLaughlin,1444;Trent Frederic,1466;Field Level,2022",20,gkg_raw_archive_exact_name_deterministic_supplement,2026-08-03T22:38:28Z,Codex manual review,true,,2026-08-03,URL subject and GKG AllNames context establish a substantive article-context reference to the registered NHL club,20241127120000-779,20241127120000
563d79a9-6e8e-5a96-84df-c4ca2e9434b0,CHI-current,CHI,Q209636,Chicago Blackhawks,2024-03-03,https://www.inquirer.com/flyers/flyers-takeaways-senators-score-playoffs-trade-deadline-20240303.html,inquirer.com,"1#Swedish#SW#SW##62#15#SW#3659;1#Swede#SW#SW##62#15#SW#2662;4#Ottawa, Ontario, Canada#CA#CA08#12755#45.4167#-75.7#-570760#289;2#Florida, United States#US#USFL##27.8333#-81.717#FL#5072","Ottawa Senators,325;Metropolitan Division,757;Atlantic Division,830;Danny Bri,943;Washington Capitals,1087;John Tortorella,1174;Claude Giroux,1347;Felix Sandstr,2175;Chicago Blackhawks,2307;Sam Ersson,2541;Mark Kastelic,2877;Vladimir Tarasenko,2971;Thomas Chabot,3038;Dominik Kubalik,3060;Jake Sanderson,3297;Marc-Andre Fleury,3407;Swedish Flyers,3882;Tyson Foerster,4230;Louis Blues,5340;With Foerster,5391;Nick Seeler,6170",21,gkg_raw_archive_exact_name_deterministic_supplement,2026-08-03T22:38:28Z,Codex manual review,false,"URL subject is unrelated to the target club or the club appears only in incidental, standings, publisher-page, or related-content context",2026-08-03,URL subject and GKG AllNames context do not establish the club as a substantive article subject,20240303150000-29,20240303150000
405813bb-7d8a-5130-a7ae-847fefc77aa8,CHI-current,CHI,Q209636,Chicago Blackhawks,2025-01-29,https://945rocks.iheart.com/content/2025-01-29-lightning-open-homestand-with-loss-to-blackhawks/,iheart.com,"3#Chicago, Illinois, United States#US#USIL#IL031#41.85#-87.6501#423587#11;3#Chicago, Illinois, United States#US#USIL#IL031#41.85#-87.6501#423587#262;3#Los Angeles, California, United States#US#USCA#CA037#34.0522#-118.244#1662328#544","Chicago Blackhawks,23;Tampa Bay Lightning,72;Brayden Point,220;Andrei Vasilevskiy,390;Jonas Johansson,450;Los Angeles Kings,572",22,gkg_raw_archive_exact_name_deterministic_supplement,2026-08-03T22:38:28Z,Codex manual review,true,,2026-08-03,URL subject and GKG AllNames context establish a substantive article-context reference to the registered NHL club,20250129150000-600,20250129150000
0c527ef2-9ad5-5bc0-9674-7929723a1762,CHI-current,CHI,Q209636,Chicago Blackhawks,2025-11-06,https://www.tsn.ca/nhl/article/canucks-left-frustrated-by-loss-to-blackhawks-i-thought-we-played-well-enough-to-win/,tsn.ca,"3#Chicago, Illinois, United States#US#USIL#IL031#41.85#-87.6501#423587#153;3#Chicago, Illinois, United States#US#USIL#IL031#41.85#-87.6501#423587#916;3#Chicago, Illinois, United States#US#USIL#IL031#41.85#-87.6501#423587#1997;3#Chicago, Illinois, United States#US#USIL#IL031#41.85#-87.6501#423587#2599;4#North Vancouver, British Columbia, Canada#CA#CA02#12552#49.3167#-123.067#-570375#3509;1#Canadian#CA#CA##60#-96#CA#4157;1#Canadian#CA#CA##60#-96#CA#4224;4#Vancouver, British Columbia, Canada#CA#CA02#12552#49.25#-123.133#-575268#9;4#Vancouver, British Columbia, Canada#CA#CA02#12552#49.25#-123.133#-575268#79;4#Vancouver, British Columbia, Canada#CA#CA02#12552#49.25#-123.133#-575268#227;4#Vancouver, British Columbia, Canada#CA#CA02#12552#49.25#-123.133#-575268#1100;4#Vancouver, British Columbia, Canada#CA#CA02#12552#49.25#-123.133#-575268#1924;4#Vancouver, British Columbia, Canada#CA#CA02#12552#49.25#-123.133#-575268#2568;4#Vancouver, British Columbia, Canada#CA#CA02#12552#49.25#-123.133#-575268#3509;1#Finnish#FI#FI##64#26#FI#3207;2#Minnesota, United States#US#USMN##45.7326#-93.9196#MN#840","Adam Foote,23;Vancouver Canuck,73;Chicago Blackhawks,143;Matt Grzelcyk,1124;Kevin Lankinen,1171;Canuck Ilya Mikheyev,1295;Evander Kane,1911;Connor Bedard,1992;Spencer Knight,2188;Rogers Arena,3567;North Vancouver,3673;Canadian Press,4366",23,gkg_raw_archive_exact_name_deterministic_supplement,2026-08-03T22:38:28Z,Codex manual review,true,,2026-08-03,URL subject and GKG AllNames context establish a substantive article-context reference to the registered NHL club,20251106150000-72,20251106150000
7fa18c6a-4b0b-5ddd-9c6e-8442cf46fb5f,CHI-current,CHI,Q209636,Chicago Blackhawks,2025-01-29,https://1230thegambler.iheart.com/content/2025-01-29-lightning-open-homestand-with-loss-to-blackhawks/,iheart.com,"3#Los Angeles, California, United States#US#USCA#CA037#34.0522#-118.244#1662328#544;3#Chicago, Illinois, United States#US#USIL#IL031#41.85#-87.6501#423587#11;3#Chicago, Illinois, United States#US#USIL#IL031#41.85#-87.6501#423587#262","Chicago Blackhawks,23;Tampa Bay Lightning,72;Brayden Point,220;Andrei Vasilevskiy,390;Jonas Johansson,450;Los Angeles Kings,572",24,gkg_raw_archive_exact_name_deterministic_supplement,2026-08-03T22:38:28Z,Codex manual review,true,,2026-08-03,URL subject and GKG AllNames context establish a substantive article-context reference to the registered NHL club,20250129120000-350,20250129120000
965db3a5-8676-5909-9fbc-e195066bb2d8,CHI-current,CHI,Q209636,Chicago Blackhawks,2026-01-24,https://wisr680.com/penguins-jump-on-jarry-and-oilers-for-third-straight-win/,wisr680.com,,"Pittsburgh Penguins,24;Edmonton Oilers,53;Sidney Crosby,331;Arturs Silovs,399;Against Average,661;Vancouver Sunday,847;Chicago Blackhawks,990;Mike Sullivan,1051;New York Rangers,1076",25,gkg_raw_archive_exact_name_deterministic_supplement,2026-08-03T22:38:28Z,Codex manual review,false,"URL subject is unrelated to the target club or the club appears only in incidental, standings, publisher-page, or related-content context",2026-08-03,URL subject and GKG AllNames context do not establish the club as a substantive article subject,20260124180000-819,20260124180000
c2435258-cf69-57d2-9fb4-1246198ecba4,CHI-current,CHI,Q209636,Chicago Blackhawks,2025-01-29,https://www.bleachernation.com/blackhawks/2025/01/29/a-filthy-goal-dach-sits-slaggerts-effort-saad-waived-heiskanen-hurt-and-other-blackhawks-bullets/,bleachernation.com,"2#Minnesota, United States#US#USMN##45.7326#-93.9196#MN#1490;2#Minnesota, United States#US#USMN##45.7326#-93.9196#MN#1682;2#Minnesota, United States#US#USMN##45.7326#-93.9196#MN#1940;2#Minnesota, United States#US#USMN##45.7326#-93.9196#MN#3208;2#Colorado, United States#US#USCO##39.0646#-105.327#CO#3099;3#Dallas, Texas, United States#US#USTX#TX113#32.7831#-96.8067#1380944#2753;3#Hinsdale, Minnesota, United States#US#USMN#MN137#47.601#-92.1479#661476#3729","Connor Bedard,133;Chicago Blackhawks,302;Patrick Sharp,798;Landon Slaggert,928;Colton Dach,1196;Anders Sorensen,1391;Daily Faceoff,1629;Sam Rinzel,1760;Nick Lardis,2469;Louis Blues,2514;Brandon Saad,2557;Miro Heiskanen,2883;Pete DeBoer,2931;Mikko Rantanen,3284;Kirill Kaprizov,3408;Western Conference,3460;Check Out,3516;Walter Payton,3630;Rising Stars,3826;All-Star Weekend,3851;Hinsdale Hammer,3907",26,gkg_raw_archive_exact_name_deterministic_supplement,2026-08-03T22:38:28Z,Codex manual review,true,,2026-08-03,URL subject and GKG AllNames context establish a substantive article-context reference to the registered NHL club,20250129150000-1807,20250129150000
d86ee3d1-125c-5cec-bf42-00560c11596a,CHI-current,CHI,Q209636,Chicago Blackhawks,2025-01-12,https://www.yardbarker.com/nhl/articles/former_coach_says_bedard_needs_his_draisaitl_3_options/s1_16454_41562794,yardbarker.com,"2#Colorado, United States#US#USCO##39.0646#-105.327#CO#2640;4#Toronto, Ontario, Canada#CA#CA08#12686#43.6667#-79.4167#-574890#3048;4#Toronto, Ontario, Canada#CA#CA08#12686#43.6667#-79.4167#-574890#3108;3#Chicago, Illinois, United States#US#USIL#IL031#41.85#-87.6501#423587#40;3#Chicago, Illinois, United States#US#USIL#IL031#41.85#-87.6501#423587#1931;3#Chicago, Illinois, United States#US#USIL#IL031#41.85#-87.6501#423587#4517;3#Chicago, Illinois, United States#US#USIL#IL031#41.85#-87.6501#423587#4712;1#Canada#CA#CA##60#-96#CA#1009;1#Canada#CA#CA##60#-96#CA#3056;1#Canada#CA#CA##60#-96#CA#3116","Chicago Blackhawks,53;Connor Bedard,78;Edmonton Oilers,210;Connor McDavid,850;Edmonton Oilers,873;Leon Draisaitl,892;Hockey Night,998;Finn Mikko Rantanen,2627;Like Draisaitl,2669;Mitch Marner,3076;Toronto Maple,3097;Maple Leafs,3266;Blackhawks Trade,3815;Elias Pettersson,4094;Path Forward,4642;Rick Bowness,4941;Hockey Central,4964;Jonathan Toews,5489;Patrick Kane,5506;Stanley Cups,5550",27,gkg_raw_archive_exact_name_deterministic_supplement,2026-08-03T22:38:28Z,Codex manual review,true,,2026-08-03,URL subject and GKG AllNames context establish a substantive article-context reference to the registered NHL club,20250112180000-873,20250112180000
2bd64a35-0dbc-5ac5-93ac-fab4b6ead647,CHI-current,CHI,Q209636,Chicago Blackhawks,2026-01-24,https://www.covers.com/nhl/player-prop-bets-picks-saturday-1-24-2026,covers.com,"2#Minnesota, United States#US#USMN##45.7326#-93.9196#MN#1954;4#Ottawa, Ontario, Canada#CA#CA08#12755#45.4167#-75.7#-570760#1072;1#Russian#RS#RS##60#100#RS#1688;2#Utah, United States#US#USUT##40.1135#-111.854#UT#1214;2#Utah, United States#US#USUT##40.1135#-111.854#UT#1369","National Hockey League,64;Ryan O'Reilly,148;Ivan Demidov,166;O'Reilly Over,301;Demidov Over,336;Enjoying Covers,561;Ryan O'Reilly Over,802;Nashville Predators,887;Ottawa Senators,1124;Utah Mammoth,1272;Ivan Demidov Over,1577;Montreal Canadiens,1666;Buffalo Sabres,1974;Boston Bruins,2136;Nikita Kucherov,2448;Chicago Blackhawks,2771;Tampa Bay Lightning,2846;Blue Jackets,2966;Benchmark International,3076",28,gkg_raw_archive_exact_name_deterministic_supplement,2026-08-03T22:38:28Z,Codex manual review,false,"URL subject is unrelated to the target club or the club appears only in incidental, standings, publisher-page, or related-content context",2026-08-03,URL subject and GKG AllNames context do not establish the club as a substantive article subject,20260124180000-676,20260124180000
d56336e3-5336-5601-ab20-bc9489ea90f0,CHI-current,CHI,Q209636,Chicago Blackhawks,2025-11-06,https://www.sbsun.com/2025/11/04/kings-shut-out-jets-for-their-1st-home-win-of-season/,sbsun.com,"4#Rob Blake, Northwest Territories, Canada#CA#CA13#25042#65.3833#-116.033#-572329#16520;4#Rob Blake, Northwest Territories, Canada#CA#CA13#25042#65.3833#-116.033#-572329#17145;2#Florida, United States#US#USFL##27.8333#-81.717#FL#20359;1#Canada#CA#CA##60#-96#CA#135;1#Canada#CA#CA##60#-96#CA#361;1#Canada#CA#CA##60#-96#CA#573;1#Canada#CA#CA##60#-96#CA#799;1#Canada#CA#CA##60#-96#CA#834;1#Canada#CA#CA##60#-96#CA#1051;1#Canada#CA#CA##60#-96#CA#1219;1#Canada#CA#CA##60#-96#CA#1476;1#Canada#CA#CA##60#-96#CA#1628;1#Canada#CA#CA##60#-96#CA#1854;1#Canada#CA#CA##60#-96#CA#2033;1#Canada#CA#CA##60#-96#CA#2184;1#Canada#CA#CA##60#-96#CA#2410;1#Canada#CA#CA##60#-96#CA#2601;1#Canada#CA#CA##60#-96#CA#2939;1#Canada#CA#CA##60#-96#CA#3291;1#Canada#CA#CA##60#-96#CA#3447;1#Canada#CA#CA##60#-96#CA#3642;1#Canada#CA#CA##60#-96#CA#3714;1#Canada#CA#CA##60#-96#CA#3938;1#Canada#CA#CA##60#-96#CA#4008;1#Canada#CA#CA##60#-96#CA#4229;1#Canada#CA#CA##60#-96#CA#4301;1#Canada#CA#CA##60#-96#CA#4525;1#Canada#CA#CA##60#-96#CA#4602;1#Canada#CA#CA##60#-96#CA#4819;1#Canada#CA#CA##60#-96#CA#4978;1#Canada#CA#CA##60#-96#CA#5267;1#Canada#CA#CA##60#-96#CA#5494;1#Canada#CA#CA##60#-96#CA#5514;1#Canada#CA#CA##60#-96#CA#5740;1#Canada#CA#CA##60#-96#CA#5873;1#Canada#CA#CA##60#-96#CA#6043;1#Canada#CA#CA##60#-96#CA#6273;1#Canada#CA#CA##60#-96#CA#6407;1#Canada#CA#CA##60#-96#CA#6631;1#Canada#CA#CA##60#-96#CA#6861;1#Canada#CA#CA##60#-96#CA#6939;1#Canada#CA#CA##60#-96#CA#7166;1#Canada#CA#CA##60#-96#CA#7241;1#Canada#CA#CA##60#-96#CA#7467;1#Canada#CA#CA##60#-96#CA#7688;1#Canada#CA#CA##60#-96#CA#7848;1#Canada#CA#CA##60#-96#CA#8043;1#Canada#CA#CA##60#-96#CA#8126;1#Canada#CA#CA##60#-96#CA#8353;1#Canada#CA#CA##60#-96#CA#8481;1#Canada#CA#CA##60#-96#CA#8830;1#Canada#CA#CA##60#-96#CA#9228;1#Canada#CA#CA##60#-96#CA#9485;1#Canada#CA#CA##60#-96#CA#9635;1#Canada#CA#CA##60#-96#CA#9936;1#Canada#CA#CA##60#-96#CA#10008;1#Canada#CA#CA##60#-96#CA#10203;1#Canada#CA#CA##60#-96#CA#10380;1#Canada#CA#CA##60#-96#CA#10532;1#Canada#CA#CA##60#-96#CA#10754;1#Canada#CA#CA##60#-96#CA#10833;1#Canada#CA#CA##60#-96#CA#11061;1#Canada#CA#CA##60#-96#CA#11229;1#Canada#CA#CA##60#-96#CA#11382;1#Canada#CA#CA##60#-96#CA#11603;1#Canada#CA#CA##60#-96#CA#11760;1#Canada#CA#CA##60#-96#CA#12024;1#Canada#CA#CA##60#-96#CA#12329;1#Canada#CA#CA##60#-96#CA#12349;1#Canada#CA#CA##60#-96#CA#12535;1#Canada#CA#CA##60#-96#CA#12709;1#Canada#CA#CA##60#-96#CA#12974;1#Canada#CA#CA##60#-96#CA#13331;1#Canada#CA#CA##60#-96#CA#13644;1#Canada#CA#CA##60#-96#CA#13960;1#Canada#CA#CA##60#-96#CA#14186;1#Canada#CA#CA##60#-96#CA#14480;1#Canada#CA#CA##60#-96#CA#14765;1#Canada#CA#CA##60#-96#CA#14993;1#Canada#CA#CA##60#-96#CA#15203;1#Canada#CA#CA##60#-96#CA#15528;1#Canada#CA#CA##60#-96#CA#15887;1#Canada#CA#CA##60#-96#CA#16528;1#Canada#CA#CA##60#-96#CA#16765;1#Canada#CA#CA##60#-96#CA#17153;1#Canada#CA#CA##60#-96#CA#17438;1#Canada#CA#CA##60#-96#CA#17544;1#Canada#CA#CA##60#-96#CA#17606;1#Canada#CA#CA##60#-96#CA#17747;1#Canada#CA#CA##60#-96#CA#19477;4#Winnipeg, Manitoba, Canada#CA#CA03#12577#49.8833#-97.1667#-576096#127;4#Winnipeg, Manitoba, Canada#CA#CA03#12577#49.8833#-97.1667#-576096#353;4#Winnipeg, Manitoba, Canada#CA#CA03#12577#49.8833#-97.1667#-576096#565;4#Winnipeg, Manitoba, Canada#CA#CA03#12577#49.8833#-97.1667#-576096#791;4#Winnipeg, Manitoba, Canada#CA#CA03#12577#49.8833#-97.1667#-576096#826;4#Winnipeg, Manitoba, Canada#CA#CA03#12577#49.8833#-97.1667#-576096#1043;4#Winnipeg, Manitoba, Canada#CA#CA03#12577#49.8833#-97.1667#-576096#1211;4#Winnipeg, Manitoba, Canada#CA#CA03#12577#49.8833#-97.1667#-576096#1468;4#Winnipeg, Manitoba, Canada#CA#CA03#12577#49.8833#-97.1667#-576096#1620;4#Winnipeg, Manitoba, Canada#CA#CA03#12577#49.8833#-97.1667#-576096#1846;4#Winnipeg, Manitoba, Canada#CA#CA03#12577#49.8833#-97.1667#-576096#2025;4#Winnipeg, Manitoba, Canada#CA#CA03#12577#49.8833#-97.1667#-576096#2176;4#Winnipeg, Manitoba, Canada#CA#CA03#12577#49.8833#-97.1667#-576096#2402;4#Winnipeg, Manitoba, Canada#CA#CA03#12577#49.8833#-97.1667#-576096#2593;4#Winnipeg, Manitoba, Canada#CA#CA03#12577#49.8833#-97.1667#-576096#2931;4#Winnipeg, Manitoba, Canada#CA#CA03#12577#49.8833#-97.1667#-576096#3283;4#Winnipeg, Manitoba, Canada#CA#CA03#12577#49.8833#-97.1667#-576096#3439;4#Winnipeg, Manitoba, Canada#CA#CA03#12577#49.8833#-97.1667#-576096#3634;4#Winnipeg, Manitoba, Canada#CA#CA03#12577#49.8833#-97.1667#-576096#3706;4#Winnipeg, Manitoba, Canada#CA#CA03#12577#49.8833#-97.1667#-576096#3930;4#Winnipeg, Manitoba, Canada#CA#CA03#12577#49.8833#-97.1667#-576096#4000;4#Winnipeg, Manitoba, Canada#CA#CA03#12577#49.8833#-97.1667#-576096#4221;4#Winnipeg, Manitoba, Canada#CA#CA03#12577#49.8833#-97.1667#-576096#4293;4#Winnipeg, Manitoba, Canada#CA#CA03#12577#49.8833#-97.1667#-576096#4517;4#Winnipeg, Manitoba, Canada#CA#CA03#12577#49.8833#-97.1667#-576096#4594;4#Winnipeg, Manitoba, Canada#CA#CA03#12577#49.8833#-97.1667#-576096#4811;4#Winnipeg, Manitoba, Canada#CA#CA03#12577#49.8833#-97.1667#-576096#4970;4#Winnipeg, Manitoba, Canada#CA#CA03#12577#49.8833#-97.1667#-576096#5259;4#Winnipeg, Manitoba, Canada#CA#CA03#12577#49.8833#-97.1667#-576096#5486;4#Winnipeg, Manitoba, Canada#CA#CA03#12577#49.8833#-97.1667#-576096#5506;4#Winnipeg, Manitoba, Canada#CA#CA03#12577#49.8833#-97.1667#-576096#5732;4#Winnipeg, Manitoba, Canada#CA#CA03#12577#49.8833#-97.1667#-576096#5865;4#Winnipeg, Manitoba, Canada#CA#CA03#12577#49.8833#-97.1667#-576096#6035;4#Winnipeg, Manitoba, Canada#CA#CA03#12577#49.8833#-97.1667#-576096#6265;4#Winnipeg, Manitoba, Canada#CA#CA03#12577#49.8833#-97.1667#-576096#6399;4#Winnipeg, Manitoba, Canada#CA#CA03#12577#49.8833#-97.1667#-576096#6623;4#Winnipeg, Manitoba, Canada#CA#CA03#12577#49.8833#-97.1667#-576096#6853;4#Winnipeg, Manitoba, Canada#CA#CA03#12577#49.8833#-97.1667#-576096#6931;4#Winnipeg, Manitoba, Canada#CA#CA03#12577#49.8833#-97.1667#-576096#7158;4#Winnipeg, Manitoba, Canada#CA#CA03#12577#49.8833#-97.1667#-576096#7233;4#Winnipeg, Manitoba, Canada#CA#CA03#12577#49.8833#-97.1667#-576096#7459;4#Winnipeg, Manitoba, Canada#CA#CA03#12577#49.8833#-97.1667#-576096#7680;4#Winnipeg, Manitoba, Canada#CA#CA03#12577#49.8833#-97.1667#-576096#7840;4#Winnipeg, Manitoba, Canada#CA#CA03#12577#49.8833#-97.1667#-576096#8035;4#Winnipeg, Manitoba, Canada#CA#CA03#12577#49.8833#-97.1667#-576096#8118;4#Winnipeg, Manitoba, Canada#CA#CA03#12577#49.8833#-97.1667#-576096#8345;4#Winnipeg, Manitoba, Canada#CA#CA03#12577#49.8833#-97.1667#-576096#8473;4#Winnipeg, Manitoba, Canada#CA#CA03#12577#49.8833#-97.1667#-576096#8822;4#Winnipeg, Manitoba, Canada#CA#CA03#12577#49.8833#-97.1667#-576096#9220;4#Winnipeg, Manitoba, Canada#CA#CA03#12577#49.8833#-97.1667#-576096#9477;4#Winnipeg, Manitoba, Canada#CA#CA03#12577#49.8833#-97.1667#-576096#9627;4#Winnipeg, Manitoba, Canada#CA#CA03#12577#49.8833#-97.1667#-576096#9928;4#Winnipeg, Manitoba, Canada#CA#CA03#12577#49.8833#-97.1667#-576096#10000;4#Winnipeg, Manitoba, Canada#CA#CA03#12577#49.8833#-97.1667#-576096#10195;4#Winnipeg, Manitoba, Canada#CA#CA03#12577#49.8833#-97.1667#-576096#10372;4#Winnipeg, Manitoba, Canada#CA#CA03#12577#49.8833#-97.1667#-576096#10524;4#Winnipeg, Manitoba, Canada#CA#CA03#12577#49.8833#-97.1667#-576096#10746;4#Winnipeg, Manitoba, Canada#CA#CA03#12577#49.8833#-97.1667#-576096#10825;4#Winnipeg, Manitoba, Canada#CA#CA03#12577#49.8833#-97.1667#-576096#11053;4#Winnipeg, Manitoba, Canada#CA#CA03#12577#49.8833#-97.1667#-576096#11221;4#Winnipeg, Manitoba, Canada#CA#CA03#12577#49.8833#-97.1667#-576096#11374;4#Winnipeg, Manitoba, Canada#CA#CA03#12577#49.8833#-97.1667#-576096#11595;4#Winnipeg, Manitoba, Canada#CA#CA03#12577#49.8833#-97.1667#-576096#11752;4#Winnipeg, Manitoba, Canada#CA#CA03#12577#49.8833#-97.1667#-576096#12016;4#Winnipeg, Manitoba, Canada#CA#CA03#12577#49.8833#-97.1667#-576096#12321;4#Winnipeg, Manitoba, Canada#CA#CA03#12577#49.8833#-97.1667#-576096#12341;4#Winnipeg, Manitoba, Canada#CA#CA03#12577#49.8833#-97.1667#-576096#12527;4#Winnipeg, Manitoba, Canada#CA#CA03#12577#49.8833#-97.1667#-576096#12701;4#Winnipeg, Manitoba, Canada#CA#CA03#12577#49.8833#-97.1667#-576096#12966;4#Winnipeg, Manitoba, Canada#CA#CA03#12577#49.8833#-97.1667#-576096#13323;4#Winnipeg, Manitoba, Canada#CA#CA03#12577#49.8833#-97.1667#-576096#13636;4#Winnipeg, Manitoba, Canada#CA#CA03#12577#49.8833#-97.1667#-576096#13952;4#Winnipeg, Manitoba, Canada#CA#CA03#12577#49.8833#-97.1667#-576096#14178;4#Winnipeg, Manitoba, Canada#CA#CA03#12577#49.8833#-97.1667#-576096#14472;4#Winnipeg, Manitoba, Canada#CA#CA03#12577#49.8833#-97.1667#-576096#14757;4#Winnipeg, Manitoba, Canada#CA#CA03#12577#49.8833#-97.1667#-576096#14985;4#Winnipeg, Manitoba, Canada#CA#CA03#12577#49.8833#-97.1667#-576096#15195;4#Winnipeg, Manitoba, Canada#CA#CA03#12577#49.8833#-97.1667#-576096#15520;4#Winnipeg, Manitoba, Canada#CA#CA03#12577#49.8833#-97.1667#-576096#15879;4#Winnipeg, Manitoba, Canada#CA#CA03#12577#49.8833#-97.1667#-576096#16757;4#Winnipeg, Manitoba, Canada#CA#CA03#12577#49.8833#-97.1667#-576096#17430;4#Winnipeg, Manitoba, Canada#CA#CA03#12577#49.8833#-97.1667#-576096#17536;4#Winnipeg, Manitoba, Canada#CA#CA03#12577#49.8833#-97.1667#-576096#17598;4#Winnipeg, Manitoba, Canada#CA#CA03#12577#49.8833#-97.1667#-576096#19469;3#Los Angeles, California, United States#US#USCA#CA037#34.0522#-118.244#1662328#245;3#Los Angeles, California, United States#US#USCA#CA037#34.0522#-118.244#1662328#693;3#Los Angeles, California, United States#US#USCA#CA037#34.0522#-118.244#1662328#993;3#Los Angeles, California, United States#US#USCA#CA037#34.0522#-118.244#1662328#1252;3#Los Angeles, California, United States#US#USCA#CA037#34.0522#-118.244#1662328#1509;3#Los Angeles, California, United States#US#USCA#CA037#34.0522#-118.244#1662328#1796;3#Los Angeles, California, United States#US#USCA#CA037#34.0522#-118.244#1662328#2066;3#Los Angeles, California, United States#US#USCA#CA037#34.0522#-118.244#1662328#2352;3#Los Angeles, California, United States#US#USCA#CA037#34.0522#-118.244#1662328#2634;3#Los Angeles, California, United States#US#USCA#CA037#34.0522#-118.244#1662328#3324;3#Los Angeles, California, United States#US#USCA#CA037#34.0522#-118.244#1662328#3584;3#Los Angeles, California, United States#US#USCA#CA037#34.0522#-118.244#1662328#3880;3#Los Angeles, California, United States#US#USCA#CA037#34.0522#-118.244#1662328#4171;3#Los Angeles, California, United States#US#USCA#CA037#34.0522#-118.244#1662328#4418;3#Los Angeles, California, United States#US#USCA#CA037#34.0522#-118.244#1662328#4467;3#Los Angeles, California, United States#US#USCA#CA037#34.0522#-118.244#1662328#4761;3#Los Angeles, California, United States#US#USCA#CA037#34.0522#-118.244#1662328#5095;3#Los Angeles, California, United States#US#USCA#CA037#34.0522#-118.244#1662328#5377;3#Los Angeles, California, United States#US#USCA#CA037#34.0522#-118.244#1662328#5682;3#Los Angeles, California, United States#US#USCA#CA037#34.0522#-118.244#1662328#6215;3#Los Angeles, California, United States#US#USCA#CA037#34.0522#-118.244#1662328#6518;3#Los Angeles, California, United States#US#USCA#CA037#34.0522#-118.244#1662328#6803;3#Los Angeles, California, United States#US#USCA#CA037#34.0522#-118.244#1662328#7108;3#Los Angeles, California, United States#US#USCA#CA037#34.0522#-118.244#1662328#7409;3#Los Angeles, California, United States#US#USCA#CA037#34.0522#-118.244#1662328#7721;3#Los Angeles, California, United States#US#USCA#CA037#34.0522#-118.244#1662328#7985;3#Los Angeles, California, United States#US#USCA#CA037#34.0522#-118.244#1662328#8295;3#Los Angeles, California, United States#US#USCA#CA037#34.0522#-118.244#1662328#8596;3#Los Angeles, California, United States#US#USCA#CA037#34.0522#-118.244#1662328#8863;3#Los Angeles, California, United States#US#USCA#CA037#34.0522#-118.244#1662328#9261;3#Los Angeles, California, United States#US#USCA#CA037#34.0522#-118.244#1662328#9878;3#Los Angeles, California, United States#US#USCA#CA037#34.0522#-118.244#1662328#10145;3#Los Angeles, California, United States#US#USCA#CA037#34.0522#-118.244#1662328#10413;3#Los Angeles, California, United States#US#USCA#CA037#34.0522#-118.244#1662328#10696;3#Los Angeles, California, United States#US#USCA#CA037#34.0522#-118.244#1662328#11003;3#Los Angeles, California, United States#US#USCA#CA037#34.0522#-118.244#1662328#11262;3#Los Angeles, California, United States#US#USCA#CA037#34.0522#-118.244#1662328#11545;3#Los Angeles, California, United States#US#USCA#CA037#34.0522#-118.244#1662328#12209;3#Los Angeles, California, United States#US#USCA#CA037#34.0522#-118.244#1662328#12477;3#Los Angeles, California, United States#US#USCA#CA037#34.0522#-118.244#1662328#12742;3#Los Angeles, California, United States#US#USCA#CA037#34.0522#-118.244#1662328#13007;3#Los Angeles, California, United States#US#USCA#CA037#34.0522#-118.244#1662328#13364;3#Los Angeles, California, United States#US#USCA#CA037#34.0522#-118.244#1662328#15026;3#Los Angeles, California, United States#US#USCA#CA037#34.0522#-118.244#1662328#15313;3#Los Angeles, California, United States#US#USCA#CA037#34.0522#-118.244#1662328#15366","Cody Ceci,27;Cody Ceci,98;Winnipeg Jets,151;Vladislav Namestnikov,180;Jessie Alcheh,318;Darcy Kuemper,355;Winnipeg Jet Jonathan Toews,412;Getty Images,509;Darcy Kuemper,545;Brian Dumoulin,607;Winnipeg Jets,643;Alex Iafallo,666;Jessie Alcheh,820;Brian Dumoulin,857;Winnipeg Jets,893;Winnipeg Jets,922;Brad Lambert,942;Alex Laferriere,1006;Jessie Alcheh,1144;Brad Lambert,1183;Drew Doughty,1249;Winnipeg Jets,1338;Jessie Alcheh,1422;Drew Doughty,1457;Darcy Kuemper,1529;Winnipeg Jets,1622;Jessie Alcheh,1706;Darcy Kuemper,1742;Winnipeg Jets,1795;Mark Scheifele,1817;Mikey Anderson,1888;Jessie Alcheh,2026;Mark Scheifele,2067;Anze Kopitar,2129;Winnipeg Jets,2230;Jessie Alcheh,2314;Anze Kopitar,2345;Winnipeg Jets,2402;Jonathan Toews,2424;Trevor Moore,2487;Jessie Alcheh,2633;Jonathan Toews,2674;Adrian Kempe,2740;Winnipeg Jets,2850;Jessie Alcheh,2934;Adrian Kempe,2969;King Adrian Kempe,3031;Drew Doughty,3079;Joel Armia,3105;Anze Kopitar,3132;Mikey Anderson,3169;Winnipeg Jets,3252;Getty Images,3396;King Adrian Kempe,3423;Adrian Kempe,3498;Winnipeg Jets,3629;Jessie Alcheh,3713;Adrian Kempe,3748;Winnipeg Jets,3807;Neal Pionk,3829;Jessie Alcheh,4001;Neal Pionk,4042;Winnipeg Jets,4094;Brad Lambert,4114;Alex Laferriere,4179;Jessie Alcheh,4322;Brad Lambert,4361;Winnipeg Jets,4412;Gabriel Vilardi,4435;Cody Ceci,4501;Jessie Alcheh,4639;Gabriel Vilardi,4681;Winnipeg Jets,4731;Connor Hellebuyck,4760;Los Angeles Kings,4854;Jessie Alcheh,4938;Connor Hellebuyck,4986;Winnipeg Jets,5035;Cole Koepke,5057;Adrian Kempe,5101;Jessie Alcheh,5260;Cole Koepke,5301;Kevin Fiala,5360;Adrian Kempe,5418;Winnipeg Jets,5456;Vladislav Namestnikov,5485;Jessie Alcheh,5630;Kevin Fiala,5663;Quinton Byfield,5732;Winnipeg Jets,5778;Parker Ford,5797;Jessie Alcheh,5943;Quinton Byfield,5981;Winnipeg Jets,6041;Connor Hellebuyck,6070;Trevor Moore,6125;Jessie Alcheh,6272;Connor Hellebuyck,6320;King Alex Laferriere,6376;Mark Scheifele,6436;Getty Images,6546;King Alex Laferriere,6576;Winnipeg Jets,6621;Tanner Pearson,6646;Anze Kopitar,6691;Jessie Alcheh,6856;Tanner Pearson,6900;Kevin Fiala,6965;Winnipeg Jets,7018;Vladislav Namestnikov,7047;Jessie Alcheh,7186;Kevin Fiala,7219;Winnipeg Jets,7269;Josh Morrissey,7295;Andrei Kuzmenko,7346;Jessie Alcheh,7505;Josh Morrissey,7550;Winnipeg Jets,7604;Josh Morrissey,7630;Joel Armia,7697;Jessie Alcheh,7836;Josh Morrissey,7881;Winnipeg Jets,7931;Dylan Demelo,7955;Joel Armia,8018;Jessie Alcheh,8162;Dylan Demelo,8205;Adrian Kempe,8275;Joel Edmundson,8327;Winnipeg Jets,8416;Jessie Alcheh,8500;Adrian Kempe,8535;Winnipeg Jets,8596;Connor Hellebuyck,8625;Jessie Alcheh,8791;Connor Hellebuyck,8839;Winnipeg Jets,8894;Tanner Pearson,8919;Anze Kopitar,8959;Jessie Alcheh,9127;Tanner Pearson,9171;Kevin Fiala,9231;Winnipeg Jets,9284;Logan Stanley,9309;Jessie Alcheh,9454;Kevin Fiala,9487;Kevin Fiala,9551;Winnipeg Jets,9663;Jessie Alcheh,9747;Kevin Fiala,9780;Corey Perry,9851;Adrian Kempe,9910;Kevin Fiala,9947;Quinton Byfield,9995;Kevin Fiala,10028;Winnipeg Jets,10112;Jessie Alcheh,10196;Corey Perry,10230;King Kevin Fiala,10291;Winnipeg Jets,10390;Getty Images,10487;King Kevin Fiala,10513;Winnipeg Jets,10567;Gabriel Vilardi,10590;Brandt Clarke,10660;Jeff Malott,10697;Joel Edmundson,10754;Jessie Alcheh,10892;Gabriel Vilardi,10934;Winnipeg Jets,10984;Neal Pionk,11006;Jessie Alcheh,11178;Neal Pionk,11219;Darcy Kuemper,11288;Winnipeg Jets,11381;Jessie Alcheh,11465;Darcy Kuemper,11501;Winnipeg Jets,11554;Mark Scheifele,11576;Cody Ceci,11620;Jessie Alcheh,11780;Mark Scheifele,11821;Winnipeg Jets,11879;Mark Scheifele,11901;Mikey Anderson,11947;Jessie Alcheh,12116;Mark Scheifele,12157;Anze Kopitar,12225;Winnipeg Jets,12304;Jessie Alcheh,12388;Anze Kopitar,12419;Winnipeg Jets,12471;Adam Lowry,12489;Adrian Kempe,12559;Jessie Alcheh,12697;Adam Lowry,12734;King Corey Perry,12800;Winnipeg Jets,12883;Getty Images,13034;King Corey Perry,13060;Darcy Kuemper,13142;Winnipeg Jets,13193;Mark Scheifele,13215;Joel Edmundson,13260;Trevor Moore,13305;Jessie Alcheh,13451;Darcy Kuemper,13487;Winnipeg Jets,13552;Neal Pionk,13574;Jessie Alcheh,13737;Neal Pionk,13778;Darcy Kuemper,13848;Winnipeg Jets,13937;Jessie Alcheh,14021;Darcy Kuemper,14057;Adrian Kempe,14128;Winnipeg Jets,14229;Jessie Alcheh,14313;Adrian Kempe,14348;Drew Doughty,14414;Adrian Kempe,14469;Mikey Anderson,14516;Winnipeg Jets,14628;Jessie Alcheh,14712;Drew Doughty,14747;Drew Doughty,14831;Anze Kopitar,14903;Winnipeg Jets,14973;Getty Images,15070;Drew Doughty,15105;Drew Doughty,15191;Darcy Kuemper,15266;Winnipeg Jets,15330;Getty Images,15427;Drew Doughty,15462;King Joel Edmundson,15541;Winnipeg Jet Neal Pionk,15606;Getty Images,15727;King Joel Edmundson,15756;King Cody Ceci,15821;Darcy Kuemper,15875;Winnipeg Jets,15937;Getty Images,16034;King Cody Ceci,16058;Darcy Kuemper,16112;King Andrei Kuzmenko,16146;Phillip Danault,16176;Darcy Kuemper,16226;Winnipeg Jets,16286;Getty Images,16383;King Andrei Kuzmenko,16413;Phillip Danault,16443;Darcy Kuemper,16499;Winnipeg Jets,16564;Jessie Alcheh,16648;Darcy Kuemper,16684;Cody Ceci,16750;Winnipeg Jets,16803;Vladislav Namestnikov,16832;Jessie Alcheh,16970;Winnipeg Jets,17130;Western Conference,17335;New York Rangers,17389;Carolina Hurricanes,17462;Madison Square,17480;Jim Hiller,17855;Darcy Kuemper,17951;Kevin Fiala,18012;Adrian Kempe,18108;Drew Doughty,18152;Rob Blake,18182;Corey Perry,18278;Vezina Trophy,18364;Hart Trophy,18380;Adam Lowry,18455;Rob Blake,18841;Ryan Suter,20069;Brent Burns,20085;Jonathan Toews,20681;Chicago Blackhawks,20720;King Gabriel Vilardi,21507;Scott Arniel,21554;Dylan DeMelo,22016;Florida Panthers,22309",29,gkg_raw_archive_exact_name_deterministic_supplement,2026-08-03T22:38:28Z,Codex manual review,false,"URL subject is unrelated to the target club or the club appears only in incidental, standings, publisher-page, or related-content context",2026-08-03,URL subject and GKG AllNames context do not establish the club as a substantive article subject,20251106000000-959,20251106000000
4aa50c0d-909e-54f1-8d4c-f4d8bbf043b8,CHI-current,CHI,Q209636,Chicago Blackhawks,2025-02-24,https://editorinleaf.com/which-assets-should-be-untouchable-for-the-toronto-maple-leafs-01jj8mx8p4yd,editorinleaf.com,"4#Toronto, Ontario, Canada#CA#CA08#12686#43.6667#-79.4167#-574890#11;4#Toronto, Ontario, Canada#CA#CA08#12686#43.6667#-79.4167#-574890#386","Toronto Maple Leafs,24;John Tavares,220;Mitch Marner,238;Matthew Knies,261;Stanley Cup,350;Toronto Maple Leafs,406;General Manager Brad Treliving,480;Wayne Gretzky,745;Maple Leafs,1411;Chicago Blackhawks,2376;Maple Leafs,3242;Joseph Woll,3501;Anthony Stolarz,3521",30,gkg_raw_archive_exact_name_deterministic_supplement,2026-08-03T22:38:28Z,Codex manual review,false,"URL subject is unrelated to the target club or the club appears only in incidental, standings, publisher-page, or related-content context",2026-08-03,URL subject and GKG AllNames context do not establish the club as a substantive article subject,20250224180000-272,20250224180000
aa73132b-733f-540a-a37a-480bd4ce6562,CHI-current,CHI,Q209636,Chicago Blackhawks,2025-11-29,https://www.640wxsm.com/2025/11/28/predators-hand-blackhawks-fifth-consecutive-defeat/,640wxsm.com,"3#Chicago, Illinois, United States#US#USIL#IL031#41.85#-87.6501#423587#11;3#Chicago, Illinois, United States#US#USIL#IL031#41.85#-87.6501#423587#999;3#Chicago, Illinois, United States#US#USIL#IL031#41.85#-87.6501#423587#1544;3#Chicago, Illinois, United States#US#USIL#IL031#41.85#-87.6501#423587#1782;3#Chicago, Illinois, United States#US#USIL#IL031#41.85#-87.6501#423587#2297","Chicago Blackhawks,23;Nashville Predators,77;Steven Stamkos,156;Luke Evangelista,178;Ryan O'Reilly,201;Jusse Saros,235;Ryan Donato,329;Ryan Greene,346;Teuvo Teravainen,372;Brady Skjei,689;Ozzy Wiesblatt,1279",31,gkg_raw_archive_exact_name_deterministic_supplement,2026-08-03T22:38:28Z,Codex manual review,true,,2026-08-03,URL subject and GKG AllNames context establish a substantive article-context reference to the registered NHL club,20251129060000-22,20251129060000
bff756d5-7763-5b5e-93ea-d01830c529c5,CHI-current,CHI,Q209636,Chicago Blackhawks,2025-11-06,https://www.pasadenastarnews.com/2025/11/05/first-place-ducks-take-4-game-winning-streak-on-the-road/,pasadenastarnews.com,"2#Florida, United States#US#USFL##27.8333#-81.717#FL#857;3#Philadelphia, Pennsylvania, United States#US#USPA#PA101#39.9523#-75.1638#1209052#2366;1#Jersey#JE#JE##49.216667#-2.116667#JE#990","Joel Quenneville,40;Golden Knights,263;Dallas Eakins,604;Florida Panthers,946;New Jersey Devils,1088;Detroit Red,1104;Nikita Nesterenko,1210;Western Conference,1576;Chicago Blackhawks,1614;Leo Carlsson,2365;Trevor Zegras,2509;Philadelphia Flyer,2574;Beckett Sennecke,2787;New York Rangers,3004;Chris Kreider,3023;Jacob Trouba,3040;Mikko Rantanen,3389;Mitch Marner,3442;American Airlines Center,3532",32,gkg_raw_archive_exact_name_deterministic_supplement,2026-08-03T22:38:28Z,Codex manual review,false,"URL subject is unrelated to the target club or the club appears only in incidental, standings, publisher-page, or related-content context",2026-08-03,URL subject and GKG AllNames context do not establish the club as a substantive article subject,20251106000000-1426,20251106000000
8c03edaf-869a-562e-aef6-989af3980192,CHI-current,CHI,Q209636,Chicago Blackhawks,2025-11-06,https://www.el-balad.com/6757351,el-balad.com,"4#Vancouver, British Columbia, Canada#CA#CA02#12552#49.25#-123.133#-575268#143;4#Vancouver, British Columbia, Canada#CA#CA02#12552#49.25#-123.133#-575268#756;4#Vancouver, British Columbia, Canada#CA#CA02#12552#49.25#-123.133#-575268#1066;4#Vancouver, British Columbia, Canada#CA#CA02#12552#49.25#-123.133#-575268#1394","Connor Bedard,14;Chicago Blackhawks,66;Vancouver Canucks,1373",33,gkg_raw_archive_exact_name_deterministic_supplement,2026-08-03T22:38:28Z,Codex manual review,true,,2026-08-03,URL subject and GKG AllNames context establish a substantive article-context reference to the registered NHL club,20251106060000-750,20251106060000
e59cfb57-8d09-58b6-b16d-9a02985610b1,CHI-current,CHI,Q209636,Chicago Blackhawks,2025-01-29,https://969thegame.iheart.com/content/2025-01-29-lightning-open-homestand-with-loss-to-blackhawks/,iheart.com,"3#Chicago, Illinois, United States#US#USIL#IL031#41.85#-87.6501#423587#11;3#Chicago, Illinois, United States#US#USIL#IL031#41.85#-87.6501#423587#262;3#Los Angeles, California, United States#US#USCA#CA037#34.0522#-118.244#1662328#544","Chicago Blackhawks,23;Tampa Bay Lightning,72;Brayden Point,220;Andrei Vasilevskiy,390;Jonas Johansson,450;Los Angeles Kings,572",34,gkg_raw_archive_exact_name_deterministic_supplement,2026-08-03T22:38:28Z,Codex manual review,true,,2026-08-03,URL subject and GKG AllNames context establish a substantive article-context reference to the registered NHL club,20250129120000-1037,20250129120000
4fab5d63-335e-5229-8622-7354e6ae7130,CHI-current,CHI,Q209636,Chicago Blackhawks,2026-01-24,https://991wqik.iheart.com/content/2026-01-24-lightning-beat-blackhawks-in-shootout/,iheart.com,"3#Chicago, Illinois, United States#US#USIL#IL031#41.85#-87.6501#423587#49;3#Chicago, Illinois, United States#US#USIL#IL031#41.85#-87.6501#423587#146;3#Chicago, Illinois, United States#US#USIL#IL031#41.85#-87.6501#423587#303;3#Chicago, Illinois, United States#US#USIL#IL031#41.85#-87.6501#423587#869","Tampa Bay Lightning,24;Chicago Blackhawks,72;United Center,148;Gage Goncalves,593;Dominic James,712;Tampa Bay,837;Arvid Soderblom,864;Blue Jackets,1007;Blue Jackets,1077",35,gkg_raw_archive_exact_name_deterministic_supplement,2026-08-03T22:38:28Z,Codex manual review,true,,2026-08-03,URL subject and GKG AllNames context establish a substantive article-context reference to the registered NHL club,20260124150000-234,20260124150000
529b14a8-3ea9-5c90-9955-4b8b01312896,CHI-current,CHI,Q209636,Chicago Blackhawks,2025-11-29,https://www.joxfm.com/2025/11/28/predators-hand-blackhawks-fifth-consecutive-defeat/,joxfm.com,"3#Chicago, Illinois, United States#US#USIL#IL031#41.85#-87.6501#423587#11;3#Chicago, Illinois, United States#US#USIL#IL031#41.85#-87.6501#423587#999;3#Chicago, Illinois, United States#US#USIL#IL031#41.85#-87.6501#423587#1544;3#Chicago, Illinois, United States#US#USIL#IL031#41.85#-87.6501#423587#1782;3#Chicago, Illinois, United States#US#USIL#IL031#41.85#-87.6501#423587#2297","Chicago Blackhawks,23;Nashville Predators,77;Steven Stamkos,156;Luke Evangelista,178;Ryan O'Reilly,201;Jusse Saros,235;Ryan Donato,329;Ryan Greene,346;Teuvo Teravainen,372;Brady Skjei,689;Ozzy Wiesblatt,1279",36,gkg_raw_archive_exact_name_deterministic_supplement,2026-08-03T22:38:28Z,Codex manual review,true,,2026-08-03,URL subject and GKG AllNames context establish a substantive article-context reference to the registered NHL club,20251129060000-544,20251129060000
d008c690-5a5b-5008-96e9-b29f67111034,CHI-current,CHI,Q209636,Chicago Blackhawks,2025-01-29,https://www.bignewsnetwork.com/news/274997873/nhl-roundup-tage-thompson-jj-peterka-post-hat-tricks-in-sabres-win,bignewsnetwork.com,"3#Chicago, Illinois, United States#US#USIL#IL031#41.85#-87.6501#423587#2216;3#Chicago, Illinois, United States#US#USIL#IL031#41.85#-87.6501#423587#2461;3#Chicago, Illinois, United States#US#USIL#IL031#41.85#-87.6501#423587#3371;3#Taylor Hall, Illinois, United States#US#USIL#IL057#40.5281#-90.0729#1773458#3271;2#Colorado, United States#US#USCO##39.0646#-105.327#CO#3408;2#Colorado, United States#US#USCO##39.0646#-105.327#CO#4561;4#Montreal, Quebec, Canada#CA#CA10#12713#45.5#-73.5833#-569541#1752;4#Montreal, Quebec, Canada#CA#CA10#12713#45.5#-73.5833#-569541#2058;3#Elmont, New York, United States#US#USNY#NY059#40.7009#-73.7129#949582#4571;3#Seattle, Washington, United States#US#USWA#WA033#47.6062#-122.332#1512650#5003;3#Seattle, Washington, United States#US#USWA#WA033#47.6062#-122.332#1512650#5369;3#Dallas, Texas, United States#US#USTX#TX113#32.7831#-96.8067#1380944#938;3#Dallas, Texas, United States#US#USTX#TX113#32.7831#-96.8067#1380944#1326;2#Washington, United States#US#USWA##47.3917#-121.571#WA#3821;2#Washington, United States#US#USWA##47.3917#-121.571#WA#3942;2#New York, United States#US#USNY##42.1497#-74.9384#NY#3040;2#New York, United States#US#USNY##42.1497#-74.9384#NY#3597;2#New York, United States#US#USNY##42.1497#-74.9384#NY#4483;3#Boston, Massachusetts, United States#US#USMA#MA025#42.3584#-71.0598#617565#172;3#Boston, Massachusetts, United States#US#USMA#MA025#42.3584#-71.0598#617565#742;1#American#US#US##39.828175#-98.5795#US#2348;4#Winnipeg, Manitoba, Canada#CA#CA03#12577#49.8833#-97.1667#-576096#1683;4#Winnipeg, Manitoba, Canada#CA#CA03#12577#49.8833#-97.1667#-576096#1954;4#Winnipeg, Manitoba, Canada#CA#CA03#12577#49.8833#-97.1667#-576096#4129","Imagn Images,52;Buffalo Sabres,151;Boston Bruins,199;Dylan Cozens,545;Ukko-Pekka Luukkonen,591;Brad Marchand,717;Jeremy Swayman,755;Golden Knights,866;Roope Hintz,1232;Mavrik Bourque,1377;Tomas Hertl,1414;Jack Eichel,1482;Pavel Dorofeyev,1502;Mark Stone,1547;Golden Knights,1617;Gabriel Vilardi,1739;Rasmus Kupari,1890;Connor Hellebuyck,1936;Western Conference,2085;Eastern Conference,2355;American Hockey League,2456;Ryan Donato,2683;Teuvo Teravainen,2714;Jonas Johansson,2859;Andrei Vasilevskiy,2897;Andrei Svechnikov,3019;Mikko Rantanen,3454;Chicago Blackhawks,3533;Colorado Avalanche,3556;New York,3760;Igor Shesterkin,3783;Luc Dubois,4057;Dylan Strome,4075;Aliaksei Protas,4095;Winnipeg Jets,4334;Western Conference,4572;New York,4703;Alexander Romanov,4857;Jack Drury,5014;Mackenzie Blackwood,5108;Jackson LaCombe,5301;Frank Vatrano,5319;Troy Terry,5364;Cutter Gauthier,5384;Lukas Dostal,5503;Mitchell Stephens,5557;Jaden Schwartz,5577;Shane Wright,5594;Brandon Montour,5621;Field Level,5804",37,gkg_raw_archive_exact_name_deterministic_supplement,2026-08-03T22:38:28Z,Codex manual review,false,"URL subject is unrelated to the target club or the club appears only in incidental, standings, publisher-page, or related-content context",2026-08-03,URL subject and GKG AllNames context do not establish the club as a substantive article subject,20250129090000-1004,20250129090000
b2aa5670-b6d1-5486-90a2-557b312cb61c,CHI-current,CHI,Q209636,Chicago Blackhawks,2025-01-12,https://1070thegame.iheart.com/content/2025-01-12-flames-vs-blackhawks-prediction-picks-january-13/,iheart.com,"3#Los Angeles, California, United States#US#USCA#CA037#34.0522#-118.244#1662328#66;3#Chicago, Illinois, United States#US#USIL#IL031#41.85#-87.6501#423587#107;3#Chicago, Illinois, United States#US#USIL#IL031#41.85#-87.6501#423587#1893;3#Chicago, Illinois, United States#US#USIL#IL031#41.85#-87.6501#423587#2098;3#Chicago, Illinois, United States#US#USIL#IL031#41.85#-87.6501#423587#2314;3#Chicago, Illinois, United States#US#USIL#IL031#41.85#-87.6501#423587#2475","Calgary Flames,19;Los Angeles Kings,95;Chicago Blackhawks,129;United Center,162;Edmonton Oilers,263",38,gkg_raw_archive_exact_name_deterministic_supplement,2026-08-03T22:38:28Z,Codex manual review,true,,2026-08-03,URL subject and GKG AllNames context establish a substantive article-context reference to the registered NHL club,20250112210000-65,20250112210000
50264df5-0246-5c24-9393-5ca4bcb42ddd,CHI-current,CHI,Q209636,Chicago Blackhawks,2025-04-03,https://www.kjct8.com/2025/04/03/avalanche-rally-force-ot-beat-blackhawks-3-2-so/,kjct8.com,"2#Colorado, United States#US#USCO##39.0646#-105.327#CO#155;2#Colorado, United States#US#USCO##39.0646#-105.327#CO#514;2#Colorado, United States#US#USCO##39.0646#-105.327#CO#900;2#Colorado, United States#US#USCO##39.0646#-105.327#CO#1024;3#Chicago, Illinois, United States#US#USIL#IL031#41.85#-87.6501#423587#7;3#Chicago, Illinois, United States#US#USIL#IL031#41.85#-87.6501#423587#191;3#Chicago, Illinois, United States#US#USIL#IL031#41.85#-87.6501#423587#265;3#Chicago, Illinois, United States#US#USIL#IL031#41.85#-87.6501#423587#562;3#Chicago, Illinois, United States#US#USIL#IL031#41.85#-87.6501#423587#752;3#Chicago, Illinois, United States#US#USIL#IL031#41.85#-87.6501#423587#940","Martin Necas,33;Nathan MacKinnon,84;Artturi Lehkonen,105;Colorado Avalanche,157;Chicago Blackhawks,202;Connor Murphy,610",39,gkg_raw_archive_exact_name_deterministic_supplement,2026-08-03T22:38:28Z,Codex manual review,true,,2026-08-03,URL subject and GKG AllNames context establish a substantive article-context reference to the registered NHL club,20250403060000-383,20250403060000
5794ba13-c0d6-5f80-9bce-11dea77dbe6c,CHI-current,CHI,Q209636,Chicago Blackhawks,2025-11-06,https://www.tsn.ca/nhl/article/kadri-scores-in-1000th-career-game-as-flames-topple-blue-jackets/,tsn.ca,"4#Calgary, Alberta, Canada#CA#CA01#12549#51.0833#-114.083#-561990#7;4#Calgary, Alberta, Canada#CA#CA01#12549#51.0833#-114.083#-561990#118;4#Calgary, Alberta, Canada#CA#CA01#12549#51.0833#-114.083#-561990#297;4#Calgary, Alberta, Canada#CA#CA01#12549#51.0833#-114.083#-561990#826;4#Calgary, Alberta, Canada#CA#CA01#12549#51.0833#-114.083#-561990#1916;1#Canadian#CA#CA##60#-96#CA#2537;1#Canadian#CA#CA##60#-96#CA#2597","Nazem Kadri,24;Calgary Flames,119;Columbus Blue,171;Blake Coleman,213;Adam Klapka,230;Mikael Backlund,255;Blue Jackets,566;Jet Greaves,738;Jonathan Huberdeau,1047;Yan Kuznetsov,1719;Zayne Parekh,1943;Joel Farabee,2131;Martin Gelinas,2515;Vancouver Canucks,2587;Chicago Blackhawks,2639;Canadian Press,2685",40,gkg_raw_archive_exact_name_deterministic_supplement,2026-08-03T22:38:28Z,Codex manual review,false,"URL subject is unrelated to the target club or the club appears only in incidental, standings, publisher-page, or related-content context",2026-08-03,URL subject and GKG AllNames context do not establish the club as a substantive article subject,20251106150000-420,20251106150000
fff8d63b-62f1-5954-8934-7b5bd7ab146a,CHI-current,CHI,Q209636,Chicago Blackhawks,2026-04-10,https://foxsports1070.iheart.com/content/2026-04-10-blues-vs-blackhawks-prediction-picks-april-11/,iheart.com,"3#Chicago, Illinois, United States#US#USIL#IL031#41.85#-87.6501#423587#11;3#Chicago, Illinois, United States#US#USIL#IL031#41.85#-87.6501#423587#1676;3#Chicago, Illinois, United States#US#USIL#IL031#41.85#-87.6501#423587#1868;3#Chicago, Illinois, United States#US#USIL#IL031#41.85#-87.6501#423587#2082;3#Chicago, Illinois, United States#US#USIL#IL031#41.85#-87.6501#423587#2246","Chicago Blackhawks,23;Louis Blues,109;United Center,142;Hockey Night,262",41,gkg_raw_archive_exact_name_deterministic_supplement,2026-08-03T22:38:28Z,Codex manual review,true,,2026-08-03,URL subject and GKG AllNames context establish a substantive article-context reference to the registered NHL club,20260410180000-1116,20260410180000
3bb6bfd8-bc62-58ae-b87c-2420085f9d6f,NSH-current,NSH,Q207980,Nashville Predators,2025-03-31,https://790louisville.iheart.com/content/2025-03-31-flyers-vs-predators-time-tv-live-stream-3312025/,iheart.com,"3#Philadelphia, Pennsylvania, United States#US#USPA#PA101#39.9523#-75.1638#1209052#16;3#Philadelphia, Pennsylvania, United States#US#USPA#PA101#39.9523#-75.1638#1209052#102;3#Philadelphia, Pennsylvania, United States#US#USPA#PA101#39.9523#-75.1638#1209052#539;2#Pennsylvania, United States#US#USPA##40.5773#-77.264#PA#132;2#Pennsylvania, United States#US#USPA##40.5773#-77.264#PA#569","Philadelphia Flyers,24;Nashville Predators,68;Wells Fargo Center,176;Eastern Conference,280;Hockey Night,439;Wells Fargo,647",42,gkg_raw_archive_exact_name_deterministic_supplement,2026-08-03T22:38:28Z,Codex manual review,true,,2026-08-03,URL subject and GKG AllNames context establish a substantive article-context reference to the registered NHL club,20250331060000-319,20250331060000
a69bf36c-2f7b-5d62-a73e-5d0634050f43,NSH-current,NSH,Q207980,Nashville Predators,2026-03-22,http://www.californiatelegraph.com/news/278937195/slumping-jets-eager-to-reverse-course-in-matinee-vs-rangers,californiatelegraph.com,"4#Ottawa, Ontario, Canada#CA#CA08#12755#45.4167#-75.7#-570760#2302;4#Winnipeg, Manitoba, Canada#CA#CA03#12577#49.8833#-97.1667#-576096#59;4#Winnipeg, Manitoba, Canada#CA#CA03#12577#49.8833#-97.1667#-576096#391;4#Winnipeg, Manitoba, Canada#CA#CA03#12577#49.8833#-97.1667#-576096#752;4#Winnipeg, Manitoba, Canada#CA#CA03#12577#49.8833#-97.1667#-576096#1203;3#Boston, Massachusetts, United States#US#USMA#MA025#42.3584#-71.0598#617565#1069;3#Los Angeles, California, United States#US#USCA#CA037#34.0522#-118.244#1662328#1823;1#American#US#US##39.828175#-98.5795#US#2501;1#Jersey#JE#JE##49.216667#-2.116667#JE#1857;2#New York, United States#US#USNY##42.1497#-74.9384#NY#371;2#New York, United States#US#USNY##42.1497#-74.9384#NY#2145","Charles LeClaire-Imagn Images,49;Winnipeg Jets,71;Western Conference,282;New York,382;Josh Morrissey,704;Vancouver Canucks,775;Nashville Predators,910;Pittsburgh Penguins,1036;Morgan Barron,1266;Neal Pionk,1342;Brad Lambert,1359;Erik Karlsson,1463;Scott Arniel,1519;Los Angeles Kings,1965;New Jersey Devils,1988;Columbus Blue,2006;Jonathan Quick,2313;Dylan Garand,2375;Igor Shesterkin,2518;Spencer Martin,2590;American Hockey League,2670;Mike Sullivan,2977;Field Level,3122",43,gkg_raw_archive_exact_name_deterministic_supplement,2026-08-03T22:38:28Z,Codex manual review,false,"URL subject is unrelated to the target club or the club appears only in incidental, standings, publisher-page, or related-content context",2026-08-03,URL subject and GKG AllNames context do not establish the club as a substantive article subject,20260322150000-399,20260322150000
ce45eb52-5e61-5a85-b9dc-036cc63cc3d6,NSH-current,NSH,Q207980,Nashville Predators,2025-01-26,https://www.tsn.ca/anaheim-ducks-g-john-gibson-suffers-upper-body-injury-in-first-period-saturday-1.2242051,tsn.ca,,"John Gibson,61;Nashville Predators,171;Vegas Golden Knights,551;Jean-Sebastien Giguere,922",44,gkg_raw_archive_exact_name_deterministic_supplement,2026-08-03T22:38:28Z,Codex manual review,true,,2026-08-03,URL subject and GKG AllNames context establish a substantive article-context reference to the registered NHL club,20250126060000-460,20250126060000
478cb308-4fb8-51e8-bcf4-074049577f29,NSH-current,NSH,Q207980,Nashville Predators,2026-03-22,http://www.chinanationalnews.com/news/278935945/steven-stamkos-scores-twice-as-opportunistic-preds-best-golden-knights,chinanationalnews.com,1#American#US#US##39.828175#-98.5795#US#2191,"Steve Roberts-Imagn Images,46;Nashville Predators,126;Vegas Golden Knights,160;Tyson Jost,247;Shea Theodore,399;Golden Knights,440;Los Angeles,624;Slumping Vegas,706;Luke Evangelista,1242;Brendan Shanahan,1594;Golden Knights,1925;Juuse Saros,2273;Matt Murray,2342;American Hockey League,2409;Field Level,2463",45,gkg_raw_archive_exact_name_deterministic_supplement,2026-08-03T22:38:28Z,Codex manual review,true,,2026-08-03,URL subject and GKG AllNames context establish a substantive article-context reference to the registered NHL club,20260322000000-222,20260322000000
907d9325-a029-5dba-ba14-1d73864aba34,NSH-current,NSH,Q207980,Nashville Predators,2025-01-26,https://www.mercurynews.com/2025/01/25/florida-panthers-aleksander-barkov-san-jose-sharks-macklin-celebrini/,mercurynews.com,"2#Florida, United States#US#USFL##27.8333#-81.717#FL#105","Count Aleksander Barkov,38;Macklin Celebrini,71;Florida Panthers,112;Selke Trophy,146;San Jose Sharks,198;Amerant Bank,283;Stanley Cup,383;Bay Area News Group,567;Selke Trophy,1357;Paul Maurice,1729;Calder Trophy,2784;Jan Rutta,3208;Ryan Warsofsky,3284;Marc-Edouard Vlasic,3702;Henry Thrun,3718;Pittsburgh Penguins,3822;Forward Ty Dellandrea,3894;Nashville Predators,3948;Cole Smith,3967;Scott Sabourin,4443;Barclay Goodrow,4555",46,gkg_raw_archive_exact_name_deterministic_supplement,2026-08-03T22:38:28Z,Codex manual review,false,"URL subject is unrelated to the target club or the club appears only in incidental, standings, publisher-page, or related-content context",2026-08-03,URL subject and GKG AllNames context do not establish the club as a substantive article subject,20250126000000-403,20250126000000
2541e0ea-cb43-5042-a9cc-93e2ba066179,NSH-current,NSH,Q207980,Nashville Predators,2025-03-31,https://www.yardbarker.com/nhl/articles/predators_forward_suffers_injury_potentially_opening_door_for_former_no_15_overall_pick/s1_14825_41979721,yardbarker.com,"2#Tennessean, United States#US#USTN##35.7449#-86.7489#TN#265;3#Nashville, Tennessee, United States#US#USTN#TN037#36.1659#-86.7844#1652484#9;3#Nashville, Tennessee, United States#US#USTN#TN037#36.1659#-86.7844#1652484#239;3#Nashville, Tennessee, United States#US#USTN#TN037#36.1659#-86.7844#1652484#963","Nashville Predators,20;Colton Sissonssustained,52;Vegas Golden Knights,139;Alex Daughtery,217;Brett Howden,350;Nick Blankenburg,690;Andrew Brunette,782;Stanley Cup Finals,1113;Nick Kieser,1482",47,gkg_raw_archive_exact_name_deterministic_supplement,2026-08-03T22:38:28Z,Codex manual review,true,,2026-08-03,URL subject and GKG AllNames context establish a substantive article-context reference to the registered NHL club,20250331030000-332,20250331030000
1b858e5d-421f-5721-9748-f1fc02309940,NSH-current,NSH,Q207980,Nashville Predators,2025-01-26,https://www.redlandsdailyfacts.com/2025/01/25/ducks-offense-shows-up-again-in-dominant-win-over-streaking-nashville/,redlandsdailyfacts.com,,"Lukas Dostal,30;Lukas Dostal,101;Nashville Predators,147;Filip Forsberg,172;Isac Lundestrom,208;Alex Gallardo,359;Nashville Predators,385;Juuse Saros,408;Alex Gallardo,574;Juuse Saros,622;Nashville Predators,669;Luke Schenn,692;Leo Carlsson,759;Adam Wilsby,807;Alex Gallardo,959;Luke Schenn,1007;Trevor Zegras,1076;Nashville Predators,1126;Zachary L'Heureux,1154;Fedor Svechkov,1190;Alex Gallardo,1332;Trevor Zegras,1364;Nashville Predators,1429;Gustav Nyquist,1451;Alex Gallardo,1656;Gustav Nyquist,1703;Alex Killorn,1784;Nashville Predators,1834;Zachary L'Heureux,1862;Alex Gallardo,2004;Alex Killorn,2038;Lukas Dostal,2103;Nashville Predators,2149;Filip Forsberg,2174;Isac Lundestrom,2210;Alex Gallardo,2361;Nashville Predators,2588;Pavel Mintyukov,3107;Brett Leason,3137;Ryan O'Reilly,3393;Juuse Saros,3547;Jonathan Marchessault,3609;Greg Cronin,4095;Drew Helleson,5455;Roman Josi,6370;Alex Killorn,6442;Adam Wilsby,6511;Radko Gudas,7060;Jackson LaCombe,7156",48,gkg_raw_archive_exact_name_deterministic_supplement,2026-08-03T22:38:28Z,Codex manual review,true,,2026-08-03,URL subject and GKG AllNames context establish a substantive article-context reference to the registered NHL club,20250126120000-258,20250126120000
89157a24-24b8-5e18-bb63-8a9bf24ab7c1,NSH-current,NSH,Q207980,Nashville Predators,2024-11-08,https://www.tsn.ca/los-angeles-kings-tanner-jeannot-to-have-hearing-for-hit-on-boeser-1.2201985,tsn.ca,"3#Los Angeles, California, United States#US#USCA#CA037#34.0522#-118.244#1662328#11","Los Angeles Kings,18;Tanner Jeannot,41;Vancouver Canucks,133;Tampa Bay Lightning,843;Nashville Predators,1059",49,gkg_raw_archive_exact_name_deterministic_supplement,2026-08-03T22:38:28Z,Codex manual review,false,"URL subject is unrelated to the target club or the club appears only in incidental, standings, publisher-page, or related-content context",2026-08-03,URL subject and GKG AllNames context do not establish the club as a substantive article subject,20241108180000-318,20241108180000
843cc0f2-dcbf-5366-9299-001a4ed236a7,NSH-current,NSH,Q207980,Nashville Predators,2024-11-08,https://www.news-daily.com/fieldlevel/slumping-penguins-aim-to-slow-capitals-alex-ovechkin/article_b9243f7e-b6f9-5cff-994f-737ec2e9082a.html,news-daily.com,"1#Jersey#JE#JE##49.216667#-2.116667#JE#407;3#Washington, Washington, United States#US#USDC#DC001#38.8951#-77.0364#531871#80;3#Washington, Washington, United States#US#USDC#DC001#38.8951#-77.0364#531871#667;3#Washington, Washington, United States#US#USDC#DC001#38.8951#-77.0364#531871#1767","Washington Capitals,92;Pittsburgh Penguins,121;Nashville Predators,276;Metropolitan Division,334;Carolina Hurricanes,396;New Jersey,415;Alex Ovechkin,899;Dylan Strome,917;Aliaksei Protas,937;Nic Dowd,1484;Logan Thompson,1952;Vegas Golden Knights,1996;Erik Karlsson,2534;Buffalo Sabres,3032;Evgeni Malkin,3135;Sidney Crosby,3187;Montreal Canadiens,3538;Field Level,3591",50,gkg_raw_archive_exact_name_deterministic_supplement,2026-08-03T22:38:28Z,Codex manual review,false,"URL subject is unrelated to the target club or the club appears only in incidental, standings, publisher-page, or related-content context",2026-08-03,URL subject and GKG AllNames context do not establish the club as a substantive article subject,20241108120000-828,20241108120000
0589a130-bd0c-51e5-b7ed-1efef7fd457d,NSH-current,NSH,Q207980,Nashville Predators,2025-01-26,https://www.tsn.ca/jack-hughes-scores-in-ot-as-new-jersey-devils-edge-montreal-canadiens-1.2241990,tsn.ca,"4#Montreal, Quebec, Canada#CA#CA10#12713#45.5#-73.5833#-569541#8;4#Montreal, Quebec, Canada#CA#CA10#12713#45.5#-73.5833#-569541#115;4#Montreal, Quebec, Canada#CA#CA10#12713#45.5#-73.5833#-569541#272;4#Montreal, Quebec, Canada#CA#CA10#12713#45.5#-73.5833#-569541#993;4#Montreal, Quebec, Canada#CA#CA10#12713#45.5#-73.5833#-569541#1508;4#Quebec, Quebec, Canada#CA#CA10#12750#47.5#-72#-571850#1446;3#Philadelphia, Pennsylvania, United States#US#USPA#PA101#39.9523#-75.1638#1209052#1701;1#Czech#EZ#EZ##49.75#15#EZ#646;2#New Jersey, United States#US#USNJ##40.314#-74.5089#NJ#82;2#New Jersey, United States#US#USNJ##40.314#-74.5089#NJ#337;2#New Jersey, United States#US#USNJ##40.314#-74.5089#NJ#870;2#New Jersey, United States#US#USNJ##40.314#-74.5089#NJ#1168;4#Winnipeg, Manitoba, Canada#CA#CA03#12577#49.8833#-97.1667#-576096#1766;1#Swede#SW#SW##62#15#SW#829;1#Canadian#CA#CA##60#-96#CA#1821;1#Jersey#JE#JE##49.216667#-2.116667#JE#82;1#Jersey#JE#JE##49.216667#-2.116667#JE#337;1#Jersey#JE#JE##49.216667#-2.116667#JE#870;1#Jersey#JE#JE##49.216667#-2.116667#JE#1168","New Jersey Devils,76;Montreal Canadiens,120;Cole Caufield,469;Alexandre Carrier,491;New Jersey,932;Boston Bruins,967;Juraj Slafkovsky,1120;New Jersey,1259;Kaiden Guhle,1398;Quebec City,1547;Nashville Predators,1626;Bell Centre,1707;Philadelphia Flyers,1799;Winnipeg Jets,1847;Canadian Press,1894",51,gkg_raw_archive_exact_name_deterministic_supplement,2026-08-03T22:38:28Z,Codex manual review,false,"URL subject is unrelated to the target club or the club appears only in incidental, standings, publisher-page, or related-content context",2026-08-03,URL subject and GKG AllNames context do not establish the club as a substantive article subject,20250126060000-278,20250126060000
908d73b3-bb36-5e0b-bafa-46a5a44eb71c,NSH-current,NSH,Q207980,Nashville Predators,2026-03-22,http://www.newyorktelegraph.com/news/278937195/slumping-jets-eager-to-reverse-course-in-matinee-vs-rangers,newyorktelegraph.com,"1#American#US#US##39.828175#-98.5795#US#2501;4#Winnipeg, Manitoba, Canada#CA#CA03#12577#49.8833#-97.1667#-576096#59;4#Winnipeg, Manitoba, Canada#CA#CA03#12577#49.8833#-97.1667#-576096#391;4#Winnipeg, Manitoba, Canada#CA#CA03#12577#49.8833#-97.1667#-576096#752;4#Winnipeg, Manitoba, Canada#CA#CA03#12577#49.8833#-97.1667#-576096#1203;4#Ottawa, Ontario, Canada#CA#CA08#12755#45.4167#-75.7#-570760#2302;2#New York, United States#US#USNY##42.1497#-74.9384#NY#371;2#New York, United States#US#USNY##42.1497#-74.9384#NY#2145;1#Jersey#JE#JE##49.216667#-2.116667#JE#1857;3#Los Angeles, California, United States#US#USCA#CA037#34.0522#-118.244#1662328#1823;3#Boston, Massachusetts, United States#US#USMA#MA025#42.3584#-71.0598#617565#1069","Charles LeClaire-Imagn Images,49;Winnipeg Jets,71;Western Conference,282;New York,382;Josh Morrissey,704;Vancouver Canucks,775;Nashville Predators,910;Pittsburgh Penguins,1036;Morgan Barron,1266;Neal Pionk,1342;Brad Lambert,1359;Erik Karlsson,1463;Scott Arniel,1519;Los Angeles Kings,1965;New Jersey Devils,1988;Columbus Blue,2006;Jonathan Quick,2313;Dylan Garand,2375;Igor Shesterkin,2518;Spencer Martin,2590;American Hockey League,2670;Mike Sullivan,2977;Field Level,3122",52,gkg_raw_archive_exact_name_deterministic_supplement,2026-08-03T22:38:28Z,Codex manual review,false,"URL subject is unrelated to the target club or the club appears only in incidental, standings, publisher-page, or related-content context",2026-08-03,URL subject and GKG AllNames context do not establish the club as a substantive article subject,20260322120000-412,20260322120000
6834f2dd-9f53-5f1c-b33f-92128c18450b,NSH-current,NSH,Q207980,Nashville Predators,2025-02-23,https://www.allaboutthejersey.com/2025/2/23/24370868/new-jersey-devils-at-nashville-predators,allaboutthejersey.com,"1#Jersey#JE#JE##49.216667#-2.116667#JE#38;1#Jersey#JE#JE##49.216667#-2.116667#JE#423;1#Jersey#JE#JE##49.216667#-2.116667#JE#1609;1#Jersey#JE#JE##49.216667#-2.116667#JE#2028;1#Jersey#JE#JE##49.216667#-2.116667#JE#4239;1#Jersey#JE#JE##49.216667#-2.116667#JE#5396;1#Jersey#JE#JE##49.216667#-2.116667#JE#6000;1#Jersey#JE#JE##49.216667#-2.116667#JE#6375;3#Dallas, Texas, United States#US#USTX#TX113#32.7831#-96.8067#1380944#256;3#Dallas, Texas, United States#US#USTX#TX113#32.7831#-96.8067#1380944#2121;3#Dallas, Texas, United States#US#USTX#TX113#32.7831#-96.8067#1380944#2465;3#Dallas, Texas, United States#US#USTX#TX113#32.7831#-96.8067#1380944#5363;2#New Jersey, United States#US#USNJ##40.314#-74.5089#NJ#38;2#New Jersey, United States#US#USNJ##40.314#-74.5089#NJ#423;2#New Jersey, United States#US#USNJ##40.314#-74.5089#NJ#1609;2#New Jersey, United States#US#USNJ##40.314#-74.5089#NJ#2028;2#New Jersey, United States#US#USNJ##40.314#-74.5089#NJ#4239;2#New Jersey, United States#US#USNJ##40.314#-74.5089#NJ#5396;2#New Jersey, United States#US#USNJ##40.314#-74.5089#NJ#6000;2#New Jersey, United States#US#USNJ##40.314#-74.5089#NJ#6375;4#Montreal, Quebec, Canada#CA#CA10#12713#45.5#-73.5833#-569541#1996","New Jersey Devils,46;Devils Hockey,180;Last Devils Game,210;Dallas Stars,276;Casey DeSmith,525;Wyatt Johnston,786;Last Predators Game,931;Justin Barron,1002;Jonathan Marchessault,1028;Juuse Saros,1056;Natural Stat Trick,1144;Last Devils,1326;Justin Dowling,1520;Timo Meier,1595;Zachary L'Heureux,1627;Nashville Predators,1876;Amanda Stein,2152;Nico Daws,2235;Dallas Stars,2563;Amanda Stein,2620;Nick Kieser,2678;Justus Annunen,2790;Nick Kieser,3059;Central Division,3305;Filip Forsberg,4010;New Jersey,4413;Roman Josi,4547;Scoring Opportunities,5469;Finish This,5485;Casey DeSmith,5573;New Jersey,5606;Tomas Tatar,5738;Ondrej Palat,5755;Timo Meier,5810;Brett Pesce,5826;Dougie Hamilton,5969;New Jersey,6641",53,gkg_raw_archive_exact_name_deterministic_supplement,2026-08-03T22:38:28Z,Codex manual review,true,,2026-08-03,URL subject and GKG AllNames context establish a substantive article-context reference to the registered NHL club,20250223150000-498,20250223150000
56833e1c-77a9-58ce-9b79-35b0452ec3e7,NSH-current,NSH,Q207980,Nashville Predators,2024-11-08,https://www.tsn.ca/with-bitter-2016-blockbuster-behind-them-weber-and-poile-ready-to-enter-hhof-together-1.2201867,tsn.ca,"2#Utah, United States#US#USUT##40.1135#-111.854#UT#1975;4#Montreal, Quebec, Canada#CA#CA10#12713#45.5#-73.5833#-569541#349;4#Montreal, Quebec, Canada#CA#CA10#12713#45.5#-73.5833#-569541#1372;3#Philadelphia, Pennsylvania, United States#US#USPA#PA101#39.9523#-75.1638#1209052#1700;1#Jersey#JE#JE##49.216667#-2.116667#JE#2283","Shea Weber,11;David Poile,27;Hockey Hall,54;Nashville Predators,181;Montreal Canadiens,389;Insider Pierre LeBrun,507;Western Conference,1034;Stanley Cup,1375;Utah Hockey,2116;Stanley Cup Final,2280;New Jersey Devils,2447;Stanley Cup Final,2601;Barry Trotz,3212;Nashville Predators,3240",54,gkg_raw_archive_exact_name_deterministic_supplement,2026-08-03T22:38:28Z,Codex manual review,true,,2026-08-03,URL subject and GKG AllNames context establish a substantive article-context reference to the registered NHL club,20241108180000-914,20241108180000
588f9086-e998-53bd-a023-23076fe44a9f,NSH-current,NSH,Q207980,Nashville Predators,2026-03-22,https://abc7news.com/post/flyers-beat-sharks-4-1-complete-game-west-coast-sweep/18747613/,abc7news.com,"3#Los Angeles, California, United States#US#USCA#CA037#34.0522#-118.244#1662328#563;2#California, United States#US#USCA##36.17#-119.746#CA#625;3#Philadelphia, Pennsylvania, United States#US#USPA#PA101#39.9523#-75.1638#1209052#152;3#Anaheim, California, United States#US#USCA#CA059#33.8353#-117.915#1652663#500","Dan Vladar,122;Philadelphia Flyers,165;San Jose Sharks,190;West Coast,245;Travis Sanheim,324;Noah Cates,339;Los Angeles,578;San Jose,761;Trevor Zegras,1050;Shark Nick Leddy,1085;Macklin Celebrini,1295;San Jose,1410;Mario Ferraro,1425;Travis Konecny,1488;Matvei Michkov,1507;Columbus Blue Jackets,1841;Nashville Predators,1891",55,gkg_raw_archive_exact_name_deterministic_supplement,2026-08-03T22:38:28Z,Codex manual review,false,"URL subject is unrelated to the target club or the club appears only in incidental, standings, publisher-page, or related-content context",2026-08-03,URL subject and GKG AllNames context do not establish the club as a substantive article subject,20260322030000-197,20260322030000
266e174f-a79a-581a-87b6-63cc2628ee87,NSH-current,NSH,Q207980,Nashville Predators,2025-02-23,https://www.tsn.ca/juuse-saros-shuts-the-door-to-lead-nashville-predators-over-colorado-avalanche-1.2256259,tsn.ca,"2#Colorado, United States#US#USCO##39.0646#-105.327#CO#146;2#Colorado, United States#US#USCO##39.0646#-105.327#CO#341;2#Colorado, United States#US#USCO##39.0646#-105.327#CO#893;2#Colorado, United States#US#USCO##39.0646#-105.327#CO#1461;2#Minnesota, United States#US#USMN##45.7326#-93.9196#MN#1055;3#Dallas, Texas, United States#US#USTX#TX113#32.7831#-96.8067#1380944#1069","Jonathan Marchessault,53;Nashville Predators,125;Colorado Avalanche,170;Juuse Saros,232;Scott Wedgewood,336;Luke Schenn,472;Western Conference,1013;Minnesota Wild,1099;Dallas Stars,1116;Artturi Lehkonen,1521;New Jersey Devils,1889",56,gkg_raw_archive_exact_name_deterministic_supplement,2026-08-03T22:38:28Z,Codex manual review,true,,2026-08-03,URL subject and GKG AllNames context establish a substantive article-context reference to the registered NHL club,20250223060000-379,20250223060000
5fb7413b-d7e7-5d47-b7f9-f98124e1c37a,NSH-current,NSH,Q207980,Nashville Predators,2026-03-22,https://foxsports1070.iheart.com/content/2026-03-21-blackhawks-vs-predators-prediction-picks-march-22/,iheart.com,"3#Chicago, Illinois, United States#US#USIL#IL031#41.85#-87.6501#423587#11;3#Chicago, Illinois, United States#US#USIL#IL031#41.85#-87.6501#423587#950;3#Chicago, Illinois, United States#US#USIL#IL031#41.85#-87.6501#423587#1139;3#Chicago, Illinois, United States#US#USIL#IL031#41.85#-87.6501#423587#1342;3#Chicago, Illinois, United States#US#USIL#IL031#41.85#-87.6501#423587#1492","Chicago Blackhawks,23;Nashville Predators,68;Hockey Night,255",57,gkg_raw_archive_exact_name_deterministic_supplement,2026-08-03T22:38:28Z,Codex manual review,true,,2026-08-03,URL subject and GKG AllNames context establish a substantive article-context reference to the registered NHL club,20260322030000-369,20260322030000
e2b6d11e-f62a-52fb-93bf-cf7b6fc171aa,NSH-current,NSH,Q207980,Nashville Predators,2026-03-22,http://www.sandiegosun.com/news/278937195/slumping-jets-eager-to-reverse-course-in-matinee-vs-rangers,sandiegosun.com,"3#Los Angeles, California, United States#US#USCA#CA037#34.0522#-118.244#1662328#1823;3#Boston, Massachusetts, United States#US#USMA#MA025#42.3584#-71.0598#617565#1069;1#American#US#US##39.828175#-98.5795#US#2501;4#Winnipeg, Manitoba, Canada#CA#CA03#12577#49.8833#-97.1667#-576096#59;4#Winnipeg, Manitoba, Canada#CA#CA03#12577#49.8833#-97.1667#-576096#391;4#Winnipeg, Manitoba, Canada#CA#CA03#12577#49.8833#-97.1667#-576096#752;4#Winnipeg, Manitoba, Canada#CA#CA03#12577#49.8833#-97.1667#-576096#1203;4#Ottawa, Ontario, Canada#CA#CA08#12755#45.4167#-75.7#-570760#2302;1#Jersey#JE#JE##49.216667#-2.116667#JE#1857;2#New York, United States#US#USNY##42.1497#-74.9384#NY#371;2#New York, United States#US#USNY##42.1497#-74.9384#NY#2145","Charles LeClaire-Imagn Images,49;Winnipeg Jets,71;Western Conference,282;New York,382;Josh Morrissey,704;Vancouver Canucks,775;Nashville Predators,910;Pittsburgh Penguins,1036;Morgan Barron,1266;Neal Pionk,1342;Brad Lambert,1359;Erik Karlsson,1463;Scott Arniel,1519;Los Angeles Kings,1965;New Jersey Devils,1988;Columbus Blue,2006;Jonathan Quick,2313;Dylan Garand,2375;Igor Shesterkin,2518;Spencer Martin,2590;American Hockey League,2670;Mike Sullivan,2977;Field Level,3122",58,gkg_raw_archive_exact_name_deterministic_supplement,2026-08-03T22:38:28Z,Codex manual review,false,"URL subject is unrelated to the target club or the club appears only in incidental, standings, publisher-page, or related-content context",2026-08-03,URL subject and GKG AllNames context do not establish the club as a substantive article subject,20260322120000-552,20260322120000
4035b7c1-88e2-5952-b636-dc68da9b9840,NSH-current,NSH,Q207980,Nashville Predators,2024-12-18,https://www.thegamenashville.com/2024/12/17/12-17-nsh-vs-nyr/,thegamenashville.com,"2#New York, United States#US#USNY##42.1497#-74.9384#NY#102;2#New York, United States#US#USNY##42.1497#-74.9384#NY#253;2#New York, United States#US#USNY##42.1497#-74.9384#NY#2212;2#New York, United States#US#USNY##42.1497#-74.9384#NY#2379;2#New York, United States#US#USNY##42.1497#-74.9384#NY#2560;2#New York, United States#US#USNY##42.1497#-74.9384#NY#3176","Nashville Predators,24;New York,112;Jonathan Marchessault,143;Adam Wilsby,157;Andrew Brunette,474;Tommy Novak,887;Predators On FanDuel Sports Network,2160;Chad Ruhwedel,2234;New York,2329;New York,2503;Gustav Nyquist,2556;Brady Skjei,2653;New York,2687;Luke Evangelista,3066;Marc Del Gaizo,3156;Del Gaizo,3422;Vincent Trocheck,3631;Adam Wilsby,3788;Reilly Smith,3833;Predators On FanDuel Sports Network,4245;Sidney Crosby,4322;Pittsburgh Penguins,4348;Cody Glass,4395;Steel City,4471;Pete Weber,4552;Jay More,4563",59,gkg_raw_archive_exact_name_deterministic_supplement,2026-08-03T22:38:28Z,Codex manual review,true,,2026-08-03,URL subject and GKG AllNames context establish a substantive article-context reference to the registered NHL club,20241218090000-535,20241218090000
5d827d9e-2a0e-580f-9747-cdbae8d7f1d6,NSH-current,NSH,Q207980,Nashville Predators,2024-02-23,https://m.lasvegassun.com/news/2024/feb/22/vgk-golden-knights-captain-stone-out-week-to/,lasvegassun.com,,"Golden Knights,19;Nashville Predators,210;Bruce Cassidy,235;Kelly McCrimmon,520;Golden Knights,917;Golden Knights,1143;Golden Knights,1409;Golden Knights,1450;Jack Eichel,1513;Michael Amadio,1921;Paul Cotter,1937;Zach Whitecloud,1973;Nic Hague,1987;Brett Howden,2426;Toronto Maple Leafs,2521;Golden Knights,2572;Brendan Brisson,2598;Sheldon Rempal,2618;Byron Froese,2635;Keegan Kolesar,2820;Nic Roy,3143;William Karlsson,3215;Chandler Stephenson,3287;Byron Froese,3350",60,gkg_raw_archive_exact_name_deterministic_supplement,2026-08-03T22:38:28Z,Codex manual review,true,,2026-08-03,URL subject and GKG AllNames context establish a substantive article-context reference to the registered NHL club,20240223000000-1404,20240223000000
9e1f18f5-2096-53e5-b8d1-31ace4ebf869,NSH-current,NSH,Q207980,Nashville Predators,2024-12-18,https://www.tsn.ca/juuse-saros-keeps-nashville-predators-in-win-column-with-shutout-over-new-york-rangers-1.2222040,tsn.ca,"3#Dallas, Texas, United States#US#USTX#TX113#32.7831#-96.8067#1380944#1803","Jonathan Marchessault,53;Adam Wilsby,69;Juuse Saros,92;Nashville Predators,139;New York Rangers,185;Filip Forsberg,493;President Trophy-winning Rangers,944;Vincent Trocheck,1465;Luke Schenn,1631;Pittsburgh Penguins,1952",61,gkg_raw_archive_exact_name_deterministic_supplement,2026-08-03T22:38:28Z,Codex manual review,true,,2026-08-03,URL subject and GKG AllNames context establish a substantive article-context reference to the registered NHL club,20241218090000-1250,20241218090000
77589982-6e4c-5539-bce6-4bac6fb6b02a,NSH-current,NSH,Q207980,Nashville Predators,2026-03-22,https://www.thescore1260.com/2026/03/21/steven-stamkos-scores-twice-as-opportunistic-preds-best-golden-knights/,thescore1260.com,1#American#US#US##39.828175#-98.5795#US#2147,"Steven Stamkos,15;Nashville Predators,76;Vegas Golden Knights,110;Tyson Jost,197;Shea Theodore,349;Golden Knights,390;Los Angeles,574;Slumping Vegas,656;Luke Evangelista,1192;Brendan Shanahan,1544;Golden Knights,1875;Juuse Saros,2223;Matt Murray,2292;American Hockey League,2359",62,gkg_raw_archive_exact_name_deterministic_supplement,2026-08-03T22:38:28Z,Codex manual review,true,,2026-08-03,URL subject and GKG AllNames context establish a substantive article-context reference to the registered NHL club,20260322000000-201,20260322000000
90cd70d0-468a-52a9-be8c-79348dfd4ad1,WPG-current,WPG,Q472741,Winnipeg Jets,2025-01-01,https://panow.com/2025/01/01/year-in-review-a-look-at-events-in-september-2024-2/,panow.com,"1#China#CH#CH##35#105#CH#7962;4#Tokyo, Tokyo, Japan#JA#JA40#36340#35.685#139.751#-246227#26464;4#Kyiv, Kyyiv, Misto, Ukraine#UP#UP12#28554#50.4333#30.5167#-1044367#11333;4#Ottawa, Ontario, Canada#CA#CA08#12755#45.4167#-75.7#-570760#5710;4#Ottawa, Ontario, Canada#CA#CA08#12755#45.4167#-75.7#-570760#10221;4#Ottawa, Ontario, Canada#CA#CA08#12755#45.4167#-75.7#-570760#13681;4#Ottawa, Ontario, Canada#CA#CA08#12755#45.4167#-75.7#-570760#20718;4#Cole Harbour, Nova Scotia, Canada#CA#CA07#12627#44.6667#-63.4333#-562843#14559;2#Hawaii, United States#US#USHI##21.1098#-157.531#HI#28728;1#United States#US#US##39.828175#-98.5795#US#830;1#United States#US#US##39.828175#-98.5795#US#1033;1#United States#US#US##39.828175#-98.5795#US#4562;1#United States#US#US##39.828175#-98.5795#US#8394;1#United States#US#US##39.828175#-98.5795#US#12935;1#United States#US#US##39.828175#-98.5795#US#13577;1#United States#US#US##39.828175#-98.5795#US#19498;1#United States#US#US##39.828175#-98.5795#US#19619;1#United States#US#US##39.828175#-98.5795#US#20243;1#United States#US#US##39.828175#-98.5795#US#28335;1#United States#US#US##39.828175#-98.5795#US#29073;1#United States#US#US##39.828175#-98.5795#US#29108;1#United States#US#US##39.828175#-98.5795#US#29138;1#United States#US#US##39.828175#-98.5795#US#29791;1#West Bank#WE#WE##31.666667#35.25#WE#22821;4#Winnipeg, Manitoba, Canada#CA#CA03#12577#49.8833#-97.1667#-576096#4796;4#Winnipeg, Manitoba, Canada#CA#CA03#12577#49.8833#-97.1667#-576096#25758;1#Briton#UK#UK##54#-4#UK#10737;4#Paris, France (General), France#FR#FR00#16282#48.8667#2.33333#-1456928#5558;2#New York, United States#US#USNY##42.1497#-74.9384#NY#4317;2#New York, United States#US#USNY##42.1497#-74.9384#NY#23649;2#New York, United States#US#USNY##42.1497#-74.9384#NY#25056;2#New York, United States#US#USNY##42.1497#-74.9384#NY#29149;2#Pennsylvania, United States#US#USPA##40.5773#-77.264#PA#13156;2#Florida, United States#US#USFL##27.8333#-81.717#FL#12956;2#Florida, United States#US#USFL##27.8333#-81.717#FL#16263;2#California, United States#US#USCA##36.17#-119.746#CA#22767;3#Beverly Hills, Florida, United States#US#USFL#FL031#30.4111#-81.7079#278601#815;3#Hollywood, California, United States#US#USCA#CA037#34.0983#-118.327#1660757#28320;1#Brazilian#BR#BR##-10#-55#BR#21;1#Israeli#IS#IS##31.5#34.75#IS#15501;1#Israeli#IS#IS##31.5#34.75#IS#21575;1#Israeli#IS#IS##31.5#34.75#IS#21629;1#Israeli#IS#IS##31.5#34.75#IS#21844;1#Israeli#IS#IS##31.5#34.75#IS#22794;1#Israeli#IS#IS##31.5#34.75#IS#24016;1#Israeli#IS#IS##31.5#34.75#IS#24209;1#Lebanese#LE#LE##33.833333#35.833333#LE#21743;1#Iran#IR#IR##32#53#IR#15589;1#Iran#IR#IR##32#53#IR#23266;1#Iran#IR#IR##32#53#IR#23490;1#Canadians#CA#CA##60#-96#CA#12062;1#Canadians#CA#CA##60#-96#CA#14855;4#Rafah, Gaza Strip (General), Gaza Strip#GZ#GZ00#16446#31.3292#34.2311#10420173#9735;4#Rafah, Gaza Strip (General), Gaza Strip#GZ#GZ00#16446#31.3292#34.2311#10420173#9925;3#Maple Ridge, Pennsylvania, United States#US#USPA#PA111#40.2109#-78.9134#1180357#13562;4#Tehran, Tehran, Iran#IR#IR26#41130#35.75#51.5148#10074674#23484;1#Canadian#CA#CA##60#-96#CA#2908;1#Canadian#CA#CA##60#-96#CA#3050;1#Canadian#CA#CA##60#-96#CA#3176;1#Canadian#CA#CA##60#-96#CA#4680;1#Canadian#CA#CA##60#-96#CA#5520;1#Canadian#CA#CA##60#-96#CA#6861;1#Canadian#CA#CA##60#-96#CA#10590;1#Canadian#CA#CA##60#-96#CA#13630;1#Canadian#CA#CA##60#-96#CA#14081;1#Canadian#CA#CA##60#-96#CA#18101;1#Canadian#CA#CA##60#-96#CA#18947;1#Canadian#CA#CA##60#-96#CA#20886;1#Canadian#CA#CA##60#-96#CA#23852;1#Canadian#CA#CA##60#-96#CA#23899;1#Canadian#CA#CA##60#-96#CA#26160;1#Canadian#CA#CA##60#-96#CA#27044;1#Canadian#CA#CA##60#-96#CA#27426;1#Canadian#CA#CA##60#-96#CA#27826;1#Canadian#CA#CA##60#-96#CA#30437;1#Canadian#CA#CA##60#-96#CA#30457;1#Russia#RS#RS##60#100#RS#11099;1#Russia#RS#RS##60#100#RS#11381;1#Russia#RS#RS##60#100#RS#19785;2#New Jersey, United States#US#USNJ##40.314#-74.5089#NJ#29171;1#Lebanon#LE#LE##33.833333#35.833333#LE#15343;1#Lebanon#LE#LE##33.833333#35.833333#LE#15611;1#Lebanon#LE#LE##33.833333#35.833333#LE#15709;1#Lebanon#LE#LE##33.833333#35.833333#LE#21606;1#Lebanon#LE#LE##33.833333#35.833333#LE#21862;1#Lebanon#LE#LE##33.833333#35.833333#LE#23965;1#Lebanon#LE#LE##33.833333#35.833333#LE#24290;4#London, London, City Of, United Kingdom#UK#UKH9#40110#51.5#-0.116667#-2601889#14291;4#London, London, City Of, United Kingdom#UK#UKH9#40110#51.5#-0.116667#-2601889#26540;4#London, London, City Of, United Kingdom#UK#UKH9#40110#51.5#-0.116667#-2601889#29460;4#Blue River, British Columbia, Canada#CA#CA02#154724#52.1#-119.3#-561394#20493;4#Kanata, Ontario, Canada#CA#CA08#12671#45.3333#-75.9#-566988#20930;1#Russians#RS#RS##60#100#RS#19697;3#Houston, Texas, United States#US#USTX#TX201#29.7633#-95.3633#1380948#29093;1#British#UK#UK##54#-4#UK#10167;3#West Palm Beach, Florida, United States#US#USFL#FL099#26.7153#-80.0534#293097#12920;1#Belgian#BE#BE##50.833333#4#BE#10749;1#Americans#US#US##39.828175#-98.5795#US#10726;4#Toronto, Ontario, Canada#CA#CA08#12686#43.6667#-79.4167#-574890#6734;4#Toronto, Ontario, Canada#CA#CA08#12686#43.6667#-79.4167#-574890#12235;4#Toronto, Ontario, Canada#CA#CA08#12686#43.6667#-79.4167#-574890#17127;4#Toronto, Ontario, Canada#CA#CA08#12686#43.6667#-79.4167#-574890#17209;4#Toronto, Ontario, Canada#CA#CA08#12686#43.6667#-79.4167#-574890#19124;4#Toronto, Ontario, Canada#CA#CA08#12686#43.6667#-79.4167#-574890#25529;4#Toronto, Ontario, Canada#CA#CA08#12686#43.6667#-79.4167#-574890#27483;1#Congo#CF#CF##-1#15#CF#10637;3#Philadelphia, Pennsylvania, United States#US#USPA#PA101#39.9523#-75.1638#1209052#29123;4#Beirut, Beyrouth, Lebanon#LE#LE04#18808#33.8719#35.5097#-801546#21597;1#Canada#CA#CA##60#-96#CA#3703;1#Canada#CA#CA##60#-96#CA#3884;1#Canada#CA#CA##60#-96#CA#4268;1#Canada#CA#CA##60#-96#CA#4804;1#Canada#CA#CA##60#-96#CA#5718;1#Canada#CA#CA##60#-96#CA#5777;1#Canada#CA#CA##60#-96#CA#6742;1#Canada#CA#CA##60#-96#CA#7331;1#Canada#CA#CA##60#-96#CA#10229;1#Canada#CA#CA##60#-96#CA#10260;1#Canada#CA#CA##60#-96#CA#11957;1#Canada#CA#CA##60#-96#CA#12243;1#Canada#CA#CA##60#-96#CA#12571;1#Canada#CA#CA##60#-96#CA#13689;1#Canada#CA#CA##60#-96#CA#14241;1#Canada#CA#CA##60#-96#CA#14341;1#Canada#CA#CA##60#-96#CA#14567;1#Canada#CA#CA##60#-96#CA#17135;1#Canada#CA#CA##60#-96#CA#17217;1#Canada#CA#CA##60#-96#CA#17871;1#Canada#CA#CA##60#-96#CA#19132;1#Canada#CA#CA##60#-96#CA#20501;1#Canada#CA#CA##60#-96#CA#20726;1#Canada#CA#CA##60#-96#CA#20938;1#Canada#CA#CA##60#-96#CA#20968;1#Canada#CA#CA##60#-96#CA#25537;1#Canada#CA#CA##60#-96#CA#25674;1#Canada#CA#CA##60#-96#CA#25766;1#Canada#CA#CA##60#-96#CA#26442;1#Canada#CA#CA##60#-96#CA#26802;1#Canada#CA#CA##60#-96#CA#27491;1#Canada#CA#CA##60#-96#CA#30138;3#Rocky Mountain, California, United States#US#USCA#CA097#38.5999#-123.074#231776#20228;1#Iranian#IR#IR##32#53#IR#12512;1#Iranian#IR#IR##32#53#IR#12653;1#Britain#UK#UK##54#-4#UK#29198;1#Britain#UK#UK##54#-4#UK#29375;1#Britain#UK#UK##54#-4#UK#29564;1#American#US#US##39.828175#-98.5795#US#19906;5#Northwest Territories, Northwest Territories, Canada#CA#CA13#25042#65#-118#-570392#30130;3#Miami, Florida, United States#US#USFL#FL086#25.7743#-80.1937#295004#19604;1#Palestinian#IS#IS##31.5#34.75#IS#9992;1#Israel#IS#IS##31.5#34.75#IS#4537;1#Israel#IS#IS##31.5#34.75#IS#9628;1#Israel#IS#IS##31.5#34.75#IS#9721;1#Israel#IS#IS##31.5#34.75#IS#9749;1#Israel#IS#IS##31.5#34.75#IS#9896;1#Israel#IS#IS##31.5#34.75#IS#9939;1#Israel#IS#IS##31.5#34.75#IS#10033;1#Israel#IS#IS##31.5#34.75#IS#10061;1#Israel#IS#IS##31.5#34.75#IS#15718;1#Israel#IS#IS##31.5#34.75#IS#21175;1#Israel#IS#IS##31.5#34.75#IS#21935;1#Israel#IS#IS##31.5#34.75#IS#23002;1#Israel#IS#IS##31.5#34.75#IS#23042;1#Israel#IS#IS##31.5#34.75#IS#23087;4#Downsview, Ontario, Canada#CA#CA08#12686#43.7167#-79.4833#-563771#25666;1#Russian#RS#RS##60#100#RS#1136;1#Russian#RS#RS##60#100#RS#1378;1#Russian#RS#RS##60#100#RS#7885;1#Russian#RS#RS##60#100#RS#8107;1#Russian#RS#RS##60#100#RS#19881;4#Gaza, Israel (General), Israel#IS#IS00#18315#31.4167#34.3333#-797156#9713;4#Gaza, Israel (General), Israel#IS#IS00#18315#31.4167#34.3333#-797156#9741;4#Gaza, Israel (General), Israel#IS#IS00#18315#31.4167#34.3333#-797156#9931;4#Gaza, Israel (General), Israel#IS#IS00#18315#31.4167#34.3333#-797156#10025;4#Gaza, Israel (General), Israel#IS#IS00#18315#31.4167#34.3333#-797156#21167;4#Gaza, Israel (General), Israel#IS#IS00#18315#31.4167#34.3333#-797156#23034;1#Japanese#JA#JA##36#138#JA#19287;1#Ukrainian#UP#UP##49#32#UP#1234;3#Cincinnati, Ohio, United States#US#USOH#OH061#39.162#-84.4569#1066650#29776;1#Ukraine#UP#UP##49#32#UP#1063;1#Ukraine#UP#UP##49#32#UP#11033;1#Ukraine#UP#UP##49#32#UP#11342;4#Calgary, Alberta, Canada#CA#CA01#12549#51.0833#-114.083#-561990#26794;3#Los Angeles, California, United States#US#USCA#CA037#34.0522#-118.244#1662328#1018;3#Los Angeles, California, United States#US#USCA#CA037#34.0522#-118.244#1662328#19483;3#Denver, Colorado, United States#US#USCO#CO031#39.7392#-104.985#201738#29058","Brazilian Supreme Court,40;Elon Musk,96;Los Angeles,1046;Nova Scotia,1498;Google Cloud,1581;Jagmeet Singh,1808;Prime Minister Justin Trudeau,1983;Opposition Conservatives,2169;Minister Justin Trudeau,2379;Ontario Convenience Store Association Kenny Shim,2804;Gaming Commission,2962;Canadian Medical Association,3229;Via Rail,3528;Labour Day,3700;Minister Pablo Rodriguez,3750;Via Rail,3887;Transport Canada,3917;Jeremy Broadhurst,4024;Justin Trudeau,4051;Liberal Party,4103;Jagmeet Singh,4187;Islamic State,4666;States Attorney General Merrick Garland,4866;Muhammad Shahzeb Khan,4893;Manitoba Grand Chief Cathy Merrick,5022;Winnipeg Law Courts,5085;Premier Wab Kinew,5236;Nova Scotia,5327;Commissioner Dennis Daley,5488;Place De La Concorde,5957;Nicholas Bennett,5997;Brianna Hennessy,6034;Herbie Flowers,6213;Lou Reed,6331;David Bowie,6439;Paul McCartney,6480;Broad Street,6515;Blue Mink,6579;Peter Nygard,6672;Robert Goldstein,7174;Anthony Olienick,7433;Chris Carbert,7451;Darth Vader James Earl Jones,7978;Golden Globe,8193;Tony Awards,8214;President Vladimir Putin,8635;Taylor Swift,8859;Kamala Harris,8882;Taylor Swift,9281;Guinness World,9323;Taylor Swift,9346;Jared Isaacman,9729;Elon Musk,10082;Health Ministry,10606;British Columbia,10747;Health Minister Mark Holland,10874;Rob Bauer,11747;Jared Isaacman,12309;U-S Air Force Thunderbird,12374;International Space Station,12540;Hubble Space,12557;Dan Levy,12613;Emmy Awards,12678;D'Pharaoh Woon-A-Tai,12761;West Palm Beach,13610;Mental Health Act,13985;David Eby,14066;Maple Ridge,14261;Haydn Edmundson,14454;Canadian Soccer Hall,14788;Famer Colin Jose,14808;Soccer Hall,14892;Canada Soccer Hall,14952;Pittsburgh Penguins,15127;Sidney Crosby,15146;Cole Harbour,15275;Kyle Dubas,15368;Aviation Administration,17119;Elon Musk,17134;Rogers Communications,17774;Maple Leaf Sports,17816;Toronto Maple Leafs,17978;Major League Soccer,18044;Blue Jays,18089;Rogers Centre,18111;Leader Pierre Poilievre,18343;Bloc Leader Yves-Fran,18527;First Nations,18923;Canadian Medical Association,19000;New Brunswick Premier Blaine Higgs,19139;Progressive Conservative,19224;Lieutenant-Governor Brenda Murphy,19302;Federal Transport Minister Pablo Rodriguez,19478;Quebec Liberal,19562;Prime Minister Justin Trudeau,19626;Quebec Liberals,19695;Dominique Anglade,19746;Canadian National Exhibition,19902;Shohei Ohtani,20125;Los Angeles Dodgers,20461;Miami Marlins,20573;Two Russians,20661;International Space,20733;Rocky Mountain,21227;Blue River,21492;National Capital Commission,21647;LeBreton Flats,21799;Canadian Tire Centre,21896;Global Polio Eradication Initiative,22088;International Development Minister Ahmed Hussen,22229;World Health Organization,22399;Rear Admiral Daniel Hagari,22692;Health Ontario,23177;Kathryn Crosby,23557;Bing Crosby,23607;Seventh Voyage,23682;Mad Ball,23749;Northern California,23897;West Bank,23955;Prime Minister Justin Trudeau,24707;Late Show,24759;Big Apple,24811;Competition Tribunal,25595;Competition Bureau,25749;Joe Biden,26092;New York,26301;Leader Pierre Poilievre,26597;Live Nation,26728;Rogers Stadium,26821;Downsview Park,26935;Winnipeg Jets,27028;Bryan Little,27046;Christine Sinclair,27466;National Women,27581;Soccer League,27596;Tokyo Olympics,27763;Maggie Smith,27862;Helen Mirren,27957;Associated Press,27984;Premier Danielle Smith,28641;Sarah McLachlan,28720;Canadian Songwriters Hall,28767;Will Remember,29043;Jim Cuddy,29203;Greg Keelor,29219;Drake Hogestyn,29266;John Black,29303;John Black,29445;Marlena Evans,29606;A-list Hollywood,29696;Kris Kristofferson,29721;Mornin' Comin' Down,29851;Bobby McGee,29917;Barbra Streisand,29988;Ellen Burstyn,30006;Famer Dikembe Mutombo,30165;New York,30530;New Jersey,30554;Industrial Revolution,30853;Pete Rose,31129;Cincinnati Reds,31180;Major League Baseball,31313;Prime Minister Justin Trudeau,31454;Northwest Territories,31533;Inuvialuit Regional,31572",63,gkg_raw_archive_exact_name_deterministic_supplement,2026-08-03T22:38:28Z,Codex manual review,false,"URL subject is unrelated to the target club or the club appears only in incidental, standings, publisher-page, or related-content context",2026-08-03,URL subject and GKG AllNames context do not establish the club as a substantive article subject,20250101090000-53,20250101090000
b4542ba5-aac0-556c-822f-a15187664bfc,WPG-current,WPG,Q472741,Winnipeg Jets,2025-01-01,https://infotel.ca/newsitem/year-diary-september-2024/cp715770740,infotel.ca,"1#Belgian#BE#BE##50.833333#4#BE#12881;1#Congo#CF#CF##-1#15#CF#12769;3#Philadelphia, Pennsylvania, United States#US#USPA#PA101#39.9523#-75.1638#1209052#30967;4#Beirut, Beyrouth, Lebanon#LE#LE04#18808#33.8719#35.5097#-801546#23557;1#Canada#CA#CA##60#-96#CA#329;1#Canada#CA#CA##60#-96#CA#664;1#Canada#CA#CA##60#-96#CA#1984;1#Canada#CA#CA##60#-96#CA#5931;1#Canada#CA#CA##60#-96#CA#6106;1#Canada#CA#CA##60#-96#CA#6484;1#Canada#CA#CA##60#-96#CA#7014;1#Canada#CA#CA##60#-96#CA#7916;1#Canada#CA#CA##60#-96#CA#7975;1#Canada#CA#CA##60#-96#CA#8928;1#Canada#CA#CA##60#-96#CA#9511;1#Canada#CA#CA##60#-96#CA#12367;1#Canada#CA#CA##60#-96#CA#12398;1#Canada#CA#CA##60#-96#CA#14071;1#Canada#CA#CA##60#-96#CA#14357;1#Canada#CA#CA##60#-96#CA#14679;1#Canada#CA#CA##60#-96#CA#15779;1#Canada#CA#CA##60#-96#CA#16325;1#Canada#CA#CA##60#-96#CA#16425;1#Canada#CA#CA##60#-96#CA#16645;1#Canada#CA#CA##60#-96#CA#19169;1#Canada#CA#CA##60#-96#CA#19251;1#Canada#CA#CA##60#-96#CA#19893;1#Canada#CA#CA##60#-96#CA#21136;1#Canada#CA#CA##60#-96#CA#22479;1#Canada#CA#CA##60#-96#CA#22698;1#Canada#CA#CA##60#-96#CA#22910;1#Canada#CA#CA##60#-96#CA#22934;1#Canada#CA#CA##60#-96#CA#27437;1#Canada#CA#CA##60#-96#CA#27574;1#Canada#CA#CA##60#-96#CA#27660;1#Canada#CA#CA##60#-96#CA#28322;1#Canada#CA#CA##60#-96#CA#28670;1#Canada#CA#CA##60#-96#CA#29353;1#Canada#CA#CA##60#-96#CA#31964;1#Americans#US#US##39.828175#-98.5795#US#12858;4#Toronto, Ontario, Canada#CA#CA08#12686#43.6667#-79.4167#-574890#321;4#Toronto, Ontario, Canada#CA#CA08#12686#43.6667#-79.4167#-574890#656;4#Toronto, Ontario, Canada#CA#CA08#12686#43.6667#-79.4167#-574890#1976;4#Toronto, Ontario, Canada#CA#CA08#12686#43.6667#-79.4167#-574890#8920;4#Toronto, Ontario, Canada#CA#CA08#12686#43.6667#-79.4167#-574890#14349;4#Toronto, Ontario, Canada#CA#CA08#12686#43.6667#-79.4167#-574890#19161;4#Toronto, Ontario, Canada#CA#CA08#12686#43.6667#-79.4167#-574890#19243;4#Toronto, Ontario, Canada#CA#CA08#12686#43.6667#-79.4167#-574890#21128;4#Toronto, Ontario, Canada#CA#CA08#12686#43.6667#-79.4167#-574890#27429;4#Toronto, Ontario, Canada#CA#CA08#12686#43.6667#-79.4167#-574890#29345;1#Iranian#IR#IR##32#53#IR#14620;1#Iranian#IR#IR##32#53#IR#14761;1#Britain#UK#UK##54#-4#UK#31036;1#Britain#UK#UK##54#-4#UK#31213;1#Britain#UK#UK##54#-4#UK#31402;3#Rocky Mountain, California, United States#US#USCA#CA097#38.5999#-123.074#231776#22206;3#Miami, Florida, United States#US#USFL#FL086#25.7743#-80.1937#295004#21602;1#Palestinian#IS#IS##31.5#34.75#IS#12136;4#Downsview, Ontario, Canada#CA#CA08#12686#43.7167#-79.4833#-563771#27566;1#Israel#IS#IS##31.5#34.75#IS#785;1#Israel#IS#IS##31.5#34.75#IS#835;1#Israel#IS#IS##31.5#34.75#IS#1121;1#Israel#IS#IS##31.5#34.75#IS#6753;1#Israel#IS#IS##31.5#34.75#IS#11772;1#Israel#IS#IS##31.5#34.75#IS#11865;1#Israel#IS#IS##31.5#34.75#IS#11893;1#Israel#IS#IS##31.5#34.75#IS#12040;1#Israel#IS#IS##31.5#34.75#IS#12083;1#Israel#IS#IS##31.5#34.75#IS#12177;1#Israel#IS#IS##31.5#34.75#IS#12205;1#Israel#IS#IS##31.5#34.75#IS#17776;1#Israel#IS#IS##31.5#34.75#IS#23141;1#Israel#IS#IS##31.5#34.75#IS#23895;1#Israel#IS#IS##31.5#34.75#IS#24944;1#Israel#IS#IS##31.5#34.75#IS#24984;1#Israel#IS#IS##31.5#34.75#IS#25029;1#American#US#US##39.828175#-98.5795#US#1285;1#American#US#US##39.828175#-98.5795#US#21890;5#Northwest Territories, Northwest Territories, Canada#CA#CA13#25042#65#-118#-570392#31956;4#Gaza, Israel (General), Israel#IS#IS00#18315#31.4167#34.3333#-797156#827;4#Gaza, Israel (General), Israel#IS#IS00#18315#31.4167#34.3333#-797156#11857;4#Gaza, Israel (General), Israel#IS#IS00#18315#31.4167#34.3333#-797156#11885;4#Gaza, Israel (General), Israel#IS#IS00#18315#31.4167#34.3333#-797156#12075;4#Gaza, Israel (General), Israel#IS#IS00#18315#31.4167#34.3333#-797156#12169;4#Gaza, Israel (General), Israel#IS#IS00#18315#31.4167#34.3333#-797156#23133;4#Gaza, Israel (General), Israel#IS#IS00#18315#31.4167#34.3333#-797156#24976;1#Japanese#JA#JA##36#138#JA#21285;1#Russian#RS#RS##60#100#RS#3400;1#Russian#RS#RS##60#100#RS#3642;1#Russian#RS#RS##60#100#RS#10053;1#Russian#RS#RS##60#100#RS#10275;1#Russian#RS#RS##60#100#RS#21865;3#Cincinnati, Ohio, United States#US#USOH#OH061#39.162#-84.4569#1066650#31608;1#Ukraine#UP#UP##49#32#UP#3327;1#Ukraine#UP#UP##49#32#UP#13159;1#Ukraine#UP#UP##49#32#UP#13468;1#Ukrainian#UP#UP##49#32#UP#3498;4#Calgary, Alberta, Canada#CA#CA01#12549#51.0833#-114.083#-561990#28662;3#Denver, Colorado, United States#US#USCO#CO031#39.7392#-104.985#201738#30902;3#Los Angeles, California, United States#US#USCA#CA037#34.0522#-118.244#1662328#3288;3#Los Angeles, California, United States#US#USCA#CA037#34.0522#-118.244#1662328#21481;4#Ottawa, Ontario, Canada#CA#CA08#12755#45.4167#-75.7#-570760#7908;4#Ottawa, Ontario, Canada#CA#CA08#12755#45.4167#-75.7#-570760#12359;4#Ottawa, Ontario, Canada#CA#CA08#12755#45.4167#-75.7#-570760#15771;4#Ottawa, Ontario, Canada#CA#CA08#12755#45.4167#-75.7#-570760#22690;4#Kyiv, Kyyiv, Misto, Ukraine#UP#UP12#28554#50.4333#30.5167#-1044367#13459;1#China#CH#CH##35#105#CH#10130;4#Tokyo, Tokyo, Japan#JA#JA40#36340#35.685#139.751#-246227#28344;1#West Bank#WE#WE##31.666667#35.25#WE#24763;4#Cole Harbour, Nova Scotia, Canada#CA#CA07#12627#44.6667#-63.4333#-562843#16637;2#Hawaii, United States#US#USHI##21.1098#-157.531#HI#30578;1#United States#US#US##39.828175#-98.5795#US#1511;1#United States#US#US##39.828175#-98.5795#US#3100;1#United States#US#US##39.828175#-98.5795#US#3303;1#United States#US#US##39.828175#-98.5795#US#6778;1#United States#US#US##39.828175#-98.5795#US#10556;1#United States#US#US##39.828175#-98.5795#US#15037;1#United States#US#US##39.828175#-98.5795#US#15673;1#United States#US#US##39.828175#-98.5795#US#21496;1#United States#US#US##39.828175#-98.5795#US#21617;1#United States#US#US##39.828175#-98.5795#US#22221;1#United States#US#US##39.828175#-98.5795#US#30185;1#United States#US#US##39.828175#-98.5795#US#30917;1#United States#US#US##39.828175#-98.5795#US#30952;1#United States#US#US##39.828175#-98.5795#US#30982;1#United States#US#US##39.828175#-98.5795#US#31623;4#Winnipeg, Manitoba, Canada#CA#CA03#12577#49.8833#-97.1667#-576096#7006;4#Winnipeg, Manitoba, Canada#CA#CA03#12577#49.8833#-97.1667#-576096#27652;2#New York, United States#US#USNY##42.1497#-74.9384#NY#6533;2#New York, United States#US#USNY##42.1497#-74.9384#NY#25579;2#New York, United States#US#USNY##42.1497#-74.9384#NY#26968;2#New York, United States#US#USNY##42.1497#-74.9384#NY#30993;4#Paris, France (General), France#FR#FR00#16282#48.8667#2.33333#-1456928#7756;1#Briton#UK#UK##54#-4#UK#12869;2#Pennsylvania, United States#US#USPA##40.5773#-77.264#PA#15258;2#Florida, United States#US#USFL##27.8333#-81.717#FL#15058;2#Florida, United States#US#USFL##27.8333#-81.717#FL#18309;2#California, United States#US#USCA##36.17#-119.746#CA#24715;1#Brazilian#BR#BR##-10#-55#BR#2297;3#Hollywood, California, United States#US#USCA#CA037#34.0983#-118.327#1660757#30170;1#Israeli#IS#IS##31.5#34.75#IS#17567;1#Israeli#IS#IS##31.5#34.75#IS#23535;1#Israeli#IS#IS##31.5#34.75#IS#23589;1#Israeli#IS#IS##31.5#34.75#IS#23804;1#Israeli#IS#IS##31.5#34.75#IS#24736;1#Israeli#IS#IS##31.5#34.75#IS#25940;1#Israeli#IS#IS##31.5#34.75#IS#26133;1#Lebanese#LE#LE##33.833333#35.833333#LE#23703;3#Beverly Hills, Florida, United States#US#USFL#FL031#30.4111#-81.7079#278601#3085;1#Canadians#CA#CA##60#-96#CA#14176;1#Canadians#CA#CA##60#-96#CA#16927;1#Iran#IR#IR##32#53#IR#17647;1#Iran#IR#IR##32#53#IR#25202;1#Iran#IR#IR##32#53#IR#25426;3#Maple Ridge, Pennsylvania, United States#US#USPA#PA111#40.2109#-78.9134#1180357#15658;4#Rafah, Gaza Strip (General), Gaza Strip#GZ#GZ00#16446#31.3292#34.2311#10420173#11879;4#Rafah, Gaza Strip (General), Gaza Strip#GZ#GZ00#16446#31.3292#34.2311#10420173#12069;1#Russia#RS#RS##60#100#RS#13225;1#Russia#RS#RS##60#100#RS#13507;1#Russia#RS#RS##60#100#RS#21777;2#New Jersey, United States#US#USNJ##40.314#-74.5089#NJ#31015;1#Lebanon#LE#LE##33.833333#35.833333#LE#17409;1#Lebanon#LE#LE##33.833333#35.833333#LE#17669;1#Lebanon#LE#LE##33.833333#35.833333#LE#17767;1#Lebanon#LE#LE##33.833333#35.833333#LE#23566;1#Lebanon#LE#LE##33.833333#35.833333#LE#23822;1#Lebanon#LE#LE##33.833333#35.833333#LE#25889;1#Lebanon#LE#LE##33.833333#35.833333#LE#26214;4#London, London, City Of, United Kingdom#UK#UKH9#40110#51.5#-0.116667#-2601889#16375;4#London, London, City Of, United Kingdom#UK#UKH9#40110#51.5#-0.116667#-2601889#28420;4#London, London, City Of, United Kingdom#UK#UKH9#40110#51.5#-0.116667#-2601889#31298;4#Blue River, British Columbia, Canada#CA#CA02#154724#52.1#-119.3#-561394#22471;4#Tehran, Tehran, Iran#IR#IR26#41130#35.75#51.5148#10074674#25420;1#Canadian#CA#CA##60#-96#CA#359;1#Canadian#CA#CA##60#-96#CA#694;1#Canadian#CA#CA##60#-96#CA#1686;1#Canadian#CA#CA##60#-96#CA#5142;1#Canadian#CA#CA##60#-96#CA#5284;1#Canadian#CA#CA##60#-96#CA#5410;1#Canadian#CA#CA##60#-96#CA#6896;1#Canadian#CA#CA##60#-96#CA#7718;1#Canadian#CA#CA##60#-96#CA#9047;1#Canadian#CA#CA##60#-96#CA#12722;1#Canadian#CA#CA##60#-96#CA#15720;1#Canadian#CA#CA##60#-96#CA#16165;1#Canadian#CA#CA##60#-96#CA#20123;1#Canadian#CA#CA##60#-96#CA#20951;1#Canadian#CA#CA##60#-96#CA#22858;1#Canadian#CA#CA##60#-96#CA#25782;1#Canadian#CA#CA##60#-96#CA#25829;1#Canadian#CA#CA##60#-96#CA#28040;1#Canadian#CA#CA##60#-96#CA#28912;1#Canadian#CA#CA##60#-96#CA#29288;1#Canadian#CA#CA##60#-96#CA#29688;4#Kanata, Ontario, Canada#CA#CA08#12671#45.3333#-75.9#-566988#22902;3#Houston, Texas, United States#US#USTX#TX201#29.7633#-95.3633#1380948#30937;1#Russians#RS#RS##60#100#RS#21689;1#British#UK#UK##54#-4#UK#1886;1#British#UK#UK##54#-4#UK#12305;3#West Palm Beach, Florida, United States#US#USFL#FL099#26.7153#-80.0534#293097#15022","Jagmeet Singh,74;Prime Minister Justin Trudeau,249;Christopher Katsarov,386;Jagmeet Singh,419;Prime Minister Justin Trudeau,594;Hersh Goldberg-Polin,935;Linda Deutsch,1360;Associated Press,1471;United States,1580;Senator Robert,1628;Sirhan Sirhan,1669;Charles Manson,1708;Michael Jackson,1748;Stevie Cameron,1811;British Columbia,1980;Amy Cameron,2016;Among Cameron,2093;Brian Mulroney,2171;Brazilian Supreme Court,2398;Elon Musk,2454;Los Angeles,3395;Google Cloud,3895;Jagmeet Singh,4107;Prime Minister Justin Trudeau,4282;Opposition Conservatives,4468;Minister Justin Trudeau,4663;Ontario Convenience Store Association Kenny Shim,5072;Gaming Commission,5230;Canadian Medical Association,5482;Labour Day,5936;Minister Pablo Rodriguez,5986;Via Rail,6123;Transport Canada,6153;Justin Trudeau,6272;Liberal Party,6324;Jagmeet Singh,6408;Islamic State,6878;States Attorney General Merrick Garland,7078;Muhammad Shahzeb Khan,7105;Grand Chief Cathy Merrick,7220;Winnipeg Law Courts,7283;Premier Wab Kinew,7434;Commissioner Dennis Daley,7671;Place De La Concorde,8125;Nicholas Bennett,8165;Brianna Hennessy,8202;Herbie Flowers,8366;Lou Reed,8484;David Bowie,8592;Paul McCartney,8633;Broad Street,8668;Blue Mink,8732;Peter Nygard,8810;Robert Goldstein,9312;Chris Carbert,9574;Darth Vader James Earl Jones,10086;Lion King'',10201;Golden Globe,10302;Tony Awards,10323;President Vladimir Putin,10730;Kamala Harris,10960;Guinness World,11386;Taylor Swift,11409;Jared Isaacman,11783;Elon Musk,12136;Health Ministry,12645;Health Minister Mark Holland,12898;Rob Bauer,13747;Jared Isaacman,14300;U-S Air Force Thunderbird,14365;International Space Station,14531;Hubble Space,14548;Dan Levy,14589;Emmy Awards,14654;D'Pharaoh Woon-A-Tai,14737;West Palm Beach,15562;Mental Health Act,15922;David Eby,16003;Maple Ridge,16198;Haydn Edmundson,16382;Soccer Hall,16696;Famer Colin Jose,16716;Soccer Hall,16800;Canada Soccer Hall,16860;Sidney Crosby,17034;Cole Harbour,17163;Kyle Dubas,17256;Aviation Administration,18941;Elon Musk,18956;Maple Leaf Sports,19608;Toronto Maple Leafs,19770;Major League Soccer,19836;Blue Jays,19881;Rogers Centre,19903;Leader Pierre Poilievre,20120;Bloc Leader Yves-Fran,20304;First Nations,20691;Canadian Medical Association,20768;Brunswick Premier Blaine Higgs,20892;Progressive Conservative,20977;Lieutenant-Governor Brenda Murphy,21055;Transport Minister Pablo Rodriguez,21211;Quebec Liberal,21295;Prime Minister Justin Trudeau,21359;Quebec Liberals,21428;Dominique Anglade,21479;Canadian National Exhibition,21626;Shohei Ohtani,21834;Los Angeles Dodgers,22170;Miami Marlins,22282;International Space,22427;Rocky Mountain,22896;Blue River,23161;National Capital Commission,23301;LeBreton Flats,23453;Canadian Tire Centre,23550;Global Polio Eradication Initiative,23721;International Development Minister Ahmed Hussen,23862;World Health Organization,24032;Rear Admiral Daniel Hagari,24305;Health Ontario,24775;Bing Crosby,25190;Seventh Voyage,25265;Mad Ball,25332;Northern California,25480;West Bank,25523;Minister Justin Trudeau,26245;Late Show,26297;Big Apple,26349;Competition Tribunal,27104;Competition Bureau,27258;Joe Biden,27586;New York,27795;Leader Pierre Poilievre,28076;Rogers Stadium,28282;Downsview Park,28396;Winnipeg Jets,28471;Bryan Little,28489;Christine Sinclair,28884;National Women,28999;Soccer League,29014;Tokyo Olympics,29181;Helen Mirren,29360;Associated Press,29387;Premier Danielle Smith,30035;Canadian Songwriters Hall,30146;Will Remember,30422;Jim Cuddy,30582;Greg Keelor,30598;John Black,30667;John Black,30809;Marlena Evans,30970;A-list Hollywood,31045;Kris Kristofferson,31070;Mornin' Comin' Down,31200;Bobby McGee,31266;Barbra Streisand,31337;Ellen Burstyn,31355;Famer Dikembe Mutombo,31499;New York,31864;New Jersey,31888;Industrial Revolution,32172;Pete Rose,32433;Cincinnati Reds,32484;Major League Baseball,32617;Minister Justin Trudeau,32743;Northwest Territories,32822;Inuvialuit Regional,32861",64,gkg_raw_archive_exact_name_deterministic_supplement,2026-08-03T22:38:28Z,Codex manual review,false,"URL subject is unrelated to the target club or the club appears only in incidental, standings, publisher-page, or related-content context",2026-08-03,URL subject and GKG AllNames context do not establish the club as a substantive article subject,20250101090000-587,20250101090000
f5b3b407-dde8-5ee8-994c-a919f51bbafd,WPG-current,WPG,Q472741,Winnipeg Jets,2025-01-11,https://www.winnipegfreepress.com/arts-and-life/life/greenpage/2025/01/10/with-their-los-angeles-area-homes-still-smoldering-families-return-to-search-the-ruins-for-memories,winnipegfreepress.com,"3#San Diego, California, United States#US#USCA#CA073#32.7153#-117.157#1661377#7395;3#Los Angeles, California, United States#US#USCA#CA037#34.0522#-118.244#1662328#11;3#Los Angeles, California, United States#US#USCA#CA037#34.0522#-118.244#1662328#153;3#Los Angeles, California, United States#US#USCA#CA037#34.0522#-118.244#1662328#2458;3#Los Angeles, California, United States#US#USCA#CA037#34.0522#-118.244#1662328#7509;2#Ohio, United States#US#USOH##40.3736#-82.7755#OH#7371;3#Altadena, California, United States#US#USCA#CA037#34.1897#-118.131#1652662#1008;3#Altadena, California, United States#US#USCA#CA037#34.1897#-118.131#1652662#1127;3#Altadena, California, United States#US#USCA#CA037#34.1897#-118.131#1652662#3770;3#Altadena, California, United States#US#USCA#CA037#34.1897#-118.131#1652662#5131;3#Altadena, California, United States#US#USCA#CA037#34.1897#-118.131#1652662#5401;3#Altadena, California, United States#US#USCA#CA037#34.1897#-118.131#1652662#5749;3#San Francisco, California, United States#US#USCA#CA075#37.7749#-122.419#277593#3031;3#San Francisco, California, United States#US#USCA#CA075#37.7749#-122.419#277593#7560;4#Winnipeg, Manitoba, Canada#CA#CA03#12577#49.8833#-97.1667#-576096#6513;4#Winnipeg, Manitoba, Canada#CA#CA03#12577#49.8833#-97.1667#-576096#6568;4#Winnipeg, Manitoba, Canada#CA#CA03#12577#49.8833#-97.1667#-576096#6605;1#Japanese#JA#JA##36#138#JA#1432;2#Kansas, United States#US#USKS##38.5111#-96.8005#KS#7450;3#Pacific Palisades, California, United States#US#USCA#CA037#34.0481#-118.526#1661169#4181;2#California, United States#US#USCA##36.17#-119.746#CA#5344","Los Angeles,140;Palisades Fire,874;Eaton Fire Friday,1007;Gavin Newsom,2364;Los Angeles Fire Chief Kristin Crowley,2605;Palisades Fire,2911;Eaton Fire,2939;Walt Disney,3631;Will Roger Western Ranch House,3905;Queen Anne-style,3928;Pacific Palisades,4361;Greg Benton,4378;Eaton Fire,4987;Karen Bass,5151;Eaton Fire,5341;Nic Coury,5424;Palisades Fire,5495;National Guard,5607;Free Press,6831;Winnipeg Jets,6863;Mike McIntyre,6907;Ken Wiebe,6921;San Diego,7714;Associated Press,7780;Eugene Garcia,7806;Los Angeles,7821;Olga Rodriguez,7845;San Francisco,7862",65,gkg_raw_archive_exact_name_deterministic_supplement,2026-08-03T22:38:28Z,Codex manual review,false,"URL subject is unrelated to the target club or the club appears only in incidental, standings, publisher-page, or related-content context",2026-08-03,URL subject and GKG AllNames context do not establish the club as a substantive article subject,20250111060000-336,20250111060000
31b8edf2-aba8-55b4-8d89-daf420296e19,WPG-current,WPG,Q472741,Winnipeg Jets,2025-01-11,https://www.winnipegfreepress.com/arts-and-life/life/2025/01/10/maintaining-good-balance-is-crucial-as-you-age-asking-these-questions-can-help,winnipegfreepress.com,"4#Santiago, RegióEtropolitana, Chile#CI#CI12#22379#-33.45#-70.6667#-901202#740;1#Chile#CI#CI##-30#-71#CI#747;1#Chile#CI#CI##-30#-71#CI#755;4#Winnipeg, Manitoba, Canada#CA#CA03#12577#49.8833#-97.1667#-576096#3213;4#Winnipeg, Manitoba, Canada#CA#CA03#12577#49.8833#-97.1667#-576096#3268;4#Winnipeg, Manitoba, Canada#CA#CA03#12577#49.8833#-97.1667#-576096#3305","Roopa Anmolsingh,484;Cleveland Clinic,537;Esteban Felix,855;National Council,2298;Free Press,3441;Winnipeg Jets,3473;Mike McIntyre,3517;Ken Wiebe,3531;National Institute,3831",66,gkg_raw_archive_exact_name_deterministic_supplement,2026-08-03T22:38:28Z,Codex manual review,false,"URL subject is unrelated to the target club or the club appears only in incidental, standings, publisher-page, or related-content context",2026-08-03,URL subject and GKG AllNames context do not establish the club as a substantive article subject,20250111060000-675,20250111060000
883aa514-e79b-5f85-87d0-7cb146a9967f,WPG-current,WPG,Q472741,Winnipeg Jets,2024-11-08,https://blackhawkup.com/nhl-standings-ranked-points-percentage-blackhawks-one-leagues-worst-01jc466q802f,blackhawkup.com,"3#Washington, Washington, United States#US#USDC#DC001#38.8951#-77.0364#531871#751;2#Colorado, United States#US#USCO##39.0646#-105.327#CO#1385;2#Utah, United States#US#USUT##40.1135#-111.854#UT#1199;2#Minnesota, United States#US#USMN##45.7326#-93.9196#MN#688","Chicago Blackhawks,59;Winnipeg Jets,709;Minnesota Wild,728;Washington Capitals,796;Central Division,942;Utah Hockey Club,1223;Boston Bruins,1372;Edmonton Oilers,1393;Colorado Avalanche,1425;Central Division,1723",67,gkg_raw_archive_exact_name_deterministic_supplement,2026-08-03T22:38:28Z,Codex manual review,false,"URL subject is unrelated to the target club or the club appears only in incidental, standings, publisher-page, or related-content context",2026-08-03,URL subject and GKG AllNames context do not establish the club as a substantive article subject,20241108000000-496,20241108000000
f893899d-4325-5601-addd-65959a792454,WPG-current,WPG,Q472741,Winnipeg Jets,2025-01-11,https://www.winnipegfreepress.com/world/2025/01/10/californians-scrambled-to-evacuate-dogs-cats-horses-even-pigs-as-la-flames-closed-in,winnipegfreepress.com,"3#Burbank, California, United States#US#USCA#CA085#37.3233#-121.932#277480#702;2#California, United States#US#USCA##36.17#-119.746#CA#3258;2#Kansas, United States#US#USKS##38.5111#-96.8005#KS#6548;3#Los Angeles Equestrian Center, California, United States#US#USCA#CA037#34.1589#-118.308#1732367#676;4#Winnipeg, Manitoba, Canada#CA#CA03#12577#49.8833#-97.1667#-576096#5527;4#Winnipeg, Manitoba, Canada#CA#CA03#12577#49.8833#-97.1667#-576096#5582;4#Winnipeg, Manitoba, Canada#CA#CA03#12577#49.8833#-97.1667#-576096#5619;3#Topanga, California, United States#US#USCA#CA037#34.0936#-118.601#1661580#4967;3#Topanga, California, United States#US#USCA#CA037#34.0936#-118.601#1661580#6027;3#Altadena, California, United States#US#USCA#CA037#34.1897#-118.131#1652662#1326;3#Altadena, California, United States#US#USCA#CA037#34.1897#-118.131#1652662#3338;3#Los Angeles County, California, United States#US#USCA#CA037#34.3667#-118.201#277283#2086;3#Marina Del Rey, California, United States#US#USCA#CA037#33.9803#-118.452#1852255#2379;3#Pierce College, California, United States#US#USCA#CA037#34.1836#-118.58#247454#5129;3#Honolulu, Hawaii, United States#US#USHI#HI003#21.3069#-157.858#366212#6578","Arianna Buturovic,40;Los Angeles,126;Joycelyn Writer,600;Rachel Granger,634;Los Angeles Equestrian Center,722;Damian Dovarganes,814;Los Angeles,947;Purry Mason,1452;Pasadena Humane Society,2151;Angeles County Animal Care,2242;Christopher Valles,2386;Annie Harvilicz,2452;Animal Wellness Centers,2506;Marina Del Rey,2531;Los Angeles,3024;Southern California Equine Emergency Evacuation,3469;Meredith McKenzie,4551;Bob Williams Ranch,5041;Cheney Trail,5057;Oscar Nelson,5278;Pierce College,5388;Free Press,5811;Winnipeg Jets,5843;Mike McIntyre,5887;Ken Wiebe,5901;Associated Press,6755;Heather Hollingsworth,6785;Audrey McAvoy,6831",68,gkg_raw_archive_exact_name_deterministic_supplement,2026-08-03T22:38:28Z,Codex manual review,false,"URL subject is unrelated to the target club or the club appears only in incidental, standings, publisher-page, or related-content context",2026-08-03,URL subject and GKG AllNames context do not establish the club as a substantive article subject,20250111060000-734,20250111060000
cce59604-7284-5473-bbda-b2d870abbf1d,WPG-current,WPG,Q472741,Winnipeg Jets,2025-01-01,https://www.winnipegfreepress.com/uncategorized/2025/01/01/lebron-james-youngest-son-bryce-commits-to-arizona,winnipegfreepress.com,"1#United States#US#US##39.828175#-98.5795#US#295;1#United States#US#US##39.828175#-98.5795#US#456;1#United States#US#US##39.828175#-98.5795#US#868;1#United States#US#US##39.828175#-98.5795#US#909;1#United States#US#US##39.828175#-98.5795#US#989;3#Chatsworth, California, United States#US#USCA#CA037#34.2572#-118.601#1660473#894;2#California, United States#US#USCA##36.17#-119.746#CA#922;3#Springfield, California, United States#US#USCA#CA109#38.0208#-120.412#267609#441;4#Winnipeg, Manitoba, Canada#CA#CA03#12577#49.8833#-97.1667#-576096#1182;4#Winnipeg, Manitoba, Canada#CA#CA03#12577#49.8833#-97.1667#-576096#1237;4#Winnipeg, Manitoba, Canada#CA#CA03#12577#49.8833#-97.1667#-576096#1274;3#Sierra Canyon, Arizona, United States#US#USAZ#AZ023#31.419#-111.356#45607#280;3#Sierra Canyon, Arizona, United States#US#USAZ#AZ023#31.419#-111.356#45607#853;2#Arizona, United States#US#USAZ##33.7712#-111.388#AZ#92;2#Arizona, United States#US#USAZ##33.7712#-111.388#AZ#1091","Bryce James,43;LeBron James,75;Bron James,227;Bryce James,274;Christopher Columbus,317;Hoophall Classic,390;Gregory Payan,474;Los Angeles Lakers,687;Bryce James,811;Sierra Canyon High School,877;United States Basketball,988;Tommy Lloyd,1099;Free Press,1193;Winnipeg Jets,1225;Mike McIntyre,1269;Ken Wiebe,1283",69,gkg_raw_archive_exact_name_deterministic_supplement,2026-08-03T22:38:28Z,Codex manual review,false,"URL subject is unrelated to the target club or the club appears only in incidental, standings, publisher-page, or related-content context",2026-08-03,URL subject and GKG AllNames context do not establish the club as a substantive article subject,20250101210000-752,20250101210000
0deebf45-8c4d-5fc6-ab95-67a95ee52790,WPG-current,WPG,Q472741,Winnipeg Jets,2024-11-08,https://www.winnipegfreepress.com/arts-and-life/entertainment/movies/2024/11/07/locally-shot-book-adaptation-hits-happy-holiday-sweet-spot,winnipegfreepress.com,"4#Winnipeg, Manitoba, Canada#CA#CA03#12577#49.8833#-97.1667#-576096#419;4#Winnipeg, Manitoba, Canada#CA#CA03#12577#49.8833#-97.1667#-576096#2227;4#Winnipeg, Manitoba, Canada#CA#CA03#12577#49.8833#-97.1667#-576096#2282;4#Winnipeg, Manitoba, Canada#CA#CA03#12577#49.8833#-97.1667#-576096#2319","Hallmark Christmas,125;Date Before Christmas,168;Amazing Winter Romance,196;Violent Night,260;Ordinary Angels,313;Best Christmas Pageant Ever,418;Kingdom Story Company,725;Judy Greer,965;Best Christmas Pageant,1000;Pete Holmes,1021;Judy Greer,1043;Best Christmas Pageant,1078;Beatrice Schneider,1445;Molly Belle Wright,1608;Judy Greer,1764;Mariam Bernstein,1871;Sebastian Billingsley-Rodriguez,1982;Barbara Robinson,2286;Gilmore Girl Lauren Graham,2340;Free Press,2390;Winnipeg Jets,2422;Mike McIntyre,2466;Ken Wiebe,2480;Pete Holmes,2691;Molly Wright,2709;Judy Greer,2724;Pete Holmes,2903;Ned Flanders,3028;Dallas Jenkins,3129;Jesus Revolution,3153;Sarah Constible,3529;Daina Leitold,3565;Pete Holmes,3796;Molly Wright,3814;Judy Greer,3829;Randall King,3886",70,gkg_raw_archive_exact_name_deterministic_supplement,2026-08-03T22:38:28Z,Codex manual review,false,"URL subject is unrelated to the target club or the club appears only in incidental, standings, publisher-page, or related-content context",2026-08-03,URL subject and GKG AllNames context do not establish the club as a substantive article subject,20241108000000-199,20241108000000
65c12f14-695d-53a9-8e1a-5f14c3d08b78,WPG-current,WPG,Q472741,Winnipeg Jets,2025-01-01,https://www.thereminder.ca/provincial-news/canadian-world-junior-captain-brayden-yager-on-mesmerizing-time-with-crosby-10020685,thereminder.ca,"4#Ottawa, Ontario, Canada#CA#CA08#12755#45.4167#-75.7#-570760#6;1#Czechs#EZ#EZ##49.75#15#EZ#1404;1#Canada#CA#CA##60#-96#CA#14;1#Canada#CA#CA##60#-96#CA#620;1#Canada#CA#CA##60#-96#CA#812;1#Canada#CA#CA##60#-96#CA#1232;1#Canada#CA#CA##60#-96#CA#1633;1#Canada#CA#CA##60#-96#CA#2973;1#Canada#CA#CA##60#-96#CA#3067;1#Canada#CA#CA##60#-96#CA#3218;1#Canadian#CA#CA##60#-96#CA#2550;1#Canadian#CA#CA##60#-96#CA#3476;1#Canadian#CA#CA##60#-96#CA#3518;1#Canadian#CA#CA##60#-96#CA#3565;4#Winnipeg, Manitoba, Canada#CA#CA03#12577#49.8833#-97.1667#-576096#612;4#Winnipeg, Manitoba, Canada#CA#CA03#12577#49.8833#-97.1667#-576096#3210;4#Moose Jaw, Saskatchewan, Canada#CA#CA11#12799#50.4#-105.55#-569584#1625;4#Moose Jaw, Saskatchewan, Canada#CA#CA11#12799#50.4#-105.55#-569584#2965;1#Czechia#EZ#EZ##49.75#15#EZ#1250","Brayden Yager,26;Pittsburgh Penguins,78;Stanley Cup,318;Winnipeg Jets,640;Rutger McGroarty,681;Maple Leaf,896;Western Hockey League,1689;Moose Jaw Warriors,1709;Berkly Catton,2716;Seattle Kraken,2993;Moose Jaw,3145;Lethbridge Hurricanes,3174;Canadian Press,3663;Canadian Press,3705",71,gkg_raw_archive_exact_name_deterministic_supplement,2026-08-03T22:38:28Z,Codex manual review,true,,2026-08-03,URL subject and GKG AllNames context establish a substantive article-context reference to the registered NHL club,20250101210000-873,20250101210000
01088098-2811-5f96-b615-fd7d3846e331,WPG-current,WPG,Q472741,Winnipeg Jets,2025-01-01,https://winnipeg.ctvnews.ca/mittelstadt-leads-avalanche-past-nhl-leading-jets-5-2-1.7162244,winnipeg.ctvnews.ca,"4#Winnipeg, Manitoba, Canada#CA#CA03#12577#49.8833#-97.1667#-576096#173;4#Winnipeg, Manitoba, Canada#CA#CA03#12577#49.8833#-97.1667#-576096#372;4#Winnipeg, Manitoba, Canada#CA#CA03#12577#49.8833#-97.1667#-576096#716;3#Denver, Colorado, United States#US#USCO#CO031#39.7392#-104.985#201738#6;3#Philadelphia, Pennsylvania, United States#US#USPA#PA101#39.9523#-75.1638#1209052#252;2#Colorado, United States#US#USCO##39.0646#-105.327#CO#134;2#Colorado, United States#US#USCO##39.0646#-105.327#CO#421;2#Colorado, United States#US#USCO##39.0646#-105.327#CO#910","Colorado Avalanche,124;Winnipeg Jets,157;Josh Manson,331;Eric Comrie,362;Devon Toews,458;Mackenzie Blackwood,495;Mikko Rantanen,528;Ross Colton,544;Rasmus Kupari,663;Gabriel Vilardi,683;Connor Hellebuyck,879;Dylan DeMelo,965",72,gkg_raw_archive_exact_name_deterministic_supplement,2026-08-03T22:38:28Z,Codex manual review,true,,2026-08-03,URL subject and GKG AllNames context establish a substantive article-context reference to the registered NHL club,20250101210000-645,20250101210000
aa8b8675-c7b3-537e-9776-e7abdb69d6d4,WPG-current,WPG,Q472741,Winnipeg Jets,2025-01-01,https://www.winnipegfreepress.com/arts-and-life/entertainment/celebrities/2025/01/01/movies-in-2024-lessons-from-a-turbulent-year-at-the-box-office,winnipegfreepress.com,"1#American#US#US##39.828175#-98.5795#US#3911;3#Hollywood, California, United States#US#USCA#CA037#34.0983#-118.327#1660757#406;3#Hollywood, California, United States#US#USCA#CA037#34.0983#-118.327#1660757#1148;3#Hollywood, California, United States#US#USCA#CA037#34.0983#-118.327#1660757#1338;4#Winnipeg, Manitoba, Canada#CA#CA03#12577#49.8833#-97.1667#-576096#6120;4#Winnipeg, Manitoba, Canada#CA#CA03#12577#49.8833#-97.1667#-576096#6175;4#Winnipeg, Manitoba, Canada#CA#CA03#12577#49.8833#-97.1667#-576096#6212","Auli'i Cravalho,785;Auli'i Cravalho,896;Walt Disney Studios,958;Paul Dergarabedian,1064;Walt Disney,3096;Daniel Loria,3613;Fall Guy,4045;Mad Max,4098;Kevin Costner,4259;Francis Ford Coppola,4338;Blake Lively,5765;Christopher Nolan,6231;Phantom Menace,6288;Free Press,6718;Winnipeg Jets,6750;Mike McIntyre,6794;Ken Wiebe,6808;National Association,7868",73,gkg_raw_archive_exact_name_deterministic_supplement,2026-08-03T22:38:28Z,Codex manual review,false,"URL subject is unrelated to the target club or the club appears only in incidental, standings, publisher-page, or related-content context",2026-08-03,URL subject and GKG AllNames context do not establish the club as a substantive article subject,20250101210000-438,20250101210000
a5fbc737-84f8-5adb-813a-1481b59ccb7b,WPG-current,WPG,Q472741,Winnipeg Jets,2024-11-08,https://www.winnipegfreepress.com/arts-and-life/entertainment/celebrities/2024/11/08/cp-newsalert-canadian-beyonce-collaborators-earn-grammy-nominations,winnipegfreepress.com,"1#Canadian#CA#CA##60#-96#CA#1350;4#Toronto, Ontario, Canada#CA#CA08#12686#43.6667#-79.4167#-574890#1236;4#Winnipeg, Manitoba, Canada#CA#CA03#12577#49.8833#-97.1667#-576096#471;4#Winnipeg, Manitoba, Canada#CA#CA03#12577#49.8833#-97.1667#-576096#742;4#Winnipeg, Manitoba, Canada#CA#CA03#12577#49.8833#-97.1667#-576096#797;4#Winnipeg, Manitoba, Canada#CA#CA03#12577#49.8833#-97.1667#-576096#834;1#Canadians#CA#CA##60#-96#CA#17;1#Canadians#CA#CA##60#-96#CA#1296;1#Canadians#CA#CA##60#-96#CA#1395","Several Canadians,18;Nathan Ferraro,167;Dave Hamelin,209;Elizabeth Lowell,269;News Break,562;Free Press,780;Winnipeg Jets,812;Mike McIntyre,856;Ken Wiebe,870;Producer Nathan Ferraro,1070;Elizabeth Lowell Boland,1123;Paige Taylor,1366;Nathan Ferraro,1540;Dave Hamelin,1582;Elizabeth Lowell,1642;Nathan Ferraro,1689;Elizabeth Lowell Boland,1742;Advertise With,1806",74,gkg_raw_archive_exact_name_deterministic_supplement,2026-08-03T22:38:28Z,Codex manual review,false,"URL subject is unrelated to the target club or the club appears only in incidental, standings, publisher-page, or related-content context",2026-08-03,URL subject and GKG AllNames context do not establish the club as a substantive article subject,20241108180000-2315,20241108180000
df534d64-73d2-5c7f-8956-97502bde05f0,WPG-current,WPG,Q472741,Winnipeg Jets,2025-01-01,https://www.bignewsnetwork.com/news/274906184/avalanche-power-past-jets-for-fifth-straight-win,bignewsnetwork.com,"2#Colorado, United States#US#USCO##39.0646#-105.327#CO#118;2#Colorado, United States#US#USCO##39.0646#-105.327#CO#379;2#Colorado, United States#US#USCO##39.0646#-105.327#CO#1372;3#Denver, Colorado, United States#US#USCO#CO031#39.7392#-104.985#201738#163;3#Philadelphia, Pennsylvania, United States#US#USPA#PA101#39.9523#-75.1638#1209052#879","Ron Chenoy-Imagn Images,44;Colorado Avalanche,137;Winnipeg Jets,160;Devon Toews,230;Mikko Rantanen,250;Ross Colton,266;Josh Manson,295;Jonathan Drouin,315;Mackenzie Blackwood,360;Rasmus Kupari,464;Eric Comrie,490;Dylan DeMelo,601;Morgan Barron,1560;Field Level,2132",75,gkg_raw_archive_exact_name_deterministic_supplement,2026-08-03T22:38:28Z,Codex manual review,true,,2026-08-03,URL subject and GKG AllNames context establish a substantive article-context reference to the registered NHL club,20250101090000-467,20250101090000
184ae657-2897-5393-929c-43c4488e23ee,WPG-current,WPG,Q472741,Winnipeg Jets,2025-01-01,https://lasvegassun.com/news/2025/jan/01/golden-knights-near-perfect-december-spoiled-on-fi/,lasvegassun.com,"4#Montreal, Quebec, Canada#CA#CA10#12713#45.5#-73.5833#-569541#982;4#Montreal, Quebec, Canada#CA#CA10#12713#45.5#-73.5833#-569541#1170;4#Winnipeg, Manitoba, Canada#CA#CA03#12577#49.8833#-97.1667#-576096#2032","Vegas Golden Knights,119;Golden Knights,235;Golden Knights,366;Ivan Barbashev,474;Vega December,552;Golden Knight,753;Bruce Cassidy,879;Golden Knights,1049;Golden Knights,1189;Shea Theodore,1241;Golden Knights,1591;Noah Hanifin,1967;Golden Knights,2188;Winnipeg Jets,2270;T-Mobile Arena,2332;Golden Knights,2460",76,gkg_raw_archive_exact_name_deterministic_supplement,2026-08-03T22:38:28Z,Codex manual review,false,"URL subject is unrelated to the target club or the club appears only in incidental, standings, publisher-page, or related-content context",2026-08-03,URL subject and GKG AllNames context do not establish the club as a substantive article subject,20250101120000-751,20250101120000
714369d7-ecdd-5b5f-aac7-9f5ee5a4e8e7,WPG-current,WPG,Q472741,Winnipeg Jets,2025-01-11,https://www.winnipegfreepress.com/arts-and-life/life/2025/01/10/some-us-lawmakers-want-more-christianity-in-the-classroom-trump-could-embolden-their-plans,winnipegfreepress.com,"1#United States#US#US##39.828175#-98.5795#US#25;1#United States#US#US##39.828175#-98.5795#US#934;1#United States#US#US##39.828175#-98.5795#US#2142;1#United States#US#US##39.828175#-98.5795#US#4199;1#United States#US#US##39.828175#-98.5795#US#4621;2#Oklahoma, United States#US#USOK##35.5376#-96.9247#OK#2675;3#Baton Rouge, Louisiana, United States#US#USLA#LA033#30.4507#-91.1545#1629914#919;2#Utah, United States#US#USUT##40.1135#-111.854#UT#2844;1#American#US#US##39.828175#-98.5795#US#1959;1#American#US#US##39.828175#-98.5795#US#3895;1#American#US#US##39.828175#-98.5795#US#6521;3#Washington, Washington, United States#US#USDC#DC001#38.8951#-77.0364#531871#10;3#Washington, Washington, United States#US#USDC#DC001#38.8951#-77.0364#531871#4606;2#Michigan, United States#US#USMI##43.3504#-84.5603#MI#4211;3#Hillsdale College, Michigan, United States#US#USMI#MI059#41.9328#-84.6333#628322#4184;2#Louisiana, United States#US#USLA##31.1801#-91.8749#LA#754;2#Louisiana, United States#US#USLA##31.1801#-91.8749#LA#2357;2#Louisiana, United States#US#USLA##31.1801#-91.8749#LA#3207;2#Louisiana, United States#US#USLA##31.1801#-91.8749#LA#5535;2#South Dakota, United States#US#USSD##44.2853#-99.4632#SD#4356;4#Winnipeg, Manitoba, Canada#CA#CA03#12577#49.8833#-97.1667#-576096#7102;4#Winnipeg, Manitoba, Canada#CA#CA03#12577#49.8833#-97.1667#-576096#7157;4#Winnipeg, Manitoba, Canada#CA#CA03#12577#49.8833#-97.1667#-576096#7194;2#Texas, United States#US#USTX##31.106#-97.6475#TX#2565;2#Texas, United States#US#USTX##31.106#-97.6475#TX#6135;2#Texas, United States#US#USTX##31.106#-97.6475#TX#6685;2#Texas, United States#US#USTX##31.106#-97.6475#TX#7073;1#Americans#US#US##39.828175#-98.5795#US#1718;1#Americans#US#US##39.828175#-98.5795#US#1788;1#Americans#US#US##39.828175#-98.5795#US#6025;1#Americans#US#US##39.828175#-98.5795#US#6677","President-elect Donald Trump,332;First Amendment,397;Attorney General Liz Murrill,779;Ten Commandments,832;Ten Commandments,889;Baton Rouge,945;Rachel Laser,1736;Americans United,1781;United States,2212;Ten Commandments,2527;Ten Commandments,2989;Ten Commandments,3334;Hillsdale College,4333;Supreme Court,4704;Derek Black,5290;Joseph Davis,5606;Ten Commandments,5731;Supreme Court,5760;Jonathan Saenz,7298;Texas Values,7320;Free Press,7352;Winnipeg Jets,7384;Mike McIntyre,7428;Ken Wiebe,7442;One Nation Under God,7732;Sara Cline,7785;Kimberlee Kruesi,7807;Peter Smith,7823;Associated Pres,7857",77,gkg_raw_archive_exact_name_deterministic_supplement,2026-08-03T22:38:28Z,Codex manual review,false,"URL subject is unrelated to the target club or the club appears only in incidental, standings, publisher-page, or related-content context",2026-08-03,URL subject and GKG AllNames context do not establish the club as a substantive article subject,20250111060000-379,20250111060000
90996258-b999-505e-86b6-68fe9c576086,WPG-current,WPG,Q472741,Winnipeg Jets,2025-01-11,https://www.winnipegfreepress.com/arts-and-life/entertainment/celebrities/2025/01/10/sam-moore-who-sang-soul-man-in-sam-dave-duo-dies-at-89-due-to-surgery-complications,winnipegfreepress.com,"4#Winnipeg, Manitoba, Canada#CA#CA03#12577#49.8833#-97.1667#-576096#3049;4#Winnipeg, Manitoba, Canada#CA#CA03#12577#49.8833#-97.1667#-576096#3104;4#Winnipeg, Manitoba, Canada#CA#CA03#12577#49.8833#-97.1667#-576096#3141;2#Florida, United States#US#USFL##27.8333#-81.717#FL#322;2#Texas, United States#US#USTX##31.106#-97.6475#TX#698;3#Coral Gables, Florida, United States#US#USFL#FL086#25.7215#-80.2684#280801#12;3#Coral Gables, Florida, United States#US#USFL#FL086#25.7215#-80.2684#280801#297;3#Miami, Florida, United States#US#USFL#FL086#25.7743#-80.1937#295004#2988;3#Miami, Florida, United States#US#USFL#FL086#25.7743#-80.1937#295004#3460;2#Georgia, United States#US#USGA##32.9866#-83.6487#GA#2024;1#American#US#US##39.828175#-98.5795#US#2196","Sam Moore,42;I'm Comin,205;Jeremy Westby,257;Coral Gables,304;Michael Jackson,488;Bruce Springsteen,524;Dave Prater,559;Roll Hall,587;College Station,692;Tennessee-based Stax Records,803;Don't Know Like I Know,1049;Thank You,1111;Isaac Hayes,1185;David Porter,1202;Steve Cropper,1289;John Belushi,1568;Dan Aykroyd,1584;New Sam,2102;American Federation,2342;Radio Artists,2374;Associated Press,2413;Republican Bob Dole,2888;Republican President Donald Trump,3018;Barack Obama,3139;I'm Comin',3189;Free Press,3298;Winnipeg Jets,3330;Mike McIntyre,3374;Ken Wiebe,3388;Atlantic Records,3810;Jerry Wexler,3837",78,gkg_raw_archive_exact_name_deterministic_supplement,2026-08-03T22:38:28Z,Codex manual review,false,"URL subject is unrelated to the target club or the club appears only in incidental, standings, publisher-page, or related-content context",2026-08-03,URL subject and GKG AllNames context do not establish the club as a substantive article subject,20250111060000-317,20250111060000
b59eece0-ed6c-5d41-808a-ac50d5db3030,WPG-current,WPG,Q472741,Winnipeg Jets,2024-11-08,https://www.tsn.ca/with-back-to-back-shutouts-winnipeg-jets-connor-hellebuyck-named-nhlpa-player-of-the-week-1.2201980,tsn.ca,"4#Winnipeg, Manitoba, Canada#CA#CA03#12577#49.8833#-97.1667#-576096#38;2#Colorado, United States#US#USCO##39.0646#-105.327#CO#212","Winnipeg Jets,49;Connor Hellebuyck,78;Colorado Avalanche,220;Utah Hockey Club,318;Vezina Trophy,391",79,gkg_raw_archive_exact_name_deterministic_supplement,2026-08-03T22:38:28Z,Codex manual review,true,,2026-08-03,URL subject and GKG AllNames context establish a substantive article-context reference to the registered NHL club,20241108180000-203,20241108180000
aee2a94e-bd1c-5efe-82c3-a1c18deafb25,WPG-current,WPG,Q472741,Winnipeg Jets,2025-01-01,https://www.nhl.com/news/topic/world-junior-championship/on-tap-world-juniors-news-and-notes-january-1-2025,nhl.com,"1#Germany#GM#GM##51.5#10.5#GM#1303;1#Canada#CA#CA##60#-96#CA#925;1#Canada#CA#CA##60#-96#CA#1174;1#Canada#CA#CA##60#-96#CA#1390;1#Canada#CA#CA##60#-96#CA#1613;1#Canada#CA#CA##60#-96#CA#1814;1#Canada#CA#CA##60#-96#CA#2081;1#Canada#CA#CA##60#-96#CA#2313;1#Canada#CA#CA##60#-96#CA#2944;1#Canada#CA#CA##60#-96#CA#3855;1#Canada#CA#CA##60#-96#CA#3945;1#Canada#CA#CA##60#-96#CA#4566;1#Canada#CA#CA##60#-96#CA#4653;1#Canada#CA#CA##60#-96#CA#4876;1#Canada#CA#CA##60#-96#CA#5089;1#United States#US#US##39.828175#-98.5795#US#1509;4#Ottawa, Ontario, Canada#CA#CA08#12755#45.4167#-75.7#-570760#1806;1#Switzerland#SZ#SZ##47#8#SZ#631;1#Switzerland#SZ#SZ##47#8#SZ#1525;1#Switzerland#SZ#SZ##47#8#SZ#2473;1#Latvia#LG#LG##57#25#LG#227;1#Latvia#LG#LG##57#25#LG#788;1#Latvia#LG#LG##57#25#LG#827;1#Sweden#SW#SW##62#15#SW#216;1#Sweden#SW#SW##62#15#SW#242;1#Sweden#SW#SW##62#15#SW#408;1#Sweden#SW#SW##62#15#SW#553;1#Sweden#SW#SW##62#15#SW#2713;1#Sweden#SW#SW##62#15#SW#4359;1#Sweden#SW#SW##62#15#SW#4435;1#Kazakhstan#KZ#KZ##48#68#KZ#2530;1#Kazakhstan#KZ#KZ##48#68#KZ#3592;1#Finland#FI#FI##64#26#FI#2734;1#Finland#FI#FI##64#26#FI#3393;1#Czechia#EZ#EZ##49.75#15#EZ#378;1#Czechia#EZ#EZ##49.75#15#EZ#723;1#Czechia#EZ#EZ##49.75#15#EZ#3844;1#Czechia#EZ#EZ##49.75#15#EZ#3924;1#Czechia#EZ#EZ##49.75#15#EZ#3974;1#Czechia#EZ#EZ##49.75#15#EZ#4382;1#Czechia#EZ#EZ##49.75#15#EZ#5183","Junior Championship,34;Junior Championship,198;Linards Feldbergs,1034;Forward Eriks Mateiko,1294;Washington Capitals,1317;Artis Abols,1639;Detroit Red Wings,1737;David Carle,2075;Cole Hutson,2366;Washington Capitals,2389;Carter George,3274;Aron Kiviharju,3796;Minnesota Wild,3814;Maxim Strbak,4120;Buffalo Sabres,4138;Dalibor Dvorsky,4186;Louis Blues,4205;Eduard Sale,4504;Seattle Kraken,4522;Jakub Stancl,4542;Louis Blues,4561;Michael Hrabal,4674;Utah Hockey Club,4694;Dave Cameron,5215;Brayden Yager,5695;Winnipeg Jets,5712",80,gkg_raw_archive_exact_name_deterministic_supplement,2026-08-03T22:38:28Z,Codex manual review,false,"URL subject is unrelated to the target club or the club appears only in incidental, standings, publisher-page, or related-content context",2026-08-03,URL subject and GKG AllNames context do not establish the club as a substantive article subject,20250101180000-401,20250101180000
64628e50-48e3-5597-b2be-33f92b06d791,WPG-current,WPG,Q472741,Winnipeg Jets,2024-11-08,https://www.winnipegfreepress.com/canada/2024/11/08/supreme-court-charts-path-for-reviewing-validity-of-government-regulations,winnipegfreepress.com,"4#Winnipeg, Manitoba, Canada#CA#CA03#12577#49.8833#-97.1667#-576096#1022;4#Winnipeg, Manitoba, Canada#CA#CA03#12577#49.8833#-97.1667#-576096#1076;4#Winnipeg, Manitoba, Canada#CA#CA03#12577#49.8833#-97.1667#-576096#1113;4#Ottawa, Ontario, Canada#CA#CA08#12755#45.4167#-75.7#-570760#6;1#Canadian#CA#CA##60#-96#CA#556;1#Canadian#CA#CA##60#-96#CA#725;1#Canadian#CA#CA##60#-96#CA#1484;1#Canada#CA#CA##60#-96#CA#14;1#Canada#CA#CA##60#-96#CA#50;1#Canada#CA#CA##60#-96#CA#628;1#Canada#CA#CA##60#-96#CA#691;1#Canada#CA#CA##60#-96#CA#1030;1#Canada#CA#CA##60#-96#CA#1084;1#Canada#CA#CA##60#-96#CA#1121","Supreme Court,30;Supreme Court,230;Royal Canadian Air Force,568;Supreme Court,615;Canada Day,695;Free Press,1061;Winnipeg Jets,1093;Mike McIntyre,1137;Ken Wiebe,1151;Canadian Press,1473",81,gkg_raw_archive_exact_name_deterministic_supplement,2026-08-03T22:38:28Z,Codex manual review,false,"URL subject is unrelated to the target club or the club appears only in incidental, standings, publisher-page, or related-content context",2026-08-03,URL subject and GKG AllNames context do not establish the club as a substantive article subject,20241108180000-2101,20241108180000
000f6ca3-5257-5dd2-9f67-a3ca38479c15,WPG-current,WPG,Q472741,Winnipeg Jets,2024-11-08,https://realradio.iheart.com/content/2024-11-08-lightning-fall-to-flyers-in-shootout/,iheart.com,"3#Philadelphia, Pennsylvania, United States#US#USPA#PA101#39.9523#-75.1638#1209052#16;3#Philadelphia, Pennsylvania, United States#US#USPA#PA101#39.9523#-75.1638#1209052#445","Philadelphia Flyers,24;Tampa Bay Lightning,73;Owen Tippett,290;Tampa Bay,546;Winnipeg Jets,656",82,gkg_raw_archive_exact_name_deterministic_supplement,2026-08-03T22:38:28Z,Codex manual review,false,"URL subject is unrelated to the target club or the club appears only in incidental, standings, publisher-page, or related-content context",2026-08-03,URL subject and GKG AllNames context do not establish the club as a substantive article subject,20241108180000-1682,20241108180000
9a72038c-530d-5c1b-b476-65269d7c087d,WPG-current,WPG,Q472741,Winnipeg Jets,2025-01-11,https://www.winnipegfreepress.com/breakingnews/2025/01/10/jets-fall-to-kings-2-1-in-overtime,winnipegfreepress.com,"4#Winnipeg, Manitoba, Canada#CA#CA03#12577#49.8833#-97.1667#-576096#65;4#Winnipeg, Manitoba, Canada#CA#CA03#12577#49.8833#-97.1667#-576096#751;4#Winnipeg, Manitoba, Canada#CA#CA03#12577#49.8833#-97.1667#-576096#891;4#Winnipeg, Manitoba, Canada#CA#CA03#12577#49.8833#-97.1667#-576096#1375;4#Winnipeg, Manitoba, Canada#CA#CA03#12577#49.8833#-97.1667#-576096#2730;4#Winnipeg, Manitoba, Canada#CA#CA03#12577#49.8833#-97.1667#-576096#3808;4#Winnipeg, Manitoba, Canada#CA#CA03#12577#49.8833#-97.1667#-576096#6346;4#Winnipeg, Manitoba, Canada#CA#CA03#12577#49.8833#-97.1667#-576096#6401;4#Winnipeg, Manitoba, Canada#CA#CA03#12577#49.8833#-97.1667#-576096#6438;4#Winnipeg, Manitoba, Canada#CA#CA03#12577#49.8833#-97.1667#-576096#8300;4#Winnipeg, Manitoba, Canada#CA#CA03#12577#49.8833#-97.1667#-576096#8447;4#Winnipeg, Manitoba, Canada#CA#CA03#12577#49.8833#-97.1667#-576096#8717;4#Winnipeg, Manitoba, Canada#CA#CA03#12577#49.8833#-97.1667#-576096#8835;4#Winnipeg, Manitoba, Canada#CA#CA03#12577#49.8833#-97.1667#-576096#9377;4#Winnipeg, Manitoba, Canada#CA#CA03#12577#49.8833#-97.1667#-576096#9523;1#Canadian#CA#CA##60#-96#CA#731;1#Canadian#CA#CA##60#-96#CA#2710;1#Canadian#CA#CA##60#-96#CA#3788;1#Canadian#CA#CA##60#-96#CA#8280;2#California, United States#US#USCA##36.17#-119.746#CA#2289;2#California, United States#US#USCA##36.17#-119.746#CA#6866;2#California, United States#US#USCA##36.17#-119.746#CA#7096;2#Colorado, United States#US#USCO##39.0646#-105.327#CO#1621;4#Bluesky, Alberta, Canada#CA#CA01#154724#56.0667#-118.25#-561397#9220;3#Los Angeles, California, United States#US#USCA#CA037#34.0522#-118.244#1662328#173;3#Los Angeles, California, United States#US#USCA#CA037#34.0522#-118.244#1662328#823;3#Los Angeles, California, United States#US#USCA#CA037#34.0522#-118.244#1662328#963;3#Los Angeles, California, United States#US#USCA#CA037#34.0522#-118.244#1662328#1821;3#Los Angeles, California, United States#US#USCA#CA037#34.0522#-118.244#1662328#7995;3#Los Angeles, California, United States#US#USCA#CA037#34.0522#-118.244#1662328#8365;3#Los Angeles, California, United States#US#USCA#CA037#34.0522#-118.244#1662328#8512;3#Los Angeles, California, United States#US#USCA#CA037#34.0522#-118.244#1662328#8664;3#Los Angeles, California, United States#US#USCA#CA037#34.0522#-118.244#1662328#8766","Scott Arniel,13;Winnipeg Jets,71;Los Angeles Kings,176;Adrian Kempe,544;Jet Adam Lowry,766;Los Angeles King Anze Kopitar,834;Winnipeg Jet Adam Lowry,886;Los Angeles King Anze Kopitar,954;Mark Scheifele,2102;Kyle Connor,2164;Gabriel Vilardi,2184;Alex Turcotte,2652;Eric Comrie,2782;Darcy Kuemper,3426;Kyle Connor,3450;Connor Hellebuyck,3627;Jets Executive Chairman Mark Chipman,3919;Connor Hellebuyck,3958;Vezina Trophy,4128;Mark Chipman,4540;Laurent Brossoit,4835;Andrew Copp,4852;Dustin Byfuglien,4873;Dylan Samberg,5401;Neal Pionk,6211;Free Press,6595;Winnipeg Jets,6627;Mike McIntyre,6671;Ken Wiebe,6685;Trevor Moore,7205;Los Angeles Fire Department,8256;Jet Kyle Connor,8557;Los Angeles King Vladislav Gavrikov,8628;Winnipeg Jet Kyle Connor,8689;Los Angeles King Vladislav Gavrikov,8760;Angeles G Darcy Kuemper,8940;Ville Heinola,9026;Dominic Toninato,9055;Hayden Fleury,9091;Colin Miller,9108;Mason Appleton,9135;Joel Edmundson,9194;Creative Communications,9546;Red River College,9575;Winnipeg Sun,9647;Free Press,9677;Free Press,9922;Free Press,10029",83,gkg_raw_archive_exact_name_deterministic_supplement,2026-08-03T22:38:28Z,Codex manual review,true,,2026-08-03,URL subject and GKG AllNames context establish a substantive article-context reference to the registered NHL club,20250111060000-386,20250111060000
6a6f7bf9-bba3-5ed1-9ffe-8c30d7c75f21,WPG-current,WPG,Q472741,Winnipeg Jets,2025-01-01,https://www.winnipegfreepress.com/arts-and-life/life/health/2025/01/01/new-york-employers-must-now-offer-paid-medical-leave-during-pregnancy,winnipegfreepress.com,"4#Winnipeg, Manitoba, Canada#CA#CA03#12577#49.8833#-97.1667#-576096#780;4#Winnipeg, Manitoba, Canada#CA#CA03#12577#49.8833#-97.1667#-576096#835;4#Winnipeg, Manitoba, Canada#CA#CA03#12577#49.8833#-97.1667#-576096#872;2#New York, United States#US#USNY##42.1497#-74.9384#NY#221;2#New York, United States#US#USNY##42.1497#-74.9384#NY#571;2#New York, United States#US#USNY##42.1497#-74.9384#NY#768;2#New York, United States#US#USNY##42.1497#-74.9384#NY#1134","Pregnant New Yorkers,51;Kathy Hochul,203;New York,234;New York Capitol,593;Hans Pennink,670;Free Press,839;Winnipeg Jets,871;Mike McIntyre,915;Ken Wiebe,929;New York,1134",84,gkg_raw_archive_exact_name_deterministic_supplement,2026-08-03T22:38:28Z,Codex manual review,false,"URL subject is unrelated to the target club or the club appears only in incidental, standings, publisher-page, or related-content context",2026-08-03,URL subject and GKG AllNames context do not establish the club as a substantive article subject,20250101180000-485,20250101180000
23a4df54-9ae1-5850-b819-59922fc3c2ab,WPG-current,WPG,Q472741,Winnipeg Jets,2025-01-11,https://www.winnipegfreepress.com/world/2025/01/10/venezuelas-opposition-supporters-grapple-with-hope-and-disappointment-after-maduro-is-sworn-in,winnipegfreepress.com,"1#Canada#CA#CA##60#-96#CA#4728;1#Canada#CA#CA##60#-96#CA#4783;1#Canada#CA#CA##60#-96#CA#4820;1#Canada#CA#CA##60#-96#CA#5102;1#Venezuelans#VE#VE##8#-66#VE#1311;1#Venezuela#VE#VE##8#-66#VE#18;1#Venezuela#VE#VE##8#-66#VE#30;1#Venezuela#VE#VE##8#-66#VE#438;1#Venezuela#VE#VE##8#-66#VE#450;1#Venezuela#VE#VE##8#-66#VE#1005;1#Venezuela#VE#VE##8#-66#VE#1017;1#Venezuela#VE#VE##8#-66#VE#1608;1#Venezuela#VE#VE##8#-66#VE#2030;1#Venezuela#VE#VE##8#-66#VE#2270;1#Venezuela#VE#VE##8#-66#VE#2385;1#Venezuela#VE#VE##8#-66#VE#3117;1#Venezuela#VE#VE##8#-66#VE#3555;1#Venezuela#VE#VE##8#-66#VE#3673;1#Venezuela#VE#VE##8#-66#VE#5340;1#Venezuela#VE#VE##8#-66#VE#5597;1#Venezuela#VE#VE##8#-66#VE#5752;1#Venezuela#VE#VE##8#-66#VE#6016;4#Winnipeg, Manitoba, Canada#CA#CA03#12577#49.8833#-97.1667#-576096#4720;4#Winnipeg, Manitoba, Canada#CA#CA03#12577#49.8833#-97.1667#-576096#4775;4#Winnipeg, Manitoba, Canada#CA#CA03#12577#49.8833#-97.1667#-576096#4812;1#Britain#UK#UK##54#-4#UK#5112;1#America#US#US##39.828175#-98.5795#US#2189;1#Venezuelan#VE#VE##8#-66#VE#72;1#Venezuelan#VE#VE##8#-66#VE#5183;1#Spain#SP#SP##40#-4#SP#5429;1#Dominican Republic#DR#DR##19#-70.666667#DR#5490;4#Caracas, Distrito Federal, Venezuela#VE#VE25#31959#10.5#-66.9167#-938457#7;4#Caracas, Distrito Federal, Venezuela#VE#VE25#31959#10.5#-66.9167#-938457#427;4#Caracas, Distrito Federal, Venezuela#VE#VE25#31959#10.5#-66.9167#-938457#994;4#Caracas, Distrito Federal, Venezuela#VE#VE25#31959#10.5#-66.9167#-938457#3662;4#Caracas, Distrito Federal, Venezuela#VE#VE25#31959#10.5#-66.9167#-938457#6005;1#United States#US#US##39.828175#-98.5795#US#1873;1#United States#US#US##39.828175#-98.5795#US#2132","Venezuelan President Nicol,82;Corina Machado,717;Edmundo Gonz,734;Maria Corina Machado,875;President Nicolas Maduro,948;Ariana Cubillos,1095;Nelson Perez,1185;United States,1972;United States,2245;Latin America,2306;National Electoral Council,2552;Carter Center,3052;Luis Carlos Moreno,4466;Free Press,5024;Winnipeg Jets,5056;Mike McIntyre,5100;Ken Wiebe,5114;European Union,5390;Supreme Court,5553;Dominican Republic,5780",85,gkg_raw_archive_exact_name_deterministic_supplement,2026-08-03T22:38:28Z,Codex manual review,false,"URL subject is unrelated to the target club or the club appears only in incidental, standings, publisher-page, or related-content context",2026-08-03,URL subject and GKG AllNames context do not establish the club as a substantive article subject,20250111060000-4,20250111060000
6ee3104c-48cb-5374-81bd-68f9922071c0,WPG-current,WPG,Q472741,Winnipeg Jets,2025-01-11,https://www.winnipegfreepress.com/canada/2025/01/10/rebel-news-loses-bid-to-quash-fines-for-violating-election-law-on-third-party-ads,winnipegfreepress.com,"1#Canadian#CA#CA##60#-96#CA#677;1#Canadian#CA#CA##60#-96#CA#1872;4#Winnipeg, Manitoba, Canada#CA#CA03#12577#49.8833#-97.1667#-576096#1350;4#Winnipeg, Manitoba, Canada#CA#CA03#12577#49.8833#-97.1667#-576096#1405;4#Winnipeg, Manitoba, Canada#CA#CA03#12577#49.8833#-97.1667#-576096#1442;4#Ottawa, Ontario, Canada#CA#CA08#12755#45.4167#-75.7#-570760#6","Federal Court,30;Rebel News Network,73;Rebel News,315;Justin Trudeau,549;Ezra Levant,607;Law Society,634;Liberal Prime Minister Justin Trudeau,829;Free Press,1418;Winnipeg Jets,1450;Mike McIntyre,1494;Ken Wiebe,1508;Federal Court,1715;Rebel New,1735;Federal Court,1850;Canadian Press,1896",86,gkg_raw_archive_exact_name_deterministic_supplement,2026-08-03T22:38:28Z,Codex manual review,false,"URL subject is unrelated to the target club or the club appears only in incidental, standings, publisher-page, or related-content context",2026-08-03,URL subject and GKG AllNames context do not establish the club as a substantive article subject,20250111060000-587,20250111060000
d2b89526-e6c2-5c25-9b04-20ee98a5869f,WPG-current,WPG,Q472741,Winnipeg Jets,2024-11-08,https://www.allaboutthejersey.com/2024/11/8/24291150/devils-in-the-details-11-8-24-dismissed-edition,allaboutthejersey.com,,"Jack Hughes,78;Kevin Dineen,217;Kevin Dineen,265;Utica Comets,315;Assistant Coach Ryan Parent,361;Interim Head Coach,383;New Jersey Devils,438;Winnipeg Jets,574;Gino Hard,722;Sidney Crosby,792",87,gkg_raw_archive_exact_name_deterministic_supplement,2026-08-03T22:38:28Z,Codex manual review,true,,2026-08-03,URL subject and GKG AllNames context establish a substantive article-context reference to the registered NHL club,20241108150000-841,20241108150000
